month,strategy,method,lookback_months,min_periods,shrink_to_equal,min_factor_weight,max_factor_weight,weight_roe,weight_pe,weight_momentum,weight_trend
2006-06-30,improved_3_dynamic_ic_weights_stop_take_top10,equal_until_min_history,60,24,0.5,0.1,0.45,0.25,0.25,0.25,0.25
2006-07-31,improved_3_dynamic_ic_weights_stop_take_top10,equal_until_min_history,60,24,0.5,0.1,0.45,0.25,0.25,0.25,0.25
2006-08-31,improved_3_dynamic_ic_weights_stop_take_top10,equal_until_min_history,60,24,0.5,0.1,0.45,0.25,0.25,0.25,0.25
2006-09-30,improved_3_dynamic_ic_weights_stop_take_top10,equal_until_min_history,60,24,0.5,0.1,0.45,0.25,0.25,0.25,0.25
2006-10-31,improved_3_dynamic_ic_weights_stop_take_top10,equal_until_min_history,60,24,0.5,0.1,0.45,0.25,0.25,0.25,0.25
2006-11-30,improved_3_dynamic_ic_weights_stop_take_top10,equal_until_min_history,60,24,0.5,0.1,0.45,0.25,0.25,0.25,0.25
2006-12-31,improved_3_dynamic_ic_weights_stop_take_top10,equal_until_min_history,60,24,0.5,0.1,0.45,0.25,0.25,0.25,0.25
2007-01-31,improved_3_dynamic_ic_weights_stop_take_top10,equal_until_min_history,60,24,0.5,0.1,0.45,0.25,0.25,0.25,0.25
2007-02-28,improved_3_dynamic_ic_weights_stop_take_top10,equal_until_min_history,60,24,0.5,0.1,0.45,0.25,0.25,0.25,0.25
2007-03-31,improved_3_dynamic_ic_weights_stop_take_top10,equal_until_min_history,60,24,0.5,0.1,0.45,0.25,0.25,0.25,0.25
2007-04-30,improved_3_dynamic_ic_weights_stop_take_top10,equal_until_min_history,60,24,0.5,0.1,0.45,0.25,0.25,0.25,0.25
2007-05-31,improved_3_dynamic_ic_weights_stop_take_top10,equal_until_min_history,60,24,0.5,0.1,0.45,0.25,0.25,0.25,0.25
2007-06-30,improved_3_dynamic_ic_weights_stop_take_top10,equal_until_min_history,60,24,0.5,0.1,0.45,0.25,0.25,0.25,0.25
2007-07-31,improved_3_dynamic_ic_weights_stop_take_top10,equal_until_min_history,60,24,0.5,0.1,0.45,0.25,0.25,0.25,0.25
2007-08-31,improved_3_dynamic_ic_weights_stop_take_top10,equal_until_min_history,60,24,0.5,0.1,0.45,0.25,0.25,0.25,0.25
2007-09-30,improved_3_dynamic_ic_weights_stop_take_top10,equal_until_min_history,60,24,0.5,0.1,0.45,0.25,0.25,0.25,0.25
2007-10-31,improved_3_dynamic_ic_weights_stop_take_top10,equal_until_min_history,60,24,0.5,0.1,0.45,0.25,0.25,0.25,0.25
2007-11-30,improved_3_dynamic_ic_weights_stop_take_top10,equal_until_min_history,60,24,0.5,0.1,0.45,0.25,0.25,0.25,0.25
2007-12-31,improved_3_dynamic_ic_weights_stop_take_top10,equal_until_min_history,60,24,0.5,0.1,0.45,0.25,0.25,0.25,0.25
2008-01-31,improved_3_dynamic_ic_weights_stop_take_top10,equal_until_min_history,60,24,0.5,0.1,0.45,0.25,0.25,0.25,0.25
2008-02-29,improved_3_dynamic_ic_weights_stop_take_top10,equal_until_min_history,60,24,0.5,0.1,0.45,0.25,0.25,0.25,0.25
2008-03-31,improved_3_dynamic_ic_weights_stop_take_top10,equal_until_min_history,60,24,0.5,0.1,0.45,0.25,0.25,0.25,0.25
2008-04-30,improved_3_dynamic_ic_weights_stop_take_top10,equal_until_min_history,60,24,0.5,0.1,0.45,0.25,0.25,0.25,0.25
2008-05-31,improved_3_dynamic_ic_weights_stop_take_top10,equal_until_min_history,60,24,0.5,0.1,0.45,0.25,0.25,0.25,0.25
2008-06-30,improved_3_dynamic_ic_weights_stop_take_top10,rolling_rank_ic_ir,60,24,0.5,0.1,0.45,0.34186274283786866,0.20328647709875436,0.32985078006337704,0.125
2008-07-31,improved_3_dynamic_ic_weights_stop_take_top10,rolling_rank_ic_ir,60,24,0.5,0.1,0.45,0.33693462458073,0.2292155645216825,0.30884981089758745,0.125
2008-08-31,improved_3_dynamic_ic_weights_stop_take_top10,rolling_rank_ic_ir,60,24,0.5,0.1,0.45,0.371450598762447,0.29225531612321676,0.21129408511433617,0.125
2008-09-30,improved_3_dynamic_ic_weights_stop_take_top10,rolling_rank_ic_ir,60,24,0.5,0.1,0.45,0.3480826308620114,0.3139472947848524,0.21297007435313614,0.125
2008-10-31,improved_3_dynamic_ic_weights_stop_take_top10,rolling_rank_ic_ir,60,24,0.5,0.1,0.45,0.34038514551404786,0.2838336193034059,0.25078123518254625,0.125
2008-11-30,improved_3_dynamic_ic_weights_stop_take_top10,rolling_rank_ic_ir,60,24,0.5,0.1,0.45,0.3357985726589196,0.2602313019410205,0.27897012540005983,0.125
2008-12-31,improved_3_dynamic_ic_weights_stop_take_top10,rolling_rank_ic_ir,60,24,0.5,0.1,0.45,0.3515780524998834,0.3156557614022701,0.20776618609784658,0.125
2009-01-31,improved_3_dynamic_ic_weights_stop_take_top10,rolling_rank_ic_ir,60,24,0.5,0.1,0.45,0.3599939298061426,0.3176081393922562,0.19739793080160123,0.125
2009-02-28,improved_3_dynamic_ic_weights_stop_take_top10,rolling_rank_ic_ir,60,24,0.5,0.1,0.45,0.3720848613765999,0.2792678518847402,0.22364728673865986,0.125
2009-03-31,improved_3_dynamic_ic_weights_stop_take_top10,rolling_rank_ic_ir,60,24,0.5,0.1,0.45,0.390632374644347,0.3158444053415531,0.16852322001409983,0.125
2009-04-30,improved_3_dynamic_ic_weights_stop_take_top10,rolling_rank_ic_ir,60,24,0.5,0.1,0.45,0.36064538957172476,0.38935461042827524,0.125,0.125
2009-05-31,improved_3_dynamic_ic_weights_stop_take_top10,rolling_rank_ic_ir,60,24,0.5,0.1,0.45,0.33458081468141565,0.41541918531858435,0.125,0.125
2009-06-30,improved_3_dynamic_ic_weights_stop_take_top10,rolling_rank_ic_ir,60,24,0.5,0.1,0.45,0.345006177019138,0.404993822980862,0.125,0.125
2009-07-31,improved_3_dynamic_ic_weights_stop_take_top10,rolling_rank_ic_ir,60,24,0.5,0.1,0.45,0.29912533532280905,0.45,0.12543733233859547,0.12543733233859547
2009-08-31,improved_3_dynamic_ic_weights_stop_take_top10,rolling_rank_ic_ir,60,24,0.5,0.1,0.45,0.2446767315868023,0.45,0.15266163420659887,0.15266163420659887
2009-09-30,improved_3_dynamic_ic_weights_stop_take_top10,rolling_rank_ic_ir,60,24,0.5,0.1,0.45,0.23956665719722597,0.45,0.155216671401387,0.155216671401387
2009-10-31,improved_3_dynamic_ic_weights_stop_take_top10,rolling_rank_ic_ir,60,24,0.5,0.1,0.45,0.27424539089994515,0.45,0.13787730455002745,0.13787730455002745
2009-11-30,improved_3_dynamic_ic_weights_stop_take_top10,rolling_rank_ic_ir,60,24,0.5,0.1,0.45,0.2778671328091181,0.45,0.13606643359544093,0.13606643359544093
2009-12-31,improved_3_dynamic_ic_weights_stop_take_top10,rolling_rank_ic_ir,60,24,0.5,0.1,0.45,0.26507069554488355,0.45,0.14246465222755825,0.14246465222755825
2010-01-31,improved_3_dynamic_ic_weights_stop_take_top10,rolling_rank_ic_ir,60,24,0.5,0.1,0.45,0.27039948683048987,0.4499999999999999,0.13980025658475506,0.13980025658475506
2010-02-28,improved_3_dynamic_ic_weights_stop_take_top10,rolling_rank_ic_ir,60,24,0.5,0.1,0.45,0.2647883020630505,0.45,0.14260584896847478,0.14260584896847478
2010-03-31,improved_3_dynamic_ic_weights_stop_take_top10,rolling_rank_ic_ir,60,24,0.5,0.1,0.45,0.24755985687559282,0.45,0.15122007156220363,0.15122007156220363
2010-04-30,improved_3_dynamic_ic_weights_stop_take_top10,rolling_rank_ic_ir,60,24,0.5,0.1,0.45,0.22129891730723153,0.45,0.16435054134638424,0.16435054134638424
2010-05-31,improved_3_dynamic_ic_weights_stop_take_top10,rolling_rank_ic_ir,60,24,0.5,0.1,0.45,0.2690028805274077,0.45,0.14049855973629619,0.14049855973629619
2010-06-30,improved_3_dynamic_ic_weights_stop_take_top10,rolling_rank_ic_ir,60,24,0.5,0.1,0.45,0.293920493794289,0.45,0.12803975310285554,0.12803975310285554
2010-07-31,improved_3_dynamic_ic_weights_stop_take_top10,rolling_rank_ic_ir,60,24,0.5,0.1,0.45,0.2756671575380912,0.45,0.13716642123095443,0.13716642123095443
2010-08-31,improved_3_dynamic_ic_weights_stop_take_top10,rolling_rank_ic_ir,60,24,0.5,0.1,0.45,0.29222747979914687,0.45,0.1288862601004266,0.1288862601004266
2010-09-30,improved_3_dynamic_ic_weights_stop_take_top10,rolling_rank_ic_ir,60,24,0.5,0.1,0.45,0.30674934276119104,0.44325065723880896,0.125,0.125
2010-10-31,improved_3_dynamic_ic_weights_stop_take_top10,rolling_rank_ic_ir,60,24,0.5,0.1,0.45,0.3312633988662443,0.41873660113375577,0.125,0.125
2010-11-30,improved_3_dynamic_ic_weights_stop_take_top10,rolling_rank_ic_ir,60,24,0.5,0.1,0.45,0.36596345135950414,0.3840365486404959,0.125,0.125
2010-12-31,improved_3_dynamic_ic_weights_stop_take_top10,rolling_rank_ic_ir,60,24,0.5,0.1,0.45,0.30246843956398617,0.4475315604360139,0.125,0.125
2011-01-31,improved_3_dynamic_ic_weights_stop_take_top10,rolling_rank_ic_ir,60,24,0.5,0.1,0.45,0.28967024046824064,0.45,0.1301648797658797,0.1301648797658797
2011-02-28,improved_3_dynamic_ic_weights_stop_take_top10,rolling_rank_ic_ir,60,24,0.5,0.1,0.45,0.2923925093136939,0.4499999999999999,0.12880374534315303,0.12880374534315303
2011-03-31,improved_3_dynamic_ic_weights_stop_take_top10,rolling_rank_ic_ir,60,24,0.5,0.1,0.45,0.3181845023576655,0.43181549764233457,0.125,0.125
2011-04-30,improved_3_dynamic_ic_weights_stop_take_top10,rolling_rank_ic_ir,60,24,0.5,0.1,0.45,0.32865516783354276,0.4213448321664572,0.125,0.125
2011-05-31,improved_3_dynamic_ic_weights_stop_take_top10,rolling_rank_ic_ir,60,24,0.5,0.1,0.45,0.3383416557926705,0.41165834420732944,0.125,0.125
2011-06-30,improved_3_dynamic_ic_weights_stop_take_top10,rolling_rank_ic_ir,60,24,0.5,0.1,0.45,0.37442930509198413,0.37557069490801587,0.125,0.125
2011-07-31,improved_3_dynamic_ic_weights_stop_take_top10,rolling_rank_ic_ir,60,24,0.5,0.1,0.45,0.4047643640819239,0.3452356359180761,0.125,0.125
2011-08-31,improved_3_dynamic_ic_weights_stop_take_top10,rolling_rank_ic_ir,60,24,0.5,0.1,0.45,0.42926458564787656,0.32073541435212344,0.125,0.125
2011-09-30,improved_3_dynamic_ic_weights_stop_take_top10,rolling_rank_ic_ir,60,24,0.5,0.1,0.45,0.4390147194857353,0.31098528051426466,0.125,0.125
2011-10-31,improved_3_dynamic_ic_weights_stop_take_top10,rolling_rank_ic_ir,60,24,0.5,0.1,0.45,0.40012004349962105,0.34987995650037895,0.125,0.125
2011-11-30,improved_3_dynamic_ic_weights_stop_take_top10,rolling_rank_ic_ir,60,24,0.5,0.1,0.45,0.4343087869165595,0.3156912130834405,0.125,0.125
2011-12-31,improved_3_dynamic_ic_weights_stop_take_top10,rolling_rank_ic_ir,60,24,0.5,0.1,0.45,0.45,0.2944284513692815,0.1277857743153593,0.1277857743153593
2012-01-31,improved_3_dynamic_ic_weights_stop_take_top10,rolling_rank_ic_ir,60,24,0.5,0.1,0.45,0.4173308821950238,0.33266911780497627,0.125,0.125
2012-02-29,improved_3_dynamic_ic_weights_stop_take_top10,rolling_rank_ic_ir,60,24,0.5,0.1,0.45,0.42981324603807386,0.3201867539619261,0.125,0.125
2012-03-31,improved_3_dynamic_ic_weights_stop_take_top10,rolling_rank_ic_ir,60,24,0.5,0.1,0.45,0.45,0.27136153779189237,0.13931923110405384,0.13931923110405384
2012-04-30,improved_3_dynamic_ic_weights_stop_take_top10,rolling_rank_ic_ir,60,24,0.5,0.1,0.45,0.45,0.20350052664268498,0.17324973667865753,0.17324973667865753
2012-05-31,improved_3_dynamic_ic_weights_stop_take_top10,rolling_rank_ic_ir,60,24,0.5,0.1,0.45,0.45,0.18333333333333335,0.18333333333333335,0.18333333333333335
2012-06-30,improved_3_dynamic_ic_weights_stop_take_top10,rolling_rank_ic_ir,60,24,0.5,0.1,0.45,0.45,0.18333333333333335,0.18333333333333335,0.18333333333333335
2012-07-31,improved_3_dynamic_ic_weights_stop_take_top10,rolling_rank_ic_ir,60,24,0.5,0.1,0.45,0.45,0.24307581389627528,0.15346209305186242,0.15346209305186242
2012-08-31,improved_3_dynamic_ic_weights_stop_take_top10,rolling_rank_ic_ir,60,24,0.5,0.1,0.45,0.4499999999999999,0.2944420807336975,0.12777895963315125,0.12777895963315125
2012-09-30,improved_3_dynamic_ic_weights_stop_take_top10,rolling_rank_ic_ir,60,24,0.5,0.1,0.45,0.37639307974300534,0.3736069202569947,0.125,0.125
2012-10-31,improved_3_dynamic_ic_weights_stop_take_top10,rolling_rank_ic_ir,60,24,0.5,0.1,0.45,0.32072969618593494,0.429270303814065,0.125,0.125
2012-11-30,improved_3_dynamic_ic_weights_stop_take_top10,rolling_rank_ic_ir,60,24,0.5,0.1,0.45,0.349124549536471,0.400875450463529,0.125,0.125
2012-12-31,improved_3_dynamic_ic_weights_stop_take_top10,rolling_rank_ic_ir,60,24,0.5,0.1,0.45,0.2608313831298806,0.45,0.1445843084350597,0.1445843084350597
2013-01-31,improved_3_dynamic_ic_weights_stop_take_top10,rolling_rank_ic_ir,60,24,0.5,0.1,0.45,0.25732090101903876,0.4499999999999999,0.14633954949048059,0.14633954949048059
2013-02-28,improved_3_dynamic_ic_weights_stop_take_top10,rolling_rank_ic_ir,60,24,0.5,0.1,0.45,0.22278681005586615,0.45,0.16360659497206698,0.16360659497206698
2013-03-31,improved_3_dynamic_ic_weights_stop_take_top10,rolling_rank_ic_ir,60,24,0.5,0.1,0.45,0.18333333333333335,0.45,0.18333333333333335,0.18333333333333335
2013-04-30,improved_3_dynamic_ic_weights_stop_take_top10,rolling_rank_ic_ir,60,24,0.5,0.1,0.45,0.18333333333333335,0.45,0.18333333333333335,0.18333333333333335
2013-05-31,improved_3_dynamic_ic_weights_stop_take_top10,rolling_rank_ic_ir,60,24,0.5,0.1,0.45,0.18333333333333335,0.45,0.18333333333333335,0.18333333333333335
2013-06-30,improved_3_dynamic_ic_weights_stop_take_top10,rolling_rank_ic_ir,60,24,0.5,0.1,0.45,0.18333333333333335,0.45,0.18333333333333335,0.18333333333333335
2013-07-31,improved_3_dynamic_ic_weights_stop_take_top10,rolling_rank_ic_ir,60,24,0.5,0.1,0.45,0.18333333333333335,0.45,0.18333333333333335,0.18333333333333335
2013-08-31,improved_3_dynamic_ic_weights_stop_take_top10,rolling_rank_ic_ir,60,24,0.5,0.1,0.45,0.18333333333333335,0.45,0.18333333333333335,0.18333333333333335
2013-09-30,improved_3_dynamic_ic_weights_stop_take_top10,rolling_rank_ic_ir,60,24,0.5,0.1,0.45,0.18333333333333335,0.45,0.18333333333333335,0.18333333333333335
2013-10-31,improved_3_dynamic_ic_weights_stop_take_top10,rolling_rank_ic_ir,60,24,0.5,0.1,0.45,0.18333333333333335,0.45,0.18333333333333335,0.18333333333333335
2013-11-30,improved_3_dynamic_ic_weights_stop_take_top10,rolling_rank_ic_ir,60,24,0.5,0.1,0.45,0.18333333333333335,0.45,0.18333333333333335,0.18333333333333335
2013-12-31,improved_3_dynamic_ic_weights_stop_take_top10,rolling_rank_ic_ir,60,24,0.5,0.1,0.45,0.18333333333333335,0.45,0.18333333333333335,0.18333333333333335
2014-01-31,improved_3_dynamic_ic_weights_stop_take_top10,rolling_rank_ic_ir,60,24,0.5,0.1,0.45,0.18333333333333335,0.45,0.18333333333333335,0.18333333333333335
2014-02-28,improved_3_dynamic_ic_weights_stop_take_top10,rolling_rank_ic_ir,60,24,0.5,0.1,0.45,0.18333333333333335,0.45,0.18333333333333335,0.18333333333333335
2014-03-31,improved_3_dynamic_ic_weights_stop_take_top10,rolling_rank_ic_ir,60,24,0.5,0.1,0.45,0.18333333333333335,0.45,0.18333333333333335,0.18333333333333335
2014-04-30,improved_3_dynamic_ic_weights_stop_take_top10,rolling_rank_ic_ir,60,24,0.5,0.1,0.45,0.16573519048634502,0.4499999999999999,0.21852961902730994,0.16573519048634502
2014-05-31,improved_3_dynamic_ic_weights_stop_take_top10,rolling_rank_ic_ir,60,24,0.5,0.1,0.45,0.12500000000000003,0.4406411221177854,0.30935887788221467,0.12500000000000003
2014-06-30,improved_3_dynamic_ic_weights_stop_take_top10,rolling_rank_ic_ir,60,24,0.5,0.1,0.45,0.125,0.4430710230227844,0.3069289769772156,0.125
2014-07-31,improved_3_dynamic_ic_weights_stop_take_top10,rolling_rank_ic_ir,60,24,0.5,0.1,0.45,0.125,0.41132316693171284,0.33867683306828716,0.125
2014-08-31,improved_3_dynamic_ic_weights_stop_take_top10,rolling_rank_ic_ir,60,24,0.5,0.1,0.45,0.125,0.3836486847023568,0.36635131529764314,0.125
2014-09-30,improved_3_dynamic_ic_weights_stop_take_top10,rolling_rank_ic_ir,60,24,0.5,0.1,0.45,0.12777055425157718,0.37146473256556567,0.3757647131828571,0.125
2014-10-31,improved_3_dynamic_ic_weights_stop_take_top10,rolling_rank_ic_ir,60,24,0.5,0.1,0.45,0.125,0.373563399967215,0.37643660003278506,0.125
2014-11-30,improved_3_dynamic_ic_weights_stop_take_top10,rolling_rank_ic_ir,60,24,0.5,0.1,0.45,0.125,0.36206956836998594,0.38793043163001406,0.125
2014-12-31,improved_3_dynamic_ic_weights_stop_take_top10,rolling_rank_ic_ir,60,24,0.5,0.1,0.45,0.125,0.37691088389415245,0.3730891161058476,0.125
2015-01-31,improved_3_dynamic_ic_weights_stop_take_top10,rolling_rank_ic_ir,60,24,0.5,0.1,0.45,0.14061963558165172,0.26876072883669655,0.4499999999999999,0.14061963558165172
2015-02-28,improved_3_dynamic_ic_weights_stop_take_top10,rolling_rank_ic_ir,60,24,0.5,0.1,0.45,0.14995029451726535,0.3581230104435437,0.36692669503919095,0.125
2015-03-31,improved_3_dynamic_ic_weights_stop_take_top10,rolling_rank_ic_ir,60,24,0.5,0.1,0.45,0.17602176989979113,0.33571997456298586,0.363258255537223,0.125
2015-04-30,improved_3_dynamic_ic_weights_stop_take_top10,rolling_rank_ic_ir,60,24,0.5,0.1,0.45,0.20593871575617706,0.45,0.21248680077858417,0.13157448346523878
2015-05-31,improved_3_dynamic_ic_weights_stop_take_top10,rolling_rank_ic_ir,60,24,0.5,0.1,0.45,0.13018869183224402,0.45,0.29297544441914725,0.12683586374860875
2015-06-30,improved_3_dynamic_ic_weights_stop_take_top10,rolling_rank_ic_ir,60,24,0.5,0.1,0.45,0.125,0.39862603983409467,0.35137396016590533,0.125
2015-07-31,improved_3_dynamic_ic_weights_stop_take_top10,rolling_rank_ic_ir,60,24,0.5,0.1,0.45,0.12658837496933686,0.3903236291024865,0.35808799592817664,0.125
2015-08-31,improved_3_dynamic_ic_weights_stop_take_top10,rolling_rank_ic_ir,60,24,0.5,0.1,0.45,0.125,0.3778016224124136,0.37219837758758645,0.125
2015-09-30,improved_3_dynamic_ic_weights_stop_take_top10,rolling_rank_ic_ir,60,24,0.5,0.1,0.45,0.125,0.3329729195765561,0.4170270804234439,0.125
2015-10-31,improved_3_dynamic_ic_weights_stop_take_top10,rolling_rank_ic_ir,60,24,0.5,0.1,0.45,0.125,0.3753085205118651,0.37469147948813486,0.125
2015-11-30,improved_3_dynamic_ic_weights_stop_take_top10,rolling_rank_ic_ir,60,24,0.5,0.1,0.45,0.125,0.3978102450474404,0.3521897549525596,0.125
2015-12-31,improved_3_dynamic_ic_weights_stop_take_top10,rolling_rank_ic_ir,60,24,0.5,0.1,0.45,0.125,0.33783785177415887,0.4121621482258412,0.125
2016-01-31,improved_3_dynamic_ic_weights_stop_take_top10,rolling_rank_ic_ir,60,24,0.5,0.1,0.45,0.14427789179940587,0.27840717796053127,0.45,0.12731493024006285
2016-02-29,improved_3_dynamic_ic_weights_stop_take_top10,rolling_rank_ic_ir,60,24,0.5,0.1,0.45,0.1973945541262621,0.31342960646478585,0.3641758394089521,0.125
2016-03-31,improved_3_dynamic_ic_weights_stop_take_top10,rolling_rank_ic_ir,60,24,0.5,0.1,0.45,0.12500000000000003,0.394656240499795,0.3553437595002051,0.12500000000000003
2016-04-30,improved_3_dynamic_ic_weights_stop_take_top10,rolling_rank_ic_ir,60,24,0.5,0.1,0.45,0.12544440689883776,0.45,0.29911118620232446,0.12544440689883776
2016-05-31,improved_3_dynamic_ic_weights_stop_take_top10,rolling_rank_ic_ir,60,24,0.5,0.1,0.45,0.125,0.38994834962011093,0.36005165037988907,0.125
2016-06-30,improved_3_dynamic_ic_weights_stop_take_top10,rolling_rank_ic_ir,60,24,0.5,0.1,0.45,0.125,0.3047199961550454,0.44528000384495453,0.125
2016-07-31,improved_3_dynamic_ic_weights_stop_take_top10,rolling_rank_ic_ir,60,24,0.5,0.1,0.45,0.125,0.3764405396298077,0.3735594603701923,0.125
2016-08-31,improved_3_dynamic_ic_weights_stop_take_top10,rolling_rank_ic_ir,60,24,0.5,0.1,0.45,0.1392423681540219,0.45,0.2715152636919562,0.1392423681540219
2016-09-30,improved_3_dynamic_ic_weights_stop_take_top10,rolling_rank_ic_ir,60,24,0.5,0.1,0.45,0.1429625813607425,0.45,0.26407483727851505,0.1429625813607425
2016-10-31,improved_3_dynamic_ic_weights_stop_take_top10,rolling_rank_ic_ir,60,24,0.5,0.1,0.45,0.1343922338817589,0.45,0.2812155322364823,0.1343922338817589
2016-11-30,improved_3_dynamic_ic_weights_stop_take_top10,rolling_rank_ic_ir,60,24,0.5,0.1,0.45,0.16500018050868556,0.45,0.21999963898262892,0.16500018050868556
2016-12-31,improved_3_dynamic_ic_weights_stop_take_top10,rolling_rank_ic_ir,60,24,0.5,0.1,0.45,0.18162218525637844,0.45,0.18675562948724317,0.18162218525637844
2017-01-31,improved_3_dynamic_ic_weights_stop_take_top10,rolling_rank_ic_ir,60,24,0.5,0.1,0.45,0.15106260149793554,0.45,0.24787479700412898,0.15106260149793554
2017-02-28,improved_3_dynamic_ic_weights_stop_take_top10,rolling_rank_ic_ir,60,24,0.5,0.1,0.45,0.15415653737210927,0.45,0.24168692525578148,0.15415653737210927
2017-03-31,improved_3_dynamic_ic_weights_stop_take_top10,rolling_rank_ic_ir,60,24,0.5,0.1,0.45,0.15810761748939578,0.45,0.23378476502120848,0.15810761748939578
2017-04-30,improved_3_dynamic_ic_weights_stop_take_top10,rolling_rank_ic_ir,60,24,0.5,0.1,0.45,0.17550500553537404,0.45,0.19898998892925193,0.17550500553537404
2017-05-31,improved_3_dynamic_ic_weights_stop_take_top10,rolling_rank_ic_ir,60,24,0.5,0.1,0.45,0.18333333333333335,0.45,0.18333333333333335,0.18333333333333335
2017-06-30,improved_3_dynamic_ic_weights_stop_take_top10,rolling_rank_ic_ir,60,24,0.5,0.1,0.45,0.18333333333333335,0.45,0.18333333333333335,0.18333333333333335
2017-07-31,improved_3_dynamic_ic_weights_stop_take_top10,rolling_rank_ic_ir,60,24,0.5,0.1,0.45,0.18333333333333335,0.45,0.18333333333333335,0.18333333333333335
2017-08-31,improved_3_dynamic_ic_weights_stop_take_top10,rolling_rank_ic_ir,60,24,0.5,0.1,0.45,0.15852688757887662,0.45,0.23294622484224678,0.15852688757887662
2017-09-30,improved_3_dynamic_ic_weights_stop_take_top10,rolling_rank_ic_ir,60,24,0.5,0.1,0.45,0.164090498606715,0.4499999999999999,0.22181900278656996,0.164090498606715
2017-10-31,improved_3_dynamic_ic_weights_stop_take_top10,rolling_rank_ic_ir,60,24,0.5,0.1,0.45,0.14136841260710453,0.45,0.26726317478579104,0.14136841260710453
2017-11-30,improved_3_dynamic_ic_weights_stop_take_top10,rolling_rank_ic_ir,60,24,0.5,0.1,0.45,0.147662028512674,0.45,0.254675942974652,0.147662028512674
2017-12-31,improved_3_dynamic_ic_weights_stop_take_top10,rolling_rank_ic_ir,60,24,0.5,0.1,0.45,0.16034477004051506,0.4499999999999999,0.2293104599189698,0.16034477004051506
2018-01-31,improved_3_dynamic_ic_weights_stop_take_top10,rolling_rank_ic_ir,60,24,0.5,0.1,0.45,0.18685290852544015,0.45,0.22913653315985064,0.13401055831470923
2018-02-28,improved_3_dynamic_ic_weights_stop_take_top10,rolling_rank_ic_ir,60,24,0.5,0.1,0.45,0.21875699373524704,0.4094527623140798,0.24679024395067323,0.125
2018-03-31,improved_3_dynamic_ic_weights_stop_take_top10,rolling_rank_ic_ir,60,24,0.5,0.1,0.45,0.20050983000799594,0.4398946688015177,0.23459550119048636,0.125
2018-04-30,improved_3_dynamic_ic_weights_stop_take_top10,rolling_rank_ic_ir,60,24,0.5,0.1,0.45,0.16412566186853275,0.45,0.25472654150136764,0.13114779663009965
2018-05-31,improved_3_dynamic_ic_weights_stop_take_top10,rolling_rank_ic_ir,60,24,0.5,0.1,0.45,0.20839802026950452,0.3082666045265524,0.3583353752039431,0.125
2018-06-30,improved_3_dynamic_ic_weights_stop_take_top10,rolling_rank_ic_ir,60,24,0.5,0.1,0.45,0.2298886223066319,0.2669701577457071,0.37814121994766103,0.125
2018-07-31,improved_3_dynamic_ic_weights_stop_take_top10,rolling_rank_ic_ir,60,24,0.5,0.1,0.45,0.34765339755769,0.30431081131834237,0.22303579112396765,0.125
2018-08-31,improved_3_dynamic_ic_weights_stop_take_top10,rolling_rank_ic_ir,60,24,0.5,0.1,0.45,0.33980512764401605,0.18094710579255355,0.3542477665634304,0.125
2018-09-30,improved_3_dynamic_ic_weights_stop_take_top10,rolling_rank_ic_ir,60,24,0.5,0.1,0.45,0.41185787950097275,0.18361079974497374,0.2795313207540535,0.125
2018-10-31,improved_3_dynamic_ic_weights_stop_take_top10,rolling_rank_ic_ir,60,24,0.5,0.1,0.45,0.45,0.2996923729521151,0.12515381352394248,0.12515381352394248
2018-11-30,improved_3_dynamic_ic_weights_stop_take_top10,rolling_rank_ic_ir,60,24,0.5,0.1,0.45,0.45,0.18333333333333335,0.18333333333333335,0.18333333333333335
2018-12-31,improved_3_dynamic_ic_weights_stop_take_top10,rolling_rank_ic_ir,60,24,0.5,0.1,0.45,0.45,0.18333333333333335,0.18333333333333335,0.18333333333333335
2019-01-31,improved_3_dynamic_ic_weights_stop_take_top10,rolling_rank_ic_ir,60,24,0.5,0.1,0.45,0.45,0.18333333333333335,0.18333333333333335,0.18333333333333335
2019-02-28,improved_3_dynamic_ic_weights_stop_take_top10,rolling_rank_ic_ir,60,24,0.5,0.1,0.45,0.45,0.2032394596801732,0.17338027015991345,0.17338027015991345
2019-03-31,improved_3_dynamic_ic_weights_stop_take_top10,rolling_rank_ic_ir,60,24,0.5,0.1,0.45,0.45,0.18333333333333335,0.18333333333333335,0.18333333333333335
2019-04-30,improved_3_dynamic_ic_weights_stop_take_top10,rolling_rank_ic_ir,60,24,0.5,0.1,0.45,0.45,0.18333333333333335,0.18333333333333335,0.18333333333333335
2019-05-31,improved_3_dynamic_ic_weights_stop_take_top10,rolling_rank_ic_ir,60,24,0.5,0.1,0.45,0.45,0.13961119420765453,0.27077761158469094,0.13961119420765453
2019-06-30,improved_3_dynamic_ic_weights_stop_take_top10,rolling_rank_ic_ir,60,24,0.5,0.1,0.45,0.45,0.18333333333333335,0.18333333333333335,0.18333333333333335
2019-07-31,improved_3_dynamic_ic_weights_stop_take_top10,rolling_rank_ic_ir,60,24,0.5,0.1,0.45,0.45,0.18333333333333335,0.18333333333333335,0.18333333333333335
2019-08-31,improved_3_dynamic_ic_weights_stop_take_top10,rolling_rank_ic_ir,60,24,0.5,0.1,0.45,0.45,0.14736176866803918,0.2552764626639217,0.14736176866803918
2019-09-30,improved_3_dynamic_ic_weights_stop_take_top10,rolling_rank_ic_ir,60,24,0.5,0.1,0.45,0.45,0.18333333333333335,0.18333333333333335,0.18333333333333335
2019-10-31,improved_3_dynamic_ic_weights_stop_take_top10,rolling_rank_ic_ir,60,24,0.5,0.1,0.45,0.45,0.18333333333333335,0.18333333333333335,0.18333333333333335
2019-11-30,improved_3_dynamic_ic_weights_stop_take_top10,rolling_rank_ic_ir,60,24,0.5,0.1,0.45,0.45,0.18333333333333335,0.18333333333333335,0.18333333333333335
2019-12-31,improved_3_dynamic_ic_weights_stop_take_top10,rolling_rank_ic_ir,60,24,0.5,0.1,0.45,0.45,0.18333333333333335,0.18333333333333335,0.18333333333333335
2020-01-31,improved_3_dynamic_ic_weights_stop_take_top10,rolling_rank_ic_ir,60,24,0.5,0.1,0.45,0.45,0.18333333333333335,0.18333333333333335,0.18333333333333335
2020-02-29,improved_3_dynamic_ic_weights_stop_take_top10,rolling_rank_ic_ir,60,24,0.5,0.1,0.45,0.45,0.18333333333333335,0.18333333333333335,0.18333333333333335
2020-03-31,improved_3_dynamic_ic_weights_stop_take_top10,rolling_rank_ic_ir,60,24,0.5,0.1,0.45,0.45,0.18333333333333335,0.18333333333333335,0.18333333333333335
2020-04-30,improved_3_dynamic_ic_weights_stop_take_top10,rolling_rank_ic_ir,60,24,0.5,0.1,0.45,0.45,0.18333333333333335,0.18333333333333335,0.18333333333333335
2020-05-31,improved_3_dynamic_ic_weights_stop_take_top10,rolling_rank_ic_ir,60,24,0.5,0.1,0.45,0.24674519922338065,0.1516274003883097,0.1516274003883097,0.45
2020-06-30,improved_3_dynamic_ic_weights_stop_take_top10,rolling_rank_ic_ir,60,24,0.5,0.1,0.45,0.45,0.18333333333333335,0.18333333333333335,0.18333333333333335
2020-07-31,improved_3_dynamic_ic_weights_stop_take_top10,rolling_rank_ic_ir,60,24,0.5,0.1,0.45,0.45,0.18333333333333335,0.18333333333333335,0.18333333333333335
2020-08-31,improved_3_dynamic_ic_weights_stop_take_top10,rolling_rank_ic_ir,60,24,0.5,0.1,0.45,0.45,0.18333333333333335,0.18333333333333335,0.18333333333333335
2020-09-30,improved_3_dynamic_ic_weights_stop_take_top10,rolling_rank_ic_ir,60,24,0.5,0.1,0.45,0.45,0.18333333333333335,0.18333333333333335,0.18333333333333335
2020-10-31,improved_3_dynamic_ic_weights_stop_take_top10,rolling_rank_ic_ir,60,24,0.5,0.1,0.45,0.45,0.18333333333333335,0.18333333333333335,0.18333333333333335
2020-11-30,improved_3_dynamic_ic_weights_stop_take_top10,rolling_rank_ic_ir,60,24,0.5,0.1,0.45,0.384226756475735,0.125,0.125,0.365773243524265
2020-12-31,improved_3_dynamic_ic_weights_stop_take_top10,rolling_rank_ic_ir,60,24,0.5,0.1,0.45,0.45,0.18333333333333335,0.18333333333333335,0.18333333333333335
2021-01-31,improved_3_dynamic_ic_weights_stop_take_top10,rolling_rank_ic_ir,60,24,0.5,0.1,0.45,0.45,0.13177556035172305,0.13177556035172305,0.28644887929655394
2021-02-28,improved_3_dynamic_ic_weights_stop_take_top10,rolling_rank_ic_ir,60,24,0.5,0.1,0.45,0.27867514685934724,0.1356624265703264,0.1356624265703264,0.45
2021-03-31,improved_3_dynamic_ic_weights_stop_take_top10,rolling_rank_ic_ir,60,24,0.5,0.1,0.45,0.37987091352838975,0.125,0.125,0.37012908647161025
2021-04-30,improved_3_dynamic_ic_weights_stop_take_top10,rolling_rank_ic_ir,60,24,0.5,0.1,0.45,0.39955615732540656,0.125,0.125,0.3504438426745935
2021-05-31,improved_3_dynamic_ic_weights_stop_take_top10,rolling_rank_ic_ir,60,24,0.5,0.1,0.45,0.45,0.17426529063620308,0.17426529063620308,0.20146941872759394
2021-06-30,improved_3_dynamic_ic_weights_stop_take_top10,rolling_rank_ic_ir,60,24,0.5,0.1,0.45,0.4499999999999999,0.15100849594286128,0.15100849594286128,0.2479830081142774
2021-07-31,improved_3_dynamic_ic_weights_stop_take_top10,rolling_rank_ic_ir,60,24,0.5,0.1,0.45,0.45,0.18333333333333335,0.18333333333333335,0.18333333333333335
2021-08-31,improved_3_dynamic_ic_weights_stop_take_top10,rolling_rank_ic_ir,60,24,0.5,0.1,0.45,0.45,0.18333333333333335,0.18333333333333335,0.18333333333333335
2021-09-30,improved_3_dynamic_ic_weights_stop_take_top10,rolling_rank_ic_ir,60,24,0.5,0.1,0.45,0.45,0.18333333333333335,0.18333333333333335,0.18333333333333335
2021-10-31,improved_3_dynamic_ic_weights_stop_take_top10,rolling_rank_ic_ir,60,24,0.5,0.1,0.45,0.45,0.18333333333333335,0.18333333333333335,0.18333333333333335
2021-11-30,improved_3_dynamic_ic_weights_stop_take_top10,rolling_rank_ic_ir,60,24,0.5,0.1,0.45,0.45,0.18333333333333335,0.18333333333333335,0.18333333333333335
2021-12-31,improved_3_dynamic_ic_weights_stop_take_top10,rolling_rank_ic_ir,60,24,0.5,0.1,0.45,0.45,0.18333333333333335,0.18333333333333335,0.18333333333333335
2022-01-31,improved_3_dynamic_ic_weights_stop_take_top10,rolling_rank_ic_ir,60,24,0.5,0.1,0.45,0.45,0.18333333333333335,0.18333333333333335,0.18333333333333335
2022-02-28,improved_3_dynamic_ic_weights_stop_take_top10,rolling_rank_ic_ir,60,24,0.5,0.1,0.45,0.45,0.18333333333333335,0.18333333333333335,0.18333333333333335
2022-03-31,improved_3_dynamic_ic_weights_stop_take_top10,rolling_rank_ic_ir,60,24,0.5,0.1,0.45,0.45,0.18333333333333335,0.18333333333333335,0.18333333333333335
2022-04-30,improved_3_dynamic_ic_weights_stop_take_top10,rolling_rank_ic_ir,60,24,0.5,0.1,0.45,0.45,0.18333333333333335,0.18333333333333335,0.18333333333333335
2022-05-31,improved_3_dynamic_ic_weights_stop_take_top10,rolling_rank_ic_ir,60,24,0.5,0.1,0.45,0.45,0.2295238763094705,0.16023806184526476,0.16023806184526476
2022-06-30,improved_3_dynamic_ic_weights_stop_take_top10,rolling_rank_ic_ir,60,24,0.5,0.1,0.45,0.45,0.1428473948095322,0.1428473948095322,0.26430521038093563
2022-07-31,improved_3_dynamic_ic_weights_stop_take_top10,rolling_rank_ic_ir,60,24,0.5,0.1,0.45,0.4150775321712561,0.125,0.125,0.33492246782874385
2022-08-31,improved_3_dynamic_ic_weights_stop_take_top10,rolling_rank_ic_ir,60,24,0.5,0.1,0.45,0.3574888103451326,0.125,0.125,0.39251118965486737
2022-09-30,improved_3_dynamic_ic_weights_stop_take_top10,rolling_rank_ic_ir,60,24,0.5,0.1,0.45,0.3724097582322551,0.125,0.125,0.3775902417677449
2022-10-31,improved_3_dynamic_ic_weights_stop_take_top10,rolling_rank_ic_ir,60,24,0.5,0.1,0.45,0.45,0.12900626194862008,0.12900626194862008,0.29198747610275994
2022-11-30,improved_3_dynamic_ic_weights_stop_take_top10,rolling_rank_ic_ir,60,24,0.5,0.1,0.45,0.45,0.12633649490252166,0.12633649490252166,0.2973270101949568
2022-12-31,improved_3_dynamic_ic_weights_stop_take_top10,rolling_rank_ic_ir,60,24,0.5,0.1,0.45,0.45,0.14844336210626657,0.14844336210626657,0.25311327578746684
2023-01-31,improved_3_dynamic_ic_weights_stop_take_top10,rolling_rank_ic_ir,60,24,0.5,0.1,0.45,0.45,0.2071200691679332,0.17143996541603343,0.17143996541603343
2023-02-28,improved_3_dynamic_ic_weights_stop_take_top10,rolling_rank_ic_ir,60,24,0.5,0.1,0.45,0.4499999999999999,0.25606487478462353,0.1469675626076882,0.1469675626076882
2023-03-31,improved_3_dynamic_ic_weights_stop_take_top10,rolling_rank_ic_ir,60,24,0.5,0.1,0.45,0.45,0.1873746838562704,0.18131265807186484,0.18131265807186484
2023-04-30,improved_3_dynamic_ic_weights_stop_take_top10,rolling_rank_ic_ir,60,24,0.5,0.1,0.45,0.45,0.19187358413479008,0.179063207932605,0.179063207932605
2023-05-31,improved_3_dynamic_ic_weights_stop_take_top10,rolling_rank_ic_ir,60,24,0.5,0.1,0.45,0.45,0.20258677315036613,0.17370661342481694,0.17370661342481694
2023-06-30,improved_3_dynamic_ic_weights_stop_take_top10,rolling_rank_ic_ir,60,24,0.5,0.1,0.45,0.45,0.24846375453210748,0.1476990165198023,0.15383722894809027
2023-07-31,improved_3_dynamic_ic_weights_stop_take_top10,rolling_rank_ic_ir,60,24,0.5,0.1,0.45,0.45,0.2702236184187041,0.1346719199581329,0.145104461623163
2023-08-31,improved_3_dynamic_ic_weights_stop_take_top10,rolling_rank_ic_ir,60,24,0.5,0.1,0.45,0.45,0.2803055895488301,0.13480955478302634,0.1348848556681435
2023-09-30,improved_3_dynamic_ic_weights_stop_take_top10,rolling_rank_ic_ir,60,24,0.5,0.1,0.45,0.4138087781722818,0.29877779593925624,0.125,0.162413425888462
2023-10-31,improved_3_dynamic_ic_weights_stop_take_top10,rolling_rank_ic_ir,60,24,0.5,0.1,0.45,0.4020291183277065,0.2539432086993659,0.125,0.21902767297292763
2023-11-30,improved_3_dynamic_ic_weights_stop_take_top10,rolling_rank_ic_ir,60,24,0.5,0.1,0.45,0.42949828078833835,0.25870778883062334,0.12500000000000003,0.18679393038103836
2023-12-31,improved_3_dynamic_ic_weights_stop_take_top10,rolling_rank_ic_ir,60,24,0.5,0.1,0.45,0.4229054802100983,0.2976057850382996,0.125,0.15448873475160219
2024-01-31,improved_3_dynamic_ic_weights_stop_take_top10,rolling_rank_ic_ir,60,24,0.5,0.1,0.45,0.4499999999999999,0.2868527668469686,0.1315736165765157,0.1315736165765157
2024-02-29,improved_3_dynamic_ic_weights_stop_take_top10,rolling_rank_ic_ir,60,24,0.5,0.1,0.45,0.45,0.2756777432481016,0.13438362158885658,0.1399386351630418
2024-03-31,improved_3_dynamic_ic_weights_stop_take_top10,rolling_rank_ic_ir,60,24,0.5,0.1,0.45,0.4046372630761079,0.3453627369238921,0.125,0.125
2024-04-30,improved_3_dynamic_ic_weights_stop_take_top10,rolling_rank_ic_ir,60,24,0.5,0.1,0.45,0.3885842478556639,0.361415752144336,0.125,0.125
2024-05-31,improved_3_dynamic_ic_weights_stop_take_top10,rolling_rank_ic_ir,60,24,0.5,0.1,0.45,0.37093796108114496,0.37906203891885515,0.125,0.125
2024-06-30,improved_3_dynamic_ic_weights_stop_take_top10,rolling_rank_ic_ir,60,24,0.5,0.1,0.45,0.4063889559530775,0.34361104404692244,0.125,0.125
2024-07-31,improved_3_dynamic_ic_weights_stop_take_top10,rolling_rank_ic_ir,60,24,0.5,0.1,0.45,0.36070706463894764,0.38929293536105236,0.125,0.125
2024-08-31,improved_3_dynamic_ic_weights_stop_take_top10,rolling_rank_ic_ir,60,24,0.5,0.1,0.45,0.33632273521844697,0.4075021940113352,0.125,0.1311750707702178
2024-09-30,improved_3_dynamic_ic_weights_stop_take_top10,rolling_rank_ic_ir,60,24,0.5,0.1,0.45,0.38058330187244654,0.33652306722889985,0.125,0.15789363089865366
2024-10-31,improved_3_dynamic_ic_weights_stop_take_top10,rolling_rank_ic_ir,60,24,0.5,0.1,0.45,0.322410501547672,0.31701977360605055,0.18522825972825938,0.17534146511801815
2024-11-30,improved_3_dynamic_ic_weights_stop_take_top10,rolling_rank_ic_ir,60,24,0.5,0.1,0.45,0.2917977341641945,0.29294700295302106,0.26319915900071744,0.15205610388206697
2024-12-31,improved_3_dynamic_ic_weights_stop_take_top10,rolling_rank_ic_ir,60,24,0.5,0.1,0.45,0.3106289109732017,0.2706489169334324,0.2880759740047312,0.1306461980886347
2025-01-31,improved_3_dynamic_ic_weights_stop_take_top10,rolling_rank_ic_ir,60,24,0.5,0.1,0.45,0.2933758125105119,0.2854137944053121,0.2567777065247484,0.1644326865594276
2025-02-28,improved_3_dynamic_ic_weights_stop_take_top10,rolling_rank_ic_ir,60,24,0.5,0.1,0.45,0.2486562776999297,0.35121911630680347,0.21618657621312204,0.18393802978014476
2025-03-31,improved_3_dynamic_ic_weights_stop_take_top10,rolling_rank_ic_ir,60,24,0.5,0.1,0.45,0.18269171713587654,0.45,0.19112315235905525,0.17618513050506823
2025-04-30,improved_3_dynamic_ic_weights_stop_take_top10,rolling_rank_ic_ir,60,24,0.5,0.1,0.45,0.18332762496026173,0.41434184281944225,0.2295512703280709,0.17277926189222517
2025-05-31,improved_3_dynamic_ic_weights_stop_take_top10,rolling_rank_ic_ir,60,24,0.5,0.1,0.45,0.16578148119836558,0.4424011048105487,0.21126096610270176,0.18055644788838404
2025-06-30,improved_3_dynamic_ic_weights_stop_take_top10,rolling_rank_ic_ir,60,24,0.5,0.1,0.45,0.145073544951838,0.41827509870411583,0.1912783742850187,0.2453729820590274
2025-07-31,improved_3_dynamic_ic_weights_stop_take_top10,rolling_rank_ic_ir,60,24,0.5,0.1,0.45,0.1345786002608064,0.45,0.15383592709898183,0.2615854726402118
2025-08-31,improved_3_dynamic_ic_weights_stop_take_top10,rolling_rank_ic_ir,60,24,0.5,0.1,0.45,0.12938930495306877,0.45,0.12938930495306877,0.29122139009386255
2025-09-30,improved_3_dynamic_ic_weights_stop_take_top10,rolling_rank_ic_ir,60,24,0.5,0.1,0.45,0.12500000000000003,0.4463708434102315,0.15016010735130117,0.27846904923846744
2025-10-31,improved_3_dynamic_ic_weights_stop_take_top10,rolling_rank_ic_ir,60,24,0.5,0.1,0.45,0.12500000000000003,0.4423479278963992,0.17624313989114582,0.25640893221245503
2025-11-30,improved_3_dynamic_ic_weights_stop_take_top10,rolling_rank_ic_ir,60,24,0.5,0.1,0.45,0.12500000000000003,0.447148814299014,0.2298324315326049,0.19801875416838122
2025-12-31,improved_3_dynamic_ic_weights_stop_take_top10,rolling_rank_ic_ir,60,24,0.5,0.1,0.45,0.13336382702429245,0.43325929331673263,0.2235680782870048,0.2098088013719701
2026-01-31,improved_3_dynamic_ic_weights_stop_take_top10,rolling_rank_ic_ir,60,24,0.5,0.1,0.45,0.14300030412011086,0.42885878485727297,0.2390685558006692,0.18907235522194693
2026-02-28,improved_3_dynamic_ic_weights_stop_take_top10,rolling_rank_ic_ir,60,24,0.5,0.1,0.45,0.18739311979258866,0.39404465017803475,0.27379172875390967,0.14477050127546698
2026-03-31,improved_3_dynamic_ic_weights_stop_take_top10,rolling_rank_ic_ir,60,24,0.5,0.1,0.45,0.1483222939180952,0.3804812162402059,0.3391645144753459,0.132031975366353
2026-04-30,improved_3_dynamic_ic_weights_stop_take_top10,rolling_rank_ic_ir,60,24,0.5,0.1,0.45,0.14558694390566645,0.3664921740113186,0.362920882083015,0.125
2026-05-31,improved_3_dynamic_ic_weights_stop_take_top10,rolling_rank_ic_ir,60,24,0.5,0.1,0.45,0.16006628721572164,0.3338793702049938,0.3697012100086017,0.13635313257068277
