month,ma_dev_3,ma_dev_5,ma_dev_10,ma_dev_20,ma_dev_50,ma_dev_100,ma_dev_200,ma_dev_400,ma_dev_600,ma_dev_800,ma_dev_1000
2006-06-30,-0.005650004737889014,-0.011363533707918094,-0.015794334484201422,-0.016069478019174133,,,,,,,
2006-07-31,-0.003020921271028154,-0.004325365670214021,-0.012838982333720383,-0.012866018020540215,,,,,,,
2006-08-31,0.0005139083408101097,-0.0013437078716170836,-0.0030809034413133984,-0.011526091498154645,-0.024741717757120196,,,,,,
2006-09-30,0.0009407292735339468,-0.0007800218636400125,-0.006561339956208667,-0.01355463895066955,-0.029588776969397546,,,,,,
2006-10-31,-0.0001475302038267401,0.002149611927055206,-0.0013882692580955425,-0.008343213959074003,-0.03120059170360534,-0.05758925961217154,,,,,
2006-11-30,-0.0035841153721892782,-0.004770732617968565,-0.001870600745461748,-0.007820777846464733,-0.022404498324510635,-0.05264638340674166,,,,,
2006-12-31,0.0035182608562931428,0.0008502834306791662,0.0022195313526092164,-0.001325559782261676,-0.014535748104308244,-0.042599483040894226,,,,,
2007-01-31,-0.0062669279225769925,-0.007987532233322159,-0.007001609735206027,-0.00978905050745782,-0.015578481932958854,-0.0377295120327833,,,,,
2007-02-28,0.008238472329805457,0.018296612249774746,0.026980046021278348,0.02676039979976874,0.017533057131619012,0.0005041524402999986,,,,,
2007-03-31,-0.0004598062576435247,0.0031572503895080928,0.0025914017432602243,-0.008959353281467686,0.00304563396689872,-0.003125984079466071,-0.0436270887055793,,,,
2007-04-30,0.005302310069316585,0.00467765052713065,0.0001895652639358758,-0.01263482952919548,-0.03180177171878951,-0.0347095480531886,-0.06933133694155136,,,,
2007-05-31,-0.0028093244252251903,-0.006650902846746742,-0.006337301244557003,-0.011420539014816322,-0.033721756854841134,-0.051623325732151115,-0.0808015678325561,,,,
2007-06-30,0.0011862342264099546,-0.001426144394480966,0.004980218738375841,0.006683088866555442,0.003905824581381445,-0.022604033813481084,-0.049062911500625694,,,,
2007-07-31,0.0051124409879279575,0.015465158453935368,0.03587923639600543,0.04500778085306201,0.04328102367707887,0.02287622051856908,-0.004117051006360617,,,,
2007-08-31,-0.006010885698181534,-0.010232079269057226,-0.009955961634878774,-0.013388144159227067,0.00949912073995307,0.015174938546207217,-0.010513498385000486,,,,
2007-09-30,0.0007204953502810696,-0.001999018800147412,-0.005177660177357879,-0.020167015054445736,-0.032231992999836256,-0.018319568124948837,-0.03877419298870666,,,,
2007-10-31,-0.005757143649135266,-0.009789717897650041,-0.015504918211283636,-0.006735281351907929,-0.024669998970259788,-0.02915185722363589,-0.04395245436269113,,,,
2007-11-30,-0.005297729863413703,-0.020304645840412583,-0.024770801893171934,-0.013508185066813838,0.01661529786255378,0.00813271258356707,0.0018976162605690572,,,,
2007-12-31,0.004095280730989748,0.010274054654639375,0.002185437373039001,0.007398399092844343,0.008322899905684578,0.013485599774873736,0.015185080313464105,,,,
2008-01-31,-0.009427777702018414,-0.016179338819996114,-0.02500166916347546,-0.002325671592573242,0.03767403796412716,0.06802904911165975,0.07693685125105798,0.03536030553926728,,,
2008-02-29,0.021653919110838915,0.026794847695811974,0.021009610458068817,0.018218817247358965,0.04193171317224187,0.08253616317972323,0.10527727069192383,0.07622573154989554,,,
2008-03-31,-0.0011138635715238765,0.006698445986814905,0.0012059000560931121,-0.004352429288828508,0.011221781102551454,0.05608093371841116,0.09669055945249871,0.08398138471502792,,,
2008-04-30,0.003880418036289468,0.004562675269209171,0.00025911056297323043,-0.010796459935301095,-0.027471736897102805,-0.006163992820564457,0.03491652359980013,0.03712011463028042,,,
2008-05-31,-0.002775445269386778,-0.007303733910813404,-0.0001856708641357896,0.0018077194274399577,-0.015194736919640128,-0.026791946556777524,0.017717401622554085,0.02792372030715362,,,
2008-06-30,0.00039844512939457566,0.01215469360351551,0.026975793838500906,0.04611719608306886,0.07402250099182117,0.060790159225463825,0.10380828189849867,0.12274408245086676,,,
2008-07-31,0.003340211334392329,-0.00472313806366309,-0.0027158424318439733,-0.009186277862959558,0.03462686820176142,0.056678579481365565,0.09077225908864595,0.1272309568415788,,,
2008-08-31,0.004334213250561936,-0.0016572361273632374,-0.0027306552143255836,-0.0002334487873805191,-0.007104261579875315,0.03510421742700487,0.0589763613714529,0.10785318323641113,,,
2008-09-30,-0.003723809512845344,0.00845368008463998,0.019787215270699487,0.040840749397607734,0.07320382035414386,0.10878443667338189,0.14239057068677674,0.20833164064507326,,,
2008-10-31,-0.018346648185483816,-0.04157728074596767,-0.0436676033266129,-0.024110965851814492,0.14654183341733873,0.2347595356602823,0.31994869739163323,0.42867148358744966,0.4206636043556786,,
2008-11-30,-0.017632915908358027,-0.04196419012917196,-0.05880901220621426,-0.009945984730587054,0.08434527903712308,0.2453108656526466,0.3774137111587337,0.513241949092059,0.5223866172623131,,
2008-12-31,-0.01713811327296111,-0.0247971193433435,-0.023899252158005813,-0.023451980856888377,-0.017698310030618614,0.14242092289886354,0.31146360412648333,0.46278021049341134,0.4948967986111712,,
2009-01-31,0.027231571713155045,0.023729851961589832,0.014968275583173707,0.04806448318251921,0.0492846364606645,0.14951384642535492,0.3761137729803776,0.5605961431188233,0.6173945874643361,,
2009-02-28,0.021561979284077548,0.025531557330939814,0.050580173974558384,0.09681803745771123,0.1519851574036748,0.19172899724046943,0.4699332880261613,0.7067289104732217,0.7944960050394196,,
2009-03-31,0.0032294490544459986,0.01472170701074682,0.005683880314270695,-0.043726422477081694,-0.010154280401416749,0.04502864453406907,0.26755725349674453,0.5243917337589048,0.6250631360362797,,
2009-04-30,-0.006423699457792309,-0.008867912218073148,-0.017782796073235407,-0.026127684671715,-0.0883179615498304,-0.0490004691569349,0.1059613206715273,0.3548306935417809,0.46347334487216507,,
2009-05-31,-0.013922439830207911,-0.017263969708862348,-0.01985770150984234,-0.018203442549034943,-0.062404874365752816,-0.09406914581727188,0.010298957978483347,0.2519034982957249,0.37100337988519505,,
2009-06-30,0.0027157718656913854,-0.002164646070521581,-0.007407659695611524,0.005467078746252518,-0.014628210508480954,-0.07705728980458881,-0.030975348521216084,0.2187717453344442,0.35046032959417883,,
2009-07-31,-0.004408506765284148,-0.005310469110578309,-0.015016992531988627,-0.04968605042428176,-0.06089660515269546,-0.10269907630148756,-0.11778970993775095,0.10439854119619718,0.23931390066419134,,
2009-08-31,0.006097615186400729,0.006574444747042607,-0.002385802326275499,-0.010327545931254845,-0.05612117878429401,-0.08818139608815734,-0.13803971788268743,0.049335090586333674,0.18458086455567857,0.22373508828694533,
2009-09-30,0.002973617292594488,-0.0018106150180856595,0.0034066011601692203,-0.009651070447950327,-0.0358227938730189,-0.08516021469354407,-0.14941259260388384,-0.00232582363224898,0.12888270769427845,0.1762022402827199,
2009-10-31,0.011696731769894608,0.018209057276295404,0.03438275316582451,0.0342476345554934,0.01550010791110945,-0.03426605719665787,-0.11315048339700406,0.00430568537220144,0.13566842568058224,0.1941756888581072,
2009-11-30,0.003304030649995404,0.005748289129365869,0.006301400906767229,-0.00690105099482452,-0.01932222081219548,-0.05427809130756389,-0.13855763798185727,-0.06307478796769084,0.060886334586425006,0.12426028305030612,
2009-12-31,0.006701953318440257,0.00833649063881281,0.0019899727408041468,-0.004115754317590148,-0.01858324432486891,-0.04230605122180342,-0.11725507090992471,-0.09383815655761485,0.03010436276671835,0.09852766694519555,
2010-01-31,0.01064375862330147,0.014061315133788277,0.03153921676617055,0.04589708840699758,0.037227975036895566,0.014550276152155206,-0.0566124351394538,-0.06871438943302388,0.05973526101978033,0.1349113419549961,
2010-02-28,-0.00024145347179804766,-0.0012983447579802965,-0.0039665308794822884,-0.014571884647869626,0.0037644593015326855,-0.007095394310024039,-0.0646874501960768,-0.10177108249110134,0.017810204345381386,0.09655760602198371,
2010-03-31,0.0021748152125582454,0.00018636799631233103,-0.0010800554615457703,-0.01044488548034217,-0.0425713856545078,-0.045739337833068494,-0.09365054001729223,-0.15780674884088897,-0.05083609264927136,0.029021858338610818,
2010-04-30,0.006954956800986567,0.007944831610049663,0.012663006960751622,0.009764180211748075,-0.018021343506939846,-0.041980928807932805,-0.08102115865633674,-0.17158253435423254,-0.07246226626908181,0.008590066296252363,
2010-05-31,-0.002389690550760881,-0.007150672753168941,0.004228867065936948,0.03272594369152504,0.06774709738317686,0.04565385059712934,0.014202057561661707,-0.09166829496550322,0.00026714615109102446,0.09222999097311013,0.12275104978493334
2010-06-30,0.017589822132233923,0.027829369925728153,0.05083586622540026,0.05096732119187397,0.08561403130616707,0.09876583926052174,0.07898694996053801,-0.029756152784081058,0.04757371758127138,0.14446833352953758,0.18305562726029811
2010-07-31,0.001349577313803696,0.005466613669060649,-0.005196055497668772,-0.017406475089998596,-0.01820640964453013,0.0235873474827486,0.011610496794933978,-0.082550589618682,-0.028060724496628886,0.060617839893412295,0.10345651433400915
2010-08-31,0.004717327017609074,0.003571824514597477,0.012655723035684296,0.03274903616298119,0.030760623030577472,0.057404864246169085,0.06335113256448177,-0.025482483299715364,0.011559750391776147,0.10220299861472237,0.1540579701099718
2010-09-30,0.0029296733631341,0.003235227106199501,-0.0017831765024265422,-0.014921534628841826,-0.03227528289999371,-0.04000618213635898,-0.020469071936128125,-0.08917392453076411,-0.07820318355865863,0.004250546131498334,0.057300202113446774
2010-10-31,-8.170620717518062e-05,0.0007521510293848621,-0.0016674359292316865,-0.008796890542362101,-0.04292734770716078,-0.06113585400421284,-0.05130559787588618,-0.10328001508985718,-0.11728285414843664,-0.0376927706177671,0.01615420040056681
2010-11-30,0.004534591464201876,0.0057667686271607455,0.006986520410469765,0.016148354276560806,-0.002104657335602833,-0.03728579869065107,-0.03965795626872992,-0.08562404961355874,-0.11786113418107158,-0.04198201954934455,0.014939714143197946
2010-12-31,0.0006308124357503608,0.0005009421420076876,-0.0018964168902432244,-0.010608772340384043,-0.0335181930519004,-0.07201148022336512,-0.08857885864006787,-0.1270069257847568,-0.1727965454210676,-0.10721113705470287,-0.05037697973334265
2011-01-31,0.0009434098068237251,0.0029872924891525265,0.001555074343470464,-0.0027225261831101966,-0.028131432593054506,-0.060399028274294664,-0.10094703273903172,-0.13241015476141327,-0.19072013586252845,-0.13061537575830062,-0.07377773179212588
2011-02-28,-0.00714776288425456,-0.009050487161012088,-0.001210788307399957,-0.005916108642414986,-0.027304722170052198,-0.06267934233861194,-0.11877200258521758,-0.1452200485008811,-0.21141355278005303,-0.1603463926958132,-0.1039322380618557
2011-03-31,-0.0009955929666083385,-0.004771333257037269,-0.01374381410376524,-0.01731553763079008,-0.013317063797468331,-0.04041842709999144,-0.09927684066004139,-0.13136934214169182,-0.19994632337553153,-0.1614811209494459,-0.10507793775806884
2011-04-30,-0.002708486095416518,-0.008185615699939142,-0.019703567182447812,-0.02354410330675094,-0.033554011376017656,-0.04793136379273877,-0.10536021220885772,-0.14481744429374255,-0.21052988543324924,-0.18517449236363404,-0.13220611357773426
2011-05-31,-0.008328374113276582,-0.012973519307563963,-0.011103153773571739,-0.005973060681797038,-0.010831216098762586,-0.021165667169818048,-0.07468536902132672,-0.12262606684484167,-0.18810151853163282,-0.17366057007391544,-0.12311557283120556
2011-06-30,-0.009389374535390904,-0.01967683127419484,-0.02401185061065192,-0.02725724563701515,-0.0026828034428959535,-0.003431985205592958,-0.04053505634650734,-0.09777264513157469,-0.16063090450411877,-0.15996569955649875,-0.11068554957197663
2011-07-31,0.005416782617780447,0.016375697855674165,0.022536891346391252,0.025462340306269482,0.013046995009992957,0.018842720981096628,-0.005755162445857276,-0.06956217296354428,-0.1271462281142075,-0.14303065245620827,-0.09379197052470734
2011-08-31,-0.0040419368220953045,-0.01911411018786191,-0.03962540561495986,-0.037620302435206976,0.030603735728677917,0.05690881466241815,0.05333141865613,-0.010551499266861053,-0.06301284956879794,-0.09522946288372114,-0.044353859036827425
2011-09-30,0.014324180595695513,0.021938777546926413,0.02704032855903815,0.03617751367440558,0.05753333003186123,0.10832524958211032,0.13142935502724074,0.06968530808829332,0.018494373327933022,-0.0272066909858919,0.022852834459340388
2011-10-31,0.016776997134712923,0.004393167491215211,-0.007650242514050332,-0.03246194080978004,-0.051388689274818766,-0.018417414415886846,0.016553539220772073,-0.032285824343232905,-0.07260425568539719,-0.12334804646356479,-0.08173474505879696
2011-11-30,-0.02838367843043277,-0.044851443393189916,-0.0372689987446031,-0.016150039118575044,-0.03252370217568201,-0.02570929142516143,0.015178506888236631,-0.026188861440949784,-0.05892259137848532,-0.11880980872573299,-0.08107964570279114
2011-12-31,-0.0006732180453496994,0.0020706332465529886,-0.008822336926299412,-0.011402659358496048,-0.01612036932870753,-0.0407382905050242,0.0009711559377414414,-0.02917636983791616,-0.05972782441857338,-0.12078457367942308,-0.09229040150320433
2012-01-31,0.0011479891556307464,0.0036863389910561928,0.002339957640325574,-0.009015489622010042,-0.04162116209044464,-0.061750541308495666,-0.04207887064059368,-0.06144077084245825,-0.0918306515088817,-0.14972665182453437,-0.13094491079792203
2012-02-29,0.0020526799295639275,0.000915259154937953,-0.0029128724162024167,-0.009660061794920183,-0.040384895810568255,-0.07071843142050116,-0.07867520000400441,-0.08802706283025807,-0.12005389104170894,-0.17420134686897193,-0.164656358470603
2012-03-31,-0.0019216770007578488,0.0005637627959889091,-0.002153371422509598,-0.012419127235424932,-0.032349974250718394,-0.073331182215298,-0.1003900123468282,-0.1040346786314591,-0.13857440509568264,-0.1891839210037003,-0.18923570052519523
2012-04-30,0.0017931286175008054,-0.0036683703760819197,-0.008361079628585455,-0.00821300963814997,-0.009841720153001221,-0.04345053245030717,-0.08787810372609994,-0.08760659266645532,-0.12526526350415523,-0.17278170061350828,-0.18315485899491246
2012-05-31,0.006380092283655214,0.006551047057621329,0.0032686669542825175,0.01882238239321099,0.045166971097954534,0.03598287551879631,-0.020013170026372706,-0.019369840509182668,-0.060726071882426846,-0.10517252314163772,-0.12934392330958655
2012-06-30,-0.015521928926443662,-0.02261704311792967,-0.018049300037683236,-0.02672485384872847,-0.01611340630703162,-0.0019023740424050084,-0.04594312164866965,-0.05188557700795293,-0.09059373770124046,-0.12999180048463932,-0.16201238478279278
2012-07-31,0.0030522594333788344,-0.006974412510269312,-0.010434077453214452,-0.014376967639577631,-0.03003620815249397,-0.014163608315458376,-0.04323615860999219,-0.059010671284969396,-0.09588948577957035,-0.1320843998733029,-0.17102055832399443
2012-08-31,-0.0007559568850005194,0.0004820396741980204,0.0020255056474163258,0.00058300556735702,-0.021365407057701624,-0.03222423072086478,-0.048743731830977466,-0.07226395512407113,-0.1073596203223035,-0.13914590770281943,-0.18484017625899074
2012-09-30,-0.00020132233867076188,0.0022586400625184133,0.007974728623672878,0.0006298821832186885,-0.019841214631219573,-0.047258248178757345,-0.05666623255831282,-0.09018209546220635,-0.12264633080858511,-0.15106988487471873,-0.19989821134930963
2012-10-31,0.00013922967551449617,-0.00026487638972139127,0.012570071180883602,0.017932076261095276,0.015655563878024914,-0.010203824810918305,-0.024384690123927966,-0.06681596376858878,-0.09624028551015851,-0.12590661188244023,-0.1763424465667942
2012-11-30,-0.0015252539209456017,-0.004746603993484588,-0.012692620951687772,-0.01646792394021135,0.0038270193969718314,-0.004898849245695391,-0.0221986989959011,-0.06711913366611644,-0.09093614459884125,-0.12184091947469544,-0.17074915305093452
2012-12-31,-0.007444042010332441,-0.005292387079457117,0.0012698586055983618,-0.0027376784462810333,-0.010304900615816681,-0.003615467073308065,-0.025112007705325512,-0.07071056109087903,-0.08986177449591781,-0.12182729840153694,-0.16914163786784397
2013-01-31,0.0030215752264457496,0.002736781705007907,-0.001397757281574763,-0.01122480009601945,-0.03670383671092092,-0.041261913917088,-0.06613845920930483,-0.1085632806619864,-0.12419894930002273,-0.15696344151529795,-0.20010437109192847
2013-02-28,-0.003615763769384106,-0.005590663444404287,-0.0019318020360471477,-0.0020324769171887747,-0.021546102479002016,-0.04364885758751491,-0.06814340271266095,-0.11253845503224902,-0.12602882953469396,-0.159789870651878,-0.19930164400984862
2013-03-31,-0.002498080354498944,-0.00529697691228892,-0.007765766012457265,-0.011700913526180523,-0.029011241244907393,-0.062308035968498654,-0.08545593421727782,-0.13219493778357105,-0.14861621875629794,-0.18230865349055492,-0.2174977188683701
2013-04-30,-0.004024845576035774,-0.006319565092643642,-0.015534809222961465,-0.016536651238724498,-0.02791862610549023,-0.054667685670367394,-0.08585761662094671,-0.13426321203322944,-0.15531724564175842,-0.1885219007379907,-0.22173470308183674
2013-05-31,0.008439939191157375,0.010972943977485938,0.014996269936526696,0.008629523927724758,-0.01906888692899822,-0.045705382474854894,-0.08642116092031282,-0.13652881082911605,-0.16385548445587306,-0.19668192416143937,-0.22778389200197435
2013-06-30,0.0008093031253622041,-0.005919286832399062,0.001335996119965488,0.0077772781485268005,0.0096108870167948,-0.014880550780072666,-0.05966480213845704,-0.1116901953666053,-0.14439557573020811,-0.17784668617310628,-0.20720827902810068
2013-07-31,-3.3624195903803056e-05,0.0012184655490785623,0.0021913392954127087,-0.006904420869691119,-0.02351502226727975,-0.04187033853506639,-0.08974674789094461,-0.13919883920489518,-0.17714306817770376,-0.207969009422861,-0.23540282638763177
2013-08-31,0.001467686404844848,0.003491813364291163,0.007674992468579278,0.02039598453797442,0.01691043103648049,0.003947303975618377,-0.04335123967559951,-0.09864913334464598,-0.1424703200972195,-0.17259048801177224,-0.2018514902121431
2013-09-30,0.005415627545173107,0.006471399664528921,0.012549710502699929,0.0033442095966551566,-0.0009418974221754306,-0.012949270351234055,-0.05398096863231161,-0.11457033363730829,-0.16034488488951226,-0.18734739705056702,-0.21738728512380678
2013-10-31,0.004209019084370436,0.003527372870472334,-0.00053743765625891,-0.01815274821162205,-0.0342616919358848,-0.045186181302353856,-0.07638000661034072,-0.14145757265537218,-0.18732534683440283,-0.211772728657884,-0.2423224524127744
2013-11-30,-0.00030275179661420903,-0.0006667659916085311,-0.004445124637029063,-0.012331892310491921,-0.03527682726572401,-0.05302288295240598,-0.08614973566225992,-0.15390140693735144,-0.20065313066899138,-0.2239738308577809,-0.2554355023417523
2013-12-31,-0.002569845721420161,-0.003855310130622125,-0.01243642996704808,-0.021771187176660045,-0.03216299024585312,-0.06148801279111116,-0.09147627439733741,-0.16028484047269254,-0.20883085811550595,-0.23272483541383715,-0.2647796533957567
2014-01-31,0.0006002429048086455,0.0013564631376190572,0.01375808508087073,0.022038454898614113,0.016732860703676966,-0.007439379655257983,-0.04271846932307022,-0.11451561777437569,-0.16697218941498482,-0.1952288231194228,-0.22915580401859148
2014-02-28,-0.0034866635496704212,-0.00490680063185478,-0.008534753129042727,-0.02373683203683885,-0.020711692687807925,-0.03611371757992421,-0.07117451541803654,-0.13930192201417302,-0.19026464499133233,-0.22096442475336142,-0.2538093384694182
2014-03-31,-0.006768695528054591,-0.0068918867906937464,-0.005192946581964009,-0.004233717900179901,-0.020169395266422585,-0.027785160575136247,-0.06526262160073582,-0.13215347958813184,-0.18405502689394837,-0.218060380778486,-0.2511713229686726
2014-04-30,-0.0035634160673249093,-0.0048865188937335935,-0.005933779113473925,-0.011013801439197946,-0.012288727543876221,-0.025180633224819227,-0.057808515317315345,-0.12550574996251618,-0.17726325548833155,-0.21521460850155494,-0.24825736555807376
2014-05-31,-0.003003067987867647,-0.005409698065444668,-0.013183273009036434,-0.017414729197477996,-0.02548082309269306,-0.036834296607698214,-0.0664297626236009,-0.13133466864366639,-0.18255833677341005,-0.22336892244739703,-0.2551012235144501
2014-06-30,-0.000387714591245647,-0.0013498396209189467,-0.0015533866676497032,-0.00614034421283971,-0.02486442070358552,-0.040253429960162346,-0.06833010964364383,-0.13278712644328095,-0.18659283265218618,-0.22954730958704972,-0.2597101952995491
2014-07-31,0.013584197503013096,0.018085920194101712,0.022355425176034727,0.02193173528989445,0.011497329073778095,-0.01049907470569933,-0.03815353916771502,-0.1037764561174539,-0.16250018804738575,-0.20876546625203296,-0.2384575325986913
2014-08-31,-0.00164389751716576,-0.0018648508948574394,-0.005735830744667436,-0.019975837832334142,-0.018516101439670085,-0.03614125173726124,-0.06216844486953654,-0.12347681506753116,-0.18307375261910674,-0.22869658201357124,-0.2568226224890713
2014-09-30,0.002715953869323995,0.0036282601968187222,0.008858723772977584,0.010385622330878252,0.002249953580491404,-0.007442994367766298,-0.03684467815807391,-0.09683179782756701,-0.159338670648429,-0.20763937163458568,-0.23601709215819766
2014-10-31,-0.00977016145666798,-0.01472412128189271,-0.02730459465374324,-0.04122596021525948,-0.024785037575310587,-0.026826268129683584,-0.052382992337344114,-0.10634218378614968,-0.1665756174570171,-0.21505210535519703,-0.24481607865681954
2014-11-30,0.000764184207478813,0.0002447121326158985,-0.004878242606975336,-0.011759782404106578,-0.039555152687665185,-0.04227821988809177,-0.0637380321432055,-0.11688658453467493,-0.17581008475576287,-0.22397294203402018,-0.25515107862741104
2014-12-31,0.008600120428010394,0.010293891302218583,0.005680256992141031,-0.0025287303097950575,-0.011450727085891121,-0.02811103163737272,-0.049168055118463116,-0.1021014071199563,-0.16020262542390717,-0.20909697453379206,-0.24348245013134906
2015-01-31,0.005585667743460698,0.013041690494462577,0.017253235307831183,0.01663593273628927,0.02507812845141011,0.007571271981485772,-0.010217114306969366,-0.06307618883925425,-0.1230116567637266,-0.1739236938472215,-0.21189297316923894
2015-02-28,0.002470911167537837,0.003016392514552102,0.0006652411499168398,-0.012670228486390767,-0.02300802943654956,-0.036050842386664006,-0.05247854619333192,-0.10243605345664608,-0.15915857311589254,-0.20723052398471375,-0.2460439628878408
2015-03-31,0.0018505538182633785,-0.0006866525534537926,0.007071990018508778,0.004275418629606342,0.0019507355127941217,-0.004318843854666188,-0.026904500395923292,-0.0758258664590653,-0.13269061259222714,-0.1825952483224179,-0.22448048831197165
2015-04-30,0.008085965807521411,0.010182634573166816,0.008553766110072525,0.005327941154606997,0.0022862398415219864,-0.008372922634308555,-0.028527416199176647,-0.07318595225917679,-0.12827823572379282,-0.18001488096109108,-0.22338843652298124
2015-05-31,0.004664574960532963,0.00426788219330021,0.006854506248878289,0.0021607892798187756,-0.003918256868819636,-0.01282012041656333,-0.03115315408516972,-0.07317740254167437,-0.12665119271002223,-0.1798399681025048,-0.22399099685131918
2015-06-30,0.005317161349485566,0.011398285474029324,0.018455099515425122,0.016981843320731826,0.020546798479000872,0.015756887847687917,-0.004466414350205783,-0.04466300998911432,-0.0971725116469454,-0.15278289387111932,-0.19878130392063242
2015-07-31,0.001508317329727893,-0.003543093225290561,-0.0006194030656134775,-0.0037988134142261654,-0.002128147828636795,-0.003600172977032634,-0.016907956340067698,-0.05557498834615693,-0.10477445795559148,-0.15953281216836446,-0.205837511310059
2015-08-31,0.005437286150161258,-0.01055382242953562,0.005648040408764654,0.03284561143132403,0.05049769749492139,0.059066083959995686,0.05217723319224543,0.013120897253724673,-0.036547889953715385,-0.09384540127848917,-0.14362248163990565
2015-09-30,-0.012881755686109386,-0.005279102410685743,0.00759725768245767,0.013489359640600052,0.04631196894681544,0.0706469059537973,0.07474733239213505,0.0441955700168466,-0.004029777972408999,-0.0611313898835556,-0.1118096414456815
2015-10-31,0.0033727996170196395,-5.872919278815392e-05,-0.008963393349746718,-0.022038085564512366,-0.047791101364919486,-0.020457209466319237,-0.008547103231291375,-0.0315757392017596,-0.07361794771724217,-0.12478063290391672,-0.17151120979671508
2015-11-30,0.002909747142445296,0.0031792346737182786,-0.0005460044577395573,9.93034092331424e-05,-0.023690964082137556,-0.02184315377394619,-0.007320533907795745,-0.026839103510367335,-0.0668203226152072,-0.11746311305802282,-0.16370983924043103
2015-12-31,0.008780481745174207,0.00816564496466654,0.0017417747633832192,0.003151062389318282,0.011231965731395732,-0.009456754425298364,0.008419137926545028,-0.005096622476791102,-0.04367198946294404,-0.09347829875150171,-0.14014806178420447
2016-01-31,-0.01789641908039241,-0.02102214823970594,-0.02619573529017616,-0.007924277448864814,0.03474478191942021,0.0354322723799243,0.054260588572888846,0.04736891380171415,0.011764409404391829,-0.03859860269744542,-0.08829442297013679
2016-02-29,0.006087963893052217,0.0022668260720248856,-0.0018496694764766897,-0.014393466149230982,0.004950767043523374,0.0352155901877258,0.04841086434194608,0.049887253023407796,0.01962180343779507,-0.028345392817459403,-0.07886321615220027
2016-03-31,-8.415617727086655e-05,-0.004564654761135656,-0.005701195788161084,-0.016424639624876836,-0.05129928840618281,-0.03137944123854186,-0.02118320236775184,-0.013383127960652885,-0.03857292201902918,-0.0810261809423003,-0.12922980165811382
2016-04-30,0.006513962834625353,0.008642788335769147,0.011782772653933682,0.005022487227035022,-0.015972909174322925,-0.03414876631145525,-0.024585168702669136,-0.014007479222395647,-0.03639496147256205,-0.07631302722724087,-0.12452071016514166
2016-05-31,-0.0007534349418786279,-0.0030558240804312575,-0.013426605350241982,-0.015352509870932951,-0.014257827967447567,-0.046386922412306686,-0.0409997631302067,-0.025492513366057734,-0.046839927790708225,-0.08375787691025394,-0.13024808289150425
2016-06-30,-0.01443009138959006,-0.02388252272816893,-0.014426450555436454,-0.008008683563936914,-0.010691757325957507,-0.028158717337617323,-0.036327936969600017,-0.02508554797054896,-0.042812607293618354,-0.07785085638409794,-0.12324085170626586
2016-07-31,-0.0016194421112906143,-0.0018494976898968396,-0.0020339959290429643,-0.011362770982490722,-0.03002617525243545,-0.04154296901763954,-0.060839940139722715,-0.05636959040290168,-0.07119835346609804,-0.10367189790292464,-0.14618775936289807
2016-08-31,0.002241737178751091,0.0013091232315562973,0.0034699244091263015,0.0039482868771332225,-0.009626458481473255,-0.025835213536880786,-0.05369594243771325,-0.05143050474173416,-0.0644340211525195,-0.09522314824175904,-0.13702822188992136
2016-09-30,-0.0021584087676705943,-0.004109271301713346,-0.004705596091714281,-0.005182708844288952,2.7942063006047846e-05,-0.01697188025898211,-0.04819778901220251,-0.04850021840996421,-0.05875733587997645,-0.08817480297501457,-0.1291206156712006
2016-10-31,0.001120985006198838,0.0035218763743425363,0.005851463649610533,0.007507506852335144,0.01337059564504961,0.008681604967899936,-0.0222498926362229,-0.02799361759663599,-0.03642315452001499,-0.06432198281949908,-0.10475148650029686
2016-11-30,0.0013279554837344332,0.002656865851846657,-0.0008077433572802883,-0.014171794358765255,-0.01974316719159408,-0.016815534991737935,-0.041310236826870406,-0.05849474524906151,-0.06509556190467303,-0.0894819376125181,-0.1270061679979161
2016-12-31,0.003204020945416719,0.006836565379693127,0.008927839247095504,0.004724081616985787,-0.019613589512519236,-0.026993869740491228,-0.045781135635590164,-0.0721674263880322,-0.07721831923193345,-0.09948845337934153,-0.13505145487886472
2017-01-31,0.002610885871376256,0.004840944941276515,0.0005690868427379314,-0.0016473682090433206,-0.012888636389932429,-0.03576032123409567,-0.05295210692833241,-0.08458670791189282,-0.08929848637041293,-0.10984979668161954,-0.14342520284432003
2017-02-28,0.0013835021661829927,0.000775130303056315,-0.002472837541492856,-0.015349788343070658,-0.030132887891289983,-0.05609022866261315,-0.07677044981500225,-0.1126383277940568,-0.11721422880143495,-0.13643531110826268,-0.16765772782002397
2017-03-31,0.0005290512695113048,-0.0018224576270747805,-0.0033541747156684565,0.00045520625198069986,-0.009858961338028549,-0.03302997271769392,-0.06254163824652159,-0.10462068173525918,-0.11028044324094466,-0.12958528244466327,-0.15950554289701646
2017-04-30,0.0010933183065640062,0.0001828853138075015,-0.007756047375283348,-0.01036824562091565,-0.008850668202111445,-0.02763780679753791,-0.060287207766215656,-0.10460490346655738,-0.11430267004024885,-0.1319162809068245,-0.16092274984760413
2017-05-31,0.000708997803665623,8.207530257187123e-05,-0.006679267472863071,-0.0065903390647362725,-0.01568151097919146,-0.025895870452212866,-0.06081304707800084,-0.10580757066721003,-0.11910144398072098,-0.13576852662937633,-0.16368234630898526
2017-06-30,0.001866525385238793,0.002079730316078887,0.004417361698286548,0.004339991378447872,-0.005391877143991586,-0.01653485134975441,-0.053412021534335996,-0.10208960812839685,-0.1173218424136504,-0.13343439174436522,-0.16033940117790269
2017-07-31,0.0009337491719252355,0.0017228502396982037,0.0008144609362654709,-0.0065569145717350175,-0.0133677085065953,-0.02714875025559993,-0.05925679278309137,-0.11103964082974394,-0.12918913862989567,-0.14413659055197636,-0.17010522709782006
2017-08-31,-0.005314893495687478,-0.007721112403764607,-0.010690379714176634,-0.0074028993632677675,-0.008029168269313436,-0.018852914861281378,-0.04479833765282426,-0.09947373896643164,-0.12389671527057122,-0.13865621355768998,-0.16314617343274984
2017-09-30,-0.0028605302227084906,-0.005306135620258612,-0.005638764803694518,-0.0105261122872784,-0.018281022771023503,-0.0278303196757842,-0.051713193405869884,-0.1048880464167189,-0.1353259598027604,-0.1498329354784661,-0.17264077763421715
2017-10-31,0.0004375127094360387,-0.002298027211110054,-0.002842827706736606,-0.0061151194058928215,-0.023717136420065343,-0.03621242071563435,-0.05977456908790202,-0.11298251880759536,-0.1477117105672513,-0.16189725360047358,-0.18369600697365873
2017-11-30,-0.0052941488185827,-0.010074887813975142,-0.01618575261460009,-0.020117261414277943,-0.031172339348801037,-0.04968985073338639,-0.07358446936360663,-0.12694700224667133,-0.1643607558205299,-0.1788525612619979,-0.19965766590363698
2017-12-31,0.0028600457165348647,0.0029592807375546926,0.0030957874852286515,-0.0034670650190888885,-0.0210191042786817,-0.044371946142065744,-0.07159828590844741,-0.12423396420106214,-0.16543685865121516,-0.1799570290017255,-0.20114748810325744
2018-01-31,0.0033453434853327746,0.00657550202199042,0.0032494934000648623,-0.010378373391861873,-0.041477167425507444,-0.07010696136353067,-0.10479511514719542,-0.15767891571619197,-0.19976693910120347,-0.21653747330829165,-0.2362999934032639
2018-02-28,0.01181847154920912,0.008830311461617724,0.004801675949509088,-0.0010104132406272281,0.00818913680719624,-0.01840257891255792,-0.05718142376542035,-0.11371881929295902,-0.15860871890595596,-0.17904603044005274,-0.19937378637239378
2018-03-31,-0.008093306920597843,-0.007501337708666789,0.008864081033898241,0.02391594289879162,0.03364462470384577,0.019873711796722926,-0.019593525619478247,-0.07879263518807977,-0.12685306439749866,-0.1498134418157745,-0.17058335968073968
2018-04-30,0.005129529919246201,0.001405533792600444,0.008570418625954979,0.003460065553469116,0.01450620218868659,0.02140577073729344,-0.013488883836527465,-0.07150128249772525,-0.12154447381206424,-0.14629751784069067,-0.16659122038779095
2018-05-31,0.0004103198696072674,0.0030961883028874926,0.005151791578684062,0.0006836518636854638,-0.012151036939076265,0.0018410625383433743,-0.024904431869724686,-0.07989891736921906,-0.1308789581804034,-0.15806487599345387,-0.17779279953606175
2018-06-30,-0.002550583875884027,-0.0012809440686935014,0.007322000092685466,0.013599843871862749,-0.00033068198106711577,-0.005917523138110892,-0.018168391255099947,-0.0727485521504262,-0.12390984423350337,-0.15573628609116008,-0.17561697503710105
2018-07-31,-0.0013208762774885585,0.0028242843584738164,0.0002712750630140537,-0.006852991680308507,-0.018091961838924697,-0.033688268517320985,-0.042159945226588835,-0.09467317176055456,-0.1439815855641523,-0.17872464972115698,-0.1980465046061194
2018-08-31,0.001393509003424498,0.00023090335362674352,-0.0065741488205014464,-0.013466401887615165,-0.029986355481442906,-0.047477775909818276,-0.05904912405320961,-0.1096436482309161,-0.15849018765924994,-0.19533645400368504,-0.21469540951477983
2018-09-30,-0.0009139836567088055,-6.999192839074464e-05,-0.00032394516533729156,-0.004282284468176134,-0.01571863378838989,-0.03612587387276889,-0.0538694431025275,-0.10413341191297132,-0.15313341773585742,-0.19218032004634522,-0.21201671398704158
2018-10-31,-0.012243073698674944,-0.011713517441297783,-0.001043243052961551,0.01949597142848658,0.049500617027362415,0.04028391811609788,0.019782578319980315,-0.02844326431828037,-0.08002855167663059,-0.12415278259443552,-0.146253472472621
2018-11-30,-0.00467963409936889,-0.014743275401268185,-0.023655770173796165,-0.01369315500135504,0.005388101318490435,0.019828698131271638,0.0006193200996031933,-0.038623335302259365,-0.08823739551247634,-0.13213712659619226,-0.15615668750225542
2018-12-31,-0.0052030935807594325,-0.018671261888080437,-0.011376065464374974,0.027963544810518215,0.06153782536093977,0.10377955987393128,0.0953995025154708,0.06178837079027,0.008899702196202286,-0.03913423964882168,-0.06693867223967764
2019-01-31,-0.010742963566069075,-0.013811636228766466,-0.017996407365334366,-0.033964017134714974,-0.034926331668290844,0.00311641555602149,0.01382006978335304,-0.0122993845969942,-0.05911991962075824,-0.10410380989281864,-0.13054068072806824
2019-02-28,0.0020709722723817325,0.002664750359723911,-0.0008863445682263382,-0.011551124037298077,-0.05274624513525372,-0.036245521040227824,-0.012651486317159955,-0.03557597973778959,-0.07943826601460557,-0.12401592994809152,-0.15115088997008486
2019-03-31,-0.005643727978547619,-0.007054013961770966,-0.004467935524960054,-0.010725873928546958,-0.0277981622611847,-0.050213064900373916,-0.027555939850997024,-0.04617627308607919,-0.08732703934462183,-0.1316424079511257,-0.16070465986120908
2019-04-30,-0.000990127729543544,-0.0031903047541379514,-0.007534410398703062,-0.01364627154379372,-0.03482315607668418,-0.07343759800167737,-0.05895510860160513,-0.07470851048224281,-0.1133699452129876,-0.1555345538271623,-0.18673296270880768
2019-05-31,0.008207186413444978,0.0139597130629594,0.024505994178011914,0.034902560564094465,0.04293472095388773,0.01642058443790062,0.008515597513155448,-0.003377082224803485,-0.04303798078108756,-0.08759775120297841,-0.12352241662362662
2019-06-30,-0.005078600136266265,-0.0044606023063793465,-0.004619356453560597,-0.017538490764183567,-0.02075159785314662,-0.03240363687999348,-0.055958428057581666,-0.06241585341371214,-0.09784992948640214,-0.13947986833256865,-0.17460145268883243
2019-07-31,0.00820814119949187,0.009539750366082345,0.0074500992657382525,0.006199918641086599,-0.01882923933839442,-0.027858124210125568,-0.06442248892414548,-0.06821781731532628,-0.10170785099861546,-0.14203426271474673,-0.17869075253390576
2019-08-31,-0.004601680629271021,-0.009962892453185934,-0.00886497458032931,-0.011462644680222622,0.006349389911218806,-0.005313131633349344,-0.04131972389582517,-0.04869153913728286,-0.07841105993436104,-0.11861558155109209,-0.15677028851785058
2019-09-30,-0.0015755294119190744,-0.0010803489654119813,0.0034699210439141925,0.0018194453135873534,-0.009378377782099157,-0.017631533946425693,-0.047778340317141454,-0.060298167916004286,-0.0871970868370956,-0.12637710374389588,-0.16410702421205692
2019-10-31,0.0009371331767542568,-0.0003035562407701642,-0.0062119158202086355,-0.016512622001590427,-0.022990646243330803,-0.026428371641957327,-0.04996915730993623,-0.07381931829087096,-0.09834377002147965,-0.13628859254486836,-0.17389204495860178
2019-11-30,0.0012936452404503918,-0.0016453519634829217,-0.004968833591103783,-0.011485424455289328,-0.03573985962718451,-0.04802344713214157,-0.06807596412843264,-0.09718811827394513,-0.120894439092472,-0.1572017087387666,-0.19451822240396643
2019-12-31,-2.5793564581211292e-05,9.160241890238119e-05,-0.0036573335020998465,-0.01575054549988575,-0.0342236974596235,-0.06137466424600113,-0.08138444451581328,-0.11455611460503923,-0.13766454486890045,-0.17227702798438027,-0.20940843562912426
2020-01-31,0.010956349647876173,0.010841638453102043,0.01985477299339311,0.016648625880183676,-0.0044071124674816,-0.03580028202211216,-0.06623383992860887,-0.1045756100828582,-0.12734481618480953,-0.16175386607204345,-0.19910067458992875
2020-02-29,0.021067034365426895,0.042811292274648416,0.09169425027178657,0.10849039935176141,0.10554306046410544,0.07208363549064356,0.03146472600065198,-0.01445599102019457,-0.03903810205403613,-0.07639468707246033,-0.11696592901028346
2020-03-31,-0.00013674673072816557,-0.004999659471357942,-0.04605840222071911,0.010973849572865513,0.1621775526730742,0.19575603262311625,0.17106285270809063,0.12242634970015054,0.09956752028050375,0.05978916105361165,0.014510115023113057
2020-04-30,-0.0025133607163015936,-0.00903711722544287,-0.02274249992434607,-0.046655524085921773,-0.04911985794990881,0.03604157339152736,0.03205747849855234,-0.00642112060434652,-0.022357728954438993,-0.05550866036879076,-0.09476157051122736
2020-05-31,-0.002492108607882071,-0.010784735932348077,-0.023816259104018078,-0.04096217937953217,-0.0891136143936554,-0.027304864174921617,-0.013932457082861505,-0.04790420124505457,-0.062213296439026844,-0.09190186957465951,-0.12845227793525538
2020-06-30,-0.014868505561318135,-0.013210378817254065,-0.004209606460081061,0.0025834630832486383,-0.03583904542701233,-0.05785963353353096,-0.025373301767066203,-0.058129527597436836,-0.07523202358629288,-0.10166373515330762,-0.13694958093638543
2020-07-31,-0.0038295059917615726,-0.007457427349373602,-0.007371216257810231,-0.016823783663076464,-0.040841944491132876,-0.1049926656012744,-0.0680377714444026,-0.09709800076247299,-0.11811996840742767,-0.14172972514924786,-0.17503014537140993
2020-08-31,-0.0007675566315390459,-0.0049327103416479945,-0.01740703774149477,-0.029638815478818414,-0.06671495898452084,-0.11170554715088721,-0.11862706603139928,-0.14431271242712174,-0.1684849681982693,-0.19073545913901313,-0.2217650515056213
2020-09-30,-0.0038586511686614644,-0.013076412893993417,-0.01560659689311994,-0.0016473357818540535,-0.0017085923561551697,-0.042632200369833506,-0.07521476389430937,-0.0998409396241614,-0.12735655727985773,-0.15053752217447336,-0.18242314652038272
2020-10-31,0.004201908212553285,0.017917662528718736,0.03570778801704311,0.047140955083846414,0.040568766520757915,0.011596212444067167,-0.04296348089363433,-0.06398626979616473,-0.09492961720371795,-0.11828230044283328,-0.15049398107595813
2020-11-30,0.0022770810542522835,-0.00030480923940867655,-0.004694814602692388,-0.020056550419045305,-0.046727991190085416,-0.06183751246107305,-0.12942460986763282,-0.14603247826845478,-0.17548366097270562,-0.19655331859576353,-0.22551551671556724
2020-12-31,-0.004708827544753991,-0.006750674347896335,-0.010730644790272081,-0.015388970314522687,-0.045417914998658104,-0.06977233141432582,-0.13884591010007696,-0.16417008620746254,-0.19651042868131707,-0.2169126420722759,-0.24484540031328195
2021-01-31,0.00984229363776068,0.020794034151317975,0.02499893022834221,0.02089916756318244,0.00045985786201985235,-0.04083841899383367,-0.09807272468770722,-0.14329940815170594,-0.17963235514026432,-0.20035604030216003,-0.22860610869524212
2021-02-28,0.011586198237464984,0.014066123569629996,0.021823365984496412,0.016746286306562164,-0.0007222204072010463,-0.038019260150399026,-0.09539509220414244,-0.1540073782211554,-0.19239727930463768,-0.21298631319236383,-0.2406151755840792
2021-03-31,-0.00135414848082005,-0.003919533493513261,-0.009401186274873075,-0.013943722705099026,-0.022219763746687216,-0.04864730423610164,-0.1067425465451669,-0.17395384379126666,-0.2140564764392031,-0.23664572763266079,-0.2625620645958814
2021-04-30,0.0025758776832578434,0.002119551990672486,-0.0017882325847980995,-0.008114575251114253,-0.04267516334159982,-0.06874786582702674,-0.1257554166536261,-0.20048486731224768,-0.241144992753349,-0.2658065072510497,-0.29041694879012536
2021-05-31,-0.0008998820792107676,-0.0016360014155605285,-0.007924595270834,-0.008624971356038014,-0.021140561046511297,-0.05163681558352329,-0.10942407982469726,-0.1905433877192112,-0.23225222745398377,-0.2611904183086978,-0.2859136251995785
2021-06-30,-0.0009765625,-0.002810932046247938,-0.010390227330570156,-0.012953928292248396,-0.022489860565735986,-0.05036311479693867,-0.10790402361929174,-0.1934261424190572,-0.23554952130068962,-0.267071137309005,-0.2921818006017307
2021-07-31,0.0022198542197227056,0.002844461784779817,-0.004420167234498451,-0.006679542680257833,-0.02537783958481543,-0.04840871213349962,-0.1040185193743437,-0.19709856432689166,-0.23995525278846364,-0.27341731334649855,-0.29887618141525873
2021-08-31,-0.0005306731873324644,-0.0038194434322931237,-0.01075185407228696,-0.014114010236385699,-0.029157090095718763,-0.05207526540766916,-0.10459063013464365,-0.20539230337462588,-0.24839536876262414,-0.2835340444249679,-0.3088979347146742
2021-09-30,0.007506973411373075,0.017667602752350353,0.019323084680047398,0.03112587484563889,0.031501681848303376,0.008552039358673547,-0.04015790523112972,-0.1513286773045811,-0.1983250026846245,-0.2376300671532091,-0.2649750111711364
2021-10-31,-0.004535251493049008,-0.0057389148094249,-0.011336510098053254,-0.030288370704354195,-0.03171627993669934,-0.04373357077076767,-0.0858270319677501,-0.18536215366963193,-0.23783696402255994,-0.2777220407030755,-0.3038911947304326
2021-11-30,0.00845851665708719,0.016380568993595412,0.022204073978404848,0.02256896986020629,-0.006757179562623117,-0.017719995988545456,-0.059275729599316485,-0.1566124701118845,-0.21835655867814163,-0.26149773190312287,-0.28857256247476804
2021-12-31,0.0027576022479076645,0.0035504060643754,-0.010197920590603426,-0.016457022373520647,-0.022909156996771984,-0.045502011702120315,-0.0804743348546384,-0.17175989859070717,-0.23773897258758547,-0.28161055168316973,-0.30917729584166265
2022-01-31,-0.020133373039876945,-0.0264622918677494,-0.017152696963163128,0.012903334462965876,0.025858689688387893,0.011476205377987547,-0.017468927899534692,-0.10956195312940986,-0.18332129197076452,-0.23144586013597113,-0.2628679893134034
2022-02-28,-0.0056798360406299375,-0.013358660898751262,-0.0019426470409292795,0.015093718578463422,0.04072923696132169,0.045491464505518,0.02013871776297571,-0.06730616411074597,-0.14619802837644402,-0.19669519534253221,-0.2315436171532187
2022-03-31,0.012745717237821363,0.010197299499476342,-0.00019315002349573618,-0.02941667528895442,-0.02634060623305179,0.0028599287799031536,-0.010239595593148798,-0.08655265617657593,-0.16419418613507397,-0.21293949693531555,-0.24933756989442002
2022-04-30,0.016747589346323588,0.02009034773846463,0.04197066883253564,0.06277110436975364,0.06067475180488091,0.08716677461740718,0.08732363643797769,0.013851038081972522,-0.07334908407706286,-0.1270882389027289,-0.1686103463369366
2022-05-31,-0.003889781635989409,-0.018988145901936315,-0.03060461725728003,-0.023605361823723414,0.03338802310342048,0.05306402148832223,0.07812184857614812,0.02153449740819746,-0.06651263312970501,-0.11926532304978488,-0.1620164395449506
2022-06-30,0.006130636244659371,0.016416354658096877,0.0012107450308018741,0.027329525680758193,0.06158455550484754,0.1140762994136828,0.16065969141658032,0.12060112370166998,0.024483205412614506,-0.031645512058884995,-0.07888879965554152
2022-07-31,-0.013279135162127531,-0.026014152778030653,-0.03633305134017284,-0.05291651307969869,-0.05052435241074604,-0.002010034716368847,0.05223875477400308,0.029823973522828284,-0.054395047434039556,-0.10621263263057301,-0.15052822829955048
2022-08-31,0.008998737423619785,0.022935527121523247,0.04041113775086913,0.0528692943317397,0.014790244004819986,0.026037727288440227,0.0864776251753121,0.0809127056830754,0.0029493346987925495,-0.05726910886511338,-0.10537818247027109
2022-09-30,0.01750229799750791,0.01781335494018399,0.038716559880708434,0.07225637141086838,0.1188231038967229,0.10601630659031636,0.17498105496810057,0.19177956297194054,0.11599668645781569,0.046097764048424805,-0.007661017519252078
2022-10-31,-0.0030647415271772838,-0.004641016215384597,-0.02114524109326632,-0.037073531980254315,-0.00958144546877826,0.007450847844495678,0.06130125387540564,0.10110654551840104,0.039583414724471355,-0.025659615561649196,-0.07570151012350224
2022-11-30,-0.019497054764190946,-0.016935350734146426,-0.022593282687887073,-0.03910484844811235,-0.06863817067972955,-0.039000023396178474,-0.007306174179702141,0.04205984383439798,-0.006660552545134313,-0.06931095898243023,-0.11658545861087377
2022-12-31,-0.004036983982289355,-0.0026789910999154287,-0.0014705029544862525,0.016843728762086396,0.015305018404496051,0.016428081812003503,0.04398383006311857,0.10384720001637993,0.061307002602131844,-0.004535433996125771,-0.05364972010464819
2023-01-31,-0.00530426627038183,-0.0069381546763713775,-0.016860632873139658,-0.028441241259153704,-0.03206786972667108,-0.05075501112305281,-0.03007231002444999,0.03625226287918726,0.003939926790952342,-0.05708867746524482,-0.102355607107399
2023-02-28,0.0010058582928487159,0.0037807407254355496,0.016998630035394813,0.027550745818373468,0.0022867413770266687,-0.012802738625536492,-0.007542923774303545,0.06075844909897077,0.03668232202871691,-0.026289778814485576,-0.07205006348031517
2023-03-31,-0.011354702571543362,-0.019944956354467025,-0.027869160717487573,-0.035136320476547356,-0.021530050320424543,-0.03311011925449869,-0.042283970564173545,0.018220837348071228,0.0065202581029382145,-0.05437829355549462,-0.09717301984453885
2023-04-30,-0.011801621444270882,-0.01333067497199647,-0.009624456690082495,-0.01166104253436695,-0.032601756977759355,-0.03987160875947626,-0.04910219496328361,-0.0004528148181979219,-0.00421731879471221,-0.06343598392159833,-0.10470826135556521
2023-05-31,0.0040918775512173156,-0.002001520508879806,-0.0012912176360337924,-0.007993643791590399,-0.016610787342300926,-0.028567015003693852,-0.04889962281660487,-0.006617217613604676,-0.00293221821950318,-0.0563149805520653,-0.10001038539339546
2023-06-30,-0.009546747640559294,-0.014425274001144128,-0.01524991612153892,-0.022197971161608487,-0.05041167043982586,-0.07194246113119296,-0.100728485805614,-0.07077055395332521,-0.059483258393130845,-0.10407412497045876,-0.14810773664423393
2023-07-31,-0.004233332872251583,-0.004445004836037603,-0.006542642785472563,-0.01762588328178094,-0.04553580210657571,-0.07996207514425657,-0.11115119985869615,-0.10024016539354907,-0.08332213880190398,-0.12236852135889986,-0.16714698468534905
2023-08-31,-0.00020855701940247773,-0.007947387303383846,-0.016595567354529273,-0.013598672312149063,-0.009056222437326844,-0.039573427416524476,-0.07773711725309607,-0.08618911189372958,-0.06292785584463723,-0.09787103256468377,-0.14426087439263546
2023-09-30,-0.00014689260647382518,0.0015382502653746855,0.012650778428330955,0.028228494523866443,0.038397171645490946,0.022883428988128562,-0.020659183133631576,-0.0397823848663722,-0.013099133948521136,-0.04454012871151514,-0.09370555912222445
2023-10-31,-0.008219250066345385,-0.00796458033867431,0.0034687437346472283,0.018276794868540724,0.03804559418654452,0.050168938940041485,0.011524798222170896,-0.019581823439131174,0.009749586151990064,-0.01704679356860761,-0.06680264112921541
2023-11-30,-0.002198680314341006,-0.0024501504780299888,-0.005046364165597894,-0.021153798872756258,-0.046755771923324474,-0.03259974340593663,-0.062191354082062555,-0.09939928805943954,-0.07166003339015237,-0.09135962784667728,-0.13703982226766986
2023-12-31,0.0017659622472465664,0.0006285232743403757,-0.003374133397866519,-0.017773922231735795,-0.05601991767100589,-0.06725719273116793,-0.0872283339741613,-0.13072509661556841,-0.10893118882532471,-0.12327270925234834,-0.1674407062641039
2024-01-31,0.011116540209211712,0.0105426994311002,0.004777722770231918,-0.00785762862570738,-0.02785134580780868,-0.06630443643526518,-0.08494388894436666,-0.13486955973216563,-0.12056418848211858,-0.12982030498420427,-0.17393628643240833
2024-02-29,-0.0029171725912822133,-0.0030928717109950377,-0.009428885881898386,-0.016543195989790704,-0.042626392368576016,-0.08681653756227381,-0.11255808116785782,-0.1663261387603392,-0.15978738646776958,-0.16604941971288933,-0.20729400988448876
2024-03-31,-0.0035925713462806597,-0.004299673940184823,-0.00901236131631622,-0.015944429044052022,-0.03950561239761441,-0.08009228402544799,-0.12102412166109766,-0.1819915218128878,-0.18106516357803348,-0.18449146239643877,-0.2210373945175077
2024-04-30,0.009581606604342596,0.0076819631123272725,0.0019198992969422513,0.013021665760213796,0.01806573449885507,-0.01306616162580898,-0.06753361382467893,-0.13357505563558858,-0.14215124680184055,-0.1422856943232258,-0.17726796311252102
2024-05-31,-0.0033216016520575264,0.00011942629487982082,0.0023356130543634723,-0.004337506962216242,-0.01828652873614256,-0.036292260421119216,-0.09543596935329568,-0.157209157002833,-0.17779393798369292,-0.17460078079751384,-0.20572157893811638
2024-06-30,0.0024301928729186795,0.0013192986572641008,0.0011586897078197378,-0.009563448761756965,-0.0349053528536859,-0.04883720676526637,-0.10885354039407624,-0.1721286878201438,-0.2001106213029472,-0.19654211618945538,-0.2242711579108514
2024-07-31,-0.008729432423757677,-0.011984098563441625,-0.006256955331145786,0.0036760489032836574,-0.013748367547417373,-0.03993582394534945,-0.09508805561965994,-0.16558669107940371,-0.20126157040833204,-0.1987164301655132,-0.22383210535762754
2024-08-31,-0.006648470948501295,-0.005906799345051006,-0.006680637483496343,-0.02868527046730862,-0.025706868899455837,-0.0502277089845774,-0.09214431536240353,-0.16912182042100377,-0.21251915865392035,-0.2105075280151848,-0.23315705010311705
2024-09-30,-0.0023959546361629336,-0.0038591003103912724,-0.009301381283608467,-0.024506728305980552,-0.039393417429002375,-0.050294592434779184,-0.09168578066677469,-0.17221410016676608,-0.22022995238736398,-0.22060050233617445,-0.24043344235282804
2024-10-31,0.013769842580733327,0.015999761056322725,0.01939037354804496,0.017493060620318968,-0.0012041871285012329,-0.02040413916860262,-0.06152757197793157,-0.1454988418891201,-0.20051237015639123,-0.2059786021957486,-0.2233349024995117
2024-11-30,-0.0024528543902424538,-0.005054040232424062,-0.012719670230172286,-0.016985649709081452,-0.03207687614221244,-0.05885958621417586,-0.09568460539371104,-0.17681467006180995,-0.23212823242688074,-0.24297219507695855,-0.25776487735377285
2024-12-31,0.006490265556372554,0.014584057319623867,0.0121651779599119,0.021671986184473635,0.010344225905971394,-0.015139884528579728,-0.056109324932352767,-0.13905677959164764,-0.20070691349694192,-0.21646650766779318,-0.23054256018266628
2025-01-31,0.001623500542868861,0.0009383554529320826,0.002945314467175386,-0.010100812343055376,-0.00834767587596974,-0.026400896289347497,-0.06797023604792019,-0.14804483508009247,-0.21140458071110635,-0.23160316532488667,-0.24363048539710397
2025-02-28,-0.005114905656086521,-0.0020780961352758753,0.011497852858132429,0.01415433000383115,0.007410561996179288,-0.0003225477120769593,-0.039367219234796136,-0.12337744579336007,-0.18805099772176426,-0.2149031569029004,-0.22581184131847498
2025-03-31,0.0030025632550074732,0.011251181037893243,0.011483190434165014,0.01137706995407406,0.050213263315481704,0.05631415594912026,0.026439293107872075,-0.058494728214021796,-0.12629594533598176,-0.16235825370055645,-0.17209170057188383
2025-04-30,-0.0029053400126050066,-0.006345062682834968,-0.029480024216524847,-0.03820088843608327,0.005945302393113527,0.042510808224324625,0.0317803253448905,-0.04257240999576084,-0.11075127910509341,-0.15159810103691784,-0.16118392126210002
2025-05-31,-0.0012777032441708691,-0.004116595321719596,-0.0022171378032187494,-0.015297063113413722,-0.051839009721617924,-0.024531436447300048,-0.021390229121804993,-0.08462833380729606,-0.15085050715111015,-0.19414899964822419,-0.2039913128954226
2025-06-30,-0.005146995213992089,-0.010358523287149923,-0.021860153238916324,-0.028203075952620393,-0.060745145989002935,-0.0693655204411674,-0.059923656751500576,-0.11440354451752155,-0.1801801590626645,-0.2260601009400729,-0.23590806365381467
2025-07-31,0.0028908928147020063,0.00487773655400936,0.0014501268613564822,-0.005444312828605802,-0.03402115108205139,-0.07831017330183276,-0.06949876573886105,-0.11875413413359603,-0.18451757388525403,-0.2329734844225222,-0.24544616323826618
2025-08-31,0.0032372400208444674,0.0014699244449161153,-0.0024834678849323666,-0.006619440582189218,-0.022307769285351275,-0.06867249904993056,-0.07751914650660152,-0.12201743823339395,-0.18669377016220667,-0.2373593296836911,-0.25327190949292444
2025-09-30,-0.003588756656766834,-0.006167017789356466,-0.005998379613440408,-0.014355766396266456,-0.031957248251309744,-0.06432236727701035,-0.09975949239471027,-0.1393840952372053,-0.2015713416867877,-0.25270612293825234,-0.27194620471389697
2025-10-31,0.0015852019895212788,0.0034554310062366866,-0.0055965030377486125,-0.014805374934058979,-0.02926531527126297,-0.05699580333120846,-0.10652962402730304,-0.1452211954616871,-0.2050835346958647,-0.258430982769316,-0.2806459868953146
2025-11-30,-0.005825102027508633,-0.01488546037423999,-0.0226372958427985,-0.015073295408206122,-0.018121130658897977,-0.04082222090412335,-0.09807787923178657,-0.1350686290291765,-0.19528110950246014,-0.24977797191418005,-0.27578098795061157
2025-12-31,0.00540405954033063,0.008238118905667946,0.00253364151175961,0.0015671613365988435,-0.006274341663775496,-0.023190463426018937,-0.08166660722600605,-0.1214240060546733,-0.1824075237658026,-0.23662284371276643,-0.26849747581668604
2026-01-31,0.0033136227303856014,0.0034515052388857104,-0.0019303668468938495,-0.0014278383011403495,-0.011726596324163618,-0.022531088830144652,-0.07350460586077134,-0.1221485415694864,-0.18149016924500905,-0.2358775004076029,-0.27147106490383277
2026-02-28,0.004711521939867236,0.0019564243077023757,7.25513854185067e-05,0.002498600576691601,0.0030512666644235686,-0.006834354702949574,-0.04636708395957789,-0.10521099456230176,-0.16266750170677824,-0.2191470450607207,-0.25823101628867684
2026-03-31,-0.017587943644805426,-0.010184535117811255,-0.001531882831707021,0.016302089188146685,0.04065202642641674,0.043393980692737255,0.016900931751601567,-0.046977910885149465,-0.1043973169905772,-0.16556677781883866,-0.2108677565510524
2026-04-30,-0.006624558985116935,-0.006167250020522763,-0.010012996432144816,-0.032309256970918354,-0.05471768996749671,-0.04913867277086259,-0.06733192757652173,-0.12703178097720058,-0.17704580716278528,-0.23388891977283743,-0.277760118360461
2026-05-31,-0.0033478349997784207,-0.006428976930697328,-0.014513214183775047,-0.022098574313788255,-0.06884990643175326,-0.08107634371455275,-0.09884227951329183,-0.1589958034555996,-0.20545742604514072,-0.26000526826655024,-0.30417559098794544
