month,ticker,reason,is_buy,status,exectype,size,price,value,commission
2016-06-30,CL,rebalance_entry,True,Completed,0,1797,55.6361129735,99978.0950133795,0.0
2016-06-30,CLX,rebalance_entry,True,Completed,0,1045,95.7247241708,100032.336758486,0.0
2016-06-30,KLAC,rebalance_entry,True,Completed,0,1614,61.8364984882,99804.1085599548,0.0
2016-06-30,KMB,rebalance_entry,True,Completed,0,1112,89.8052757779,99863.4666650248,0.0
2016-06-30,LII,rebalance_entry,True,Completed,0,818,121.6529719454,99512.1310513372,0.0
2016-06-30,LMT,rebalance_entry,True,Completed,0,551,180.9652888207,99711.8741402057,0.0
2016-06-30,MO,rebalance_entry,True,Completed,0,3095,32.3294020602,100059.49937631901,0.0
2016-06-30,MSI,rebalance_entry,True,Completed,0,1682,59.2074728336,99586.9693061152,0.0
2016-06-30,SPGI,rebalance_entry,True,Completed,0,980,101.2807481127,99255.133150446,0.0
2016-06-30,UPS,rebalance_entry,True,Completed,0,1418,70.4724017395,99929.865666611,0.0
2016-07-31,CHTR,rebalance_entry,True,Margin,0,0,0.0,0.0,0.0
2016-07-31,LMT,rebalance_exit,False,Completed,0,-551,190.4154937981,99711.8741402057,0.0
2016-08-31,CHTR,rebalance_entry,True,Completed,0,425,235.54,100104.5,0.0
2016-08-31,CL,rebalance_exit,False,Completed,0,-1797,59.1384092535,99978.0950133795,0.0
2016-08-31,YUM,rebalance_entry,True,Completed,0,1870,53.3267449415,99721.013040605,0.0
2016-09-30,AMAT,rebalance_entry,True,Margin,0,0,0.0,0.0,0.0
2016-09-30,CHTR,rebalance_exit,False,Completed,0,-425,267.0,100104.5,0.0
2016-09-30,MSI,rebalance_exit,False,Completed,0,-1682,66.4333565815,99586.9693061152,0.0
2016-09-30,TSN,rebalance_entry,True,Completed,0,1700,58.8167973413,99988.55548021001,0.0
2016-10-31,NVDA,rebalance_entry,True,Margin,0,0,0.0,0.0,0.0
2016-10-31,AMAT,rebalance_entry,True,Completed,0,3686,27.1561651059,100097.6245803474,0.0
2016-10-31,TSN,rebalance_exit,False,Completed,0,-1700,58.03859150190001,99988.55548021001,0.0
2016-11-30,AMAT,rebalance_exit,False,Completed,0,-3686,26.1933719759,100097.6245803474,0.0
2016-11-30,CLX,rebalance_exit,False,Completed,0,-1045,90.3116866384,100032.336758486,0.0
2016-11-30,KLAC,rebalance_exit,False,Completed,0,-1614,64.2036572978,99804.1085599548,0.0
2016-11-30,KMB,rebalance_exit,False,Completed,0,-1112,82.0717108785,99863.4666650248,0.0
2016-11-30,LII,rebalance_exit,False,Completed,0,-818,130.2691190459,99512.1310513372,0.0
2016-11-30,MO,rebalance_exit,False,Completed,0,-3095,34.221870448,100059.49937631901,0.0
2016-11-30,SPGI,rebalance_exit,False,Completed,0,-980,111.8392705924,99255.133150446,0.0
2016-11-30,UPS,rebalance_exit,False,Completed,0,-1418,74.3738075045,99929.865666611,0.0
2016-11-30,YUM,rebalance_exit,False,Completed,0,-1870,52.3458232363,99721.013040605,0.0
2016-12-31,CLX,rebalance_entry,True,Completed,0,1148,86.7622203161,99603.0289228828,0.0
2016-12-31,GEN,rebalance_entry,True,Completed,0,8325,11.9964175184,99870.17584067999,0.0
2016-12-31,KMB,rebalance_entry,True,Completed,0,1204,82.6173718029,99471.3156506916,0.0
2016-12-31,LII,rebalance_entry,True,Completed,0,752,132.7639765565,99838.510370488,0.0
2016-12-31,LMT,rebalance_entry,True,Completed,0,484,206.2950072694,99846.7835183896,0.0
2016-12-31,NVDA,rebalance_entry,True,Completed,0,44041,2.2681416346,99891.2257294186,0.0
2016-12-31,OKE,rebalance_entry,True,Completed,0,3264,31.1707485368,101741.3232241152,0.0
2016-12-31,SPGI,rebalance_entry,True,Completed,0,915,109.5770248833,100262.9777682195,0.0
2016-12-31,TPL,rebalance_entry,True,Completed,0,3346,30.4354691388,101837.0797384248,0.0
2016-12-31,UPS,rebalance_entry,True,Completed,0,1244,80.4486894584,100078.1696862496,0.0
2017-01-31,GEN,rebalance_exit,False,Completed,0,-8325,11.7895827336,99870.17584067999,0.0
2017-01-31,KMB,rebalance_exit,False,Completed,0,-1204,82.6235117002,99471.3156506916,0.0
2017-01-31,MO,rebalance_entry,True,Completed,0,2834,35.3405173707,100155.0262285638,0.0
2017-01-31,STLD,rebalance_entry,True,Completed,0,3380,29.8821646972,101001.716676536,0.0
2017-02-28,CLX,rebalance_exit,False,Completed,0,-1148,90.7570717617,99603.0289228828,0.0
2017-02-28,LII,rebalance_exit,False,Completed,0,-752,141.4806704714,99838.510370488,0.0
2017-02-28,LMT,rebalance_exit,False,Completed,0,-484,195.050611306,99846.7835183896,0.0
2017-02-28,MO,rebalance_exit,False,Completed,0,-2834,36.4987097026,100155.0262285638,0.0
2017-02-28,NVDA,rebalance_exit,False,Completed,0,-44041,2.7232475783,99891.2257294186,0.0
2017-02-28,OKE,rebalance_exit,False,Completed,0,-3264,32.8619637424,101741.3232241152,0.0
2017-02-28,SPGI,rebalance_exit,False,Completed,0,-915,110.7425426521,100262.9777682195,0.0
2017-02-28,STLD,rebalance_exit,False,Completed,0,-3380,28.4603922533,101001.716676536,0.0
2017-02-28,TPL,rebalance_exit,False,Completed,0,-3346,32.4152569613,101837.0797384248,0.0
2017-02-28,UPS,rebalance_exit,False,Completed,0,-1244,74.7290954561,100078.1696862496,0.0
2017-04-30,BA,rebalance_entry,True,Completed,0,604,165.5218915201,99975.22247814041,0.0
2017-04-30,KMB,rebalance_entry,True,Completed,0,1042,96.2645897873,100307.7025583666,0.0
2017-04-30,LII,rebalance_entry,True,Completed,0,664,151.0289040726,100283.1923042064,0.0
2017-04-30,LMT,rebalance_entry,True,Completed,0,477,209.4973335617,99930.2281089309,0.0
2017-04-30,MCD,rebalance_entry,True,Completed,0,959,104.1071508039,99838.7576209401,0.0
2017-04-30,MO,rebalance_entry,True,Completed,0,2662,37.6555158698,100238.9832454076,0.0
2017-04-30,OKE,rebalance_entry,True,Completed,0,3198,31.3279918635,100186.917979473,0.0
2017-04-30,SPGI,rebalance_entry,True,Completed,0,830,120.1208854992,99700.334964336,0.0
2017-04-30,TPL,rebalance_entry,True,Completed,0,3540,28.2666905841,100064.084667714,0.0
2017-04-30,URI,rebalance_entry,True,Completed,0,829,120.6277717589,100000.4227881281,0.0
2017-05-31,NVDA,rebalance_entry,True,Margin,0,0,0.0,0.0,0.0
2017-05-31,STX,rebalance_entry,True,Margin,0,0,0.0,0.0,0.0
2017-05-31,OKE,rebalance_exit,False,Completed,0,-3198,30.1111526742,100186.917979473,0.0
2017-05-31,URI,rebalance_exit,False,Completed,0,-829,105.87591413029999,100000.4227881281,0.0
2017-06-30,BA,rebalance_exit,False,Completed,0,-604,176.5356130226,99975.22247814041,0.0
2017-06-30,KMB,rebalance_exit,False,Completed,0,-1042,94.9887413162,100307.7025583666,0.0
2017-06-30,LII,rebalance_exit,False,Completed,0,-664,159.7400355039,100283.1923042064,0.0
2017-06-30,LMT,rebalance_exit,False,Completed,0,-477,221.5591525024,99930.2281089309,0.0
2017-06-30,MCD,rebalance_exit,False,Completed,0,-959,121.9702742463,99838.7576209401,0.0
2017-06-30,MO,rebalance_exit,False,Completed,0,-2662,39.4857001607,100238.9832454076,0.0
2017-06-30,SPGI,rebalance_exit,False,Completed,0,-830,132.2276804305,99700.334964336,0.0
2017-06-30,TPL,rebalance_exit,False,Completed,0,-3540,28.6169956424,100064.084667714,0.0
2017-07-31,APO,rebalance_entry,True,Completed,0,5239,19.2534660542,100868.9086579538,0.0
2017-07-31,BA,rebalance_entry,True,Completed,0,536,186.5770709748,100005.3100424928,0.0
2017-07-31,IT,rebalance_entry,True,Completed,0,809,124.23999999999998,100510.15999999999,0.0
2017-07-31,KMB,rebalance_entry,True,Completed,0,1054,95.1969630344,100337.5990382576,0.0
2017-07-31,LII,rebalance_entry,True,Completed,0,604,166.3205806099,100457.63068837959,0.0
2017-07-31,LMT,rebalance_entry,True,Completed,0,457,218.5727765582,99887.7588870974,0.0
2017-07-31,MU,rebalance_entry,True,Completed,0,3434,29.3414474791,100758.5306432294,0.0
2017-07-31,NVDA,rebalance_entry,True,Completed,0,28025,3.580335384,100338.8991366,0.0
2017-07-31,SPGI,rebalance_entry,True,Completed,0,741,135.1915157365,100176.91316074651,0.0
2017-07-31,WYNN,rebalance_entry,True,Completed,0,825,119.9802011313,98983.66593332251,0.0
2017-08-31,APO,rebalance_exit,False,Completed,0,-5239,20.3864473774,100868.9086579538,0.0
2017-08-31,BA,rebalance_exit,False,Completed,0,-536,229.2579771487,100005.3100424928,0.0
2017-08-31,IT,rebalance_exit,False,Completed,0,-809,129.13,100510.15999999999,0.0
2017-08-31,KMB,rebalance_exit,False,Completed,0,-1054,90.4595167604,100337.5990382576,0.0
2017-08-31,LII,rebalance_exit,False,Completed,0,-604,154.8539259467,100457.63068837959,0.0
2017-08-31,LMT,rebalance_exit,False,Completed,0,-457,231.6056678819,99887.7588870974,0.0
2017-08-31,MU,rebalance_exit,False,Completed,0,-3434,27.5179676923,100758.5306432294,0.0
2017-08-31,NVDA,rebalance_exit,False,Completed,0,-28025,4.0018054059,100338.8991366,0.0
2017-08-31,SPGI,rebalance_exit,False,Completed,0,-741,142.1902296369,100176.91316074651,0.0
2017-08-31,WYNN,rebalance_exit,False,Completed,0,-825,117.5679485935,98983.66593332251,0.0
2017-11-30,ABBV,rebalance_entry,True,Completed,0,1585,63.4366807614,100547.139006819,0.0
2017-11-30,HD,rebalance_entry,True,Completed,0,741,135.3908667696,100324.6322762736,0.0
2017-11-30,KMB,rebalance_entry,True,Completed,0,1200,82.8557129861,99426.85558332001,0.0
2017-11-30,LII,rebalance_entry,True,Completed,0,578,173.9088198971,100519.29790052379,0.0
2017-11-30,LMT,rebalance_entry,True,Completed,0,409,244.9666194499,100191.3473550091,0.0
2017-11-30,MU,rebalance_entry,True,Completed,0,2314,43.6757538248,101065.69435058719,0.0
2017-11-30,NVDA,rebalance_entry,True,Completed,0,19572,5.1719322599,101225.05819076281,0.0
2017-11-30,SPGI,rebalance_entry,True,Completed,0,690,145.4266651575,100344.398958675,0.0
2017-11-30,UPS,rebalance_entry,True,Completed,0,1199,83.6770402562,100328.77126718381,0.0
2017-11-30,WYNN,rebalance_entry,True,Completed,0,747,138.1992683173,103234.8534330231,0.0
2017-12-31,NVDA,rebalance_exit,False,Completed,0,-19572,4.9273333087,101225.05819076281,0.0
2017-12-31,NVR,rebalance_entry,True,Completed,0,28,3479.9,97437.2,0.0
2018-01-31,MU,rebalance_exit,False,Completed,0,-2314,40.5066044627,101065.69435058719,0.0
2018-01-31,TPL,rebalance_entry,True,Completed,0,2217,45.0258095264,99822.2197200288,0.0
2018-02-28,ABBV,rebalance_exit,False,Completed,0,-1585,78.9938063844,100547.139006819,0.0
2018-02-28,HD,rebalance_exit,False,Completed,0,-741,162.9872037569,100324.6322762736,0.0
2018-02-28,KMB,rebalance_exit,False,Completed,0,-1200,87.2216910166,99426.85558332001,0.0
2018-02-28,LII,rebalance_exit,False,Completed,0,-578,196.9503133523,100519.29790052379,0.0
2018-02-28,LMT,rebalance_exit,False,Completed,0,-409,282.5619058379,100191.3473550091,0.0
2018-02-28,NVR,rebalance_exit,False,Completed,0,-28,3110.05,97437.2,0.0
2018-02-28,SPGI,rebalance_exit,False,Completed,0,-690,167.4331438776,100344.398958675,0.0
2018-02-28,TPL,rebalance_exit,False,Completed,0,-2217,54.0085599842,99822.2197200288,0.0
2018-02-28,UPS,rebalance_exit,False,Completed,0,-1199,85.2052125839,100328.77126718381,0.0
2018-02-28,WYNN,rebalance_exit,False,Completed,0,-747,151.0573454386,103234.8534330231,0.0
2018-03-31,ABBV,rebalance_entry,True,Completed,0,1226,81.5767293123,100013.0701368798,0.0
2018-03-31,HD,rebalance_entry,True,Completed,0,671,149.422652185,100262.599616135,0.0
2018-03-31,KMB,rebalance_entry,True,Completed,0,1207,82.8550081544,100005.9948423608,0.0
2018-03-31,LII,rebalance_entry,True,Completed,0,539,186.2744680951,100401.9383032589,0.0
2018-03-31,MU,rebalance_entry,True,Completed,0,2101,47.5567428898,99916.7168114698,0.0
2018-03-31,NVDA,rebalance_entry,True,Completed,0,16704,5.9841933078,99959.9650134912,0.0
2018-03-31,SPGI,rebalance_entry,True,Completed,0,560,177.8639479058,99603.81082724799,0.0
2018-03-31,TPL,rebalance_entry,True,Completed,0,1837,55.1705228721,101348.2505160477,0.0
2018-03-31,UPS,rebalance_entry,True,Completed,0,1328,75.655313595,100470.25645416,0.0
2018-03-31,WYNN,rebalance_entry,True,Completed,0,654,153.5618867436,100429.4739303144,0.0
2018-04-30,IBKR,rebalance_entry,True,Completed,0,6259,15.8970024161,99499.3381223699,0.0
2018-04-30,KMB,rebalance_exit,False,Completed,0,-1207,82.6530759061,100005.9948423608,0.0
2018-04-30,MSCI,rebalance_entry,True,Completed,0,730,136.8435111543,99895.76314263899,0.0
2018-04-30,UPS,rebalance_exit,False,Completed,0,-1328,75.2012087211,100470.25645416,0.0
2018-05-31,ABBV,rebalance_exit,False,Completed,0,-1226,72.606177087,100013.0701368798,0.0
2018-05-31,BA,rebalance_entry,True,Completed,0,313,318.4515744721,99675.3428097673,0.0
2018-05-31,IBKR,rebalance_exit,False,Completed,0,-6259,17.5292308812,99499.3381223699,0.0
2018-05-31,KMB,rebalance_entry,True,Completed,0,1282,77.5470362283,99415.3004446806,0.0
2018-05-31,LII,rebalance_exit,False,Completed,0,-539,175.291829798,100401.9383032589,0.0
2018-05-31,LMT,rebalance_entry,True,Completed,0,388,257.0771705334,99745.94216695921,0.0
2018-05-31,MSCI,rebalance_exit,False,Completed,0,-730,136.9625055118,99895.76314263899,0.0
2018-05-31,UPS,rebalance_entry,True,Completed,0,1222,81.8469975106,100017.0309579532,0.0
2018-06-30,LULU,rebalance_entry,True,Completed,0,951,113.95,108366.45,0.0
2018-06-30,NVDA,rebalance_exit,False,Completed,0,-16704,6.2870743434,99959.9650134912,0.0
2018-06-30,VLO,rebalance_entry,True,Completed,0,1134,88.7484801707,100640.7765135738,0.0
2018-06-30,WYNN,rebalance_exit,False,Completed,0,-654,176.8374960175,100429.4739303144,0.0
2018-07-31,ORLY,rebalance_entry,True,Completed,0,5483,18.1633333333,99589.5566664839,0.0
2018-07-31,VLO,rebalance_exit,False,Completed,0,-1134,79.8939873097,100640.7765135738,0.0
2018-08-31,BA,rebalance_exit,False,Completed,0,-313,340.8148229647,99675.3428097673,0.0
2018-08-31,HD,rebalance_exit,False,Completed,0,-671,162.7790933219,100262.599616135,0.0
2018-08-31,KMB,rebalance_exit,False,Completed,0,-1282,86.2710762692,99415.3004446806,0.0
2018-08-31,LMT,rebalance_exit,False,Completed,0,-388,262.8287087896,99745.94216695921,0.0
2018-08-31,LULU,rebalance_exit,False,Completed,0,-951,120.18,108366.45,0.0
2018-08-31,MU,rebalance_exit,False,Completed,0,-2101,51.3499708956,99916.7168114698,0.0
2018-08-31,ORLY,rebalance_exit,False,Completed,0,-5483,20.1773333333,99589.5566664839,0.0
2018-08-31,SPGI,rebalance_exit,False,Completed,0,-560,185.5001976825,99603.81082724799,0.0
2018-08-31,TPL,rebalance_exit,False,Completed,0,-1837,77.6708951788,101348.2505160477,0.0
2018-08-31,UPS,rebalance_exit,False,Completed,0,-1222,87.0984466814,100017.0309579532,0.0
2018-10-31,AMD,rebalance_entry,True,Completed,0,3237,30.69,99343.53,0.0
2018-10-31,BA,rebalance_entry,True,Completed,0,277,362.8913279737,100520.8978487149,0.0
2018-10-31,GWW,rebalance_entry,True,Completed,0,309,322.8795335566,99769.7758689894,0.0
2018-10-31,HD,rebalance_entry,True,Completed,0,580,173.3010530179,100514.610750382,0.0
2018-10-31,KMB,rebalance_entry,True,Completed,0,1147,87.2522583892,100078.3403724124,0.0
2018-10-31,LULU,rebalance_entry,True,Completed,0,615,163.8,100737.0,0.0
2018-10-31,ORLY,rebalance_entry,True,Completed,0,4318,23.292,100574.856,0.0
2018-10-31,SPGI,rebalance_entry,True,Completed,0,547,183.7568092066,100514.9746360102,0.0
2018-10-31,TPL,rebalance_entry,True,Completed,0,1141,88.2473358987,100690.2102604167,0.0
2018-10-31,UPS,rebalance_entry,True,Completed,0,1170,86.7684173002,101519.048241234,0.0
2018-11-30,AMD,rebalance_exit,False,Completed,0,-3237,18.41,99343.53,0.0
2018-11-30,BA,rebalance_exit,False,Completed,0,-277,345.779835299,100520.8978487149,0.0
2018-11-30,GWW,rebalance_exit,False,Completed,0,-309,257.41791112,99769.7758689894,0.0
2018-11-30,HD,rebalance_exit,False,Completed,0,-580,146.971792709,100514.610750382,0.0
2018-11-30,KMB,rebalance_exit,False,Completed,0,-1147,79.8578691947,100078.3403724124,0.0
2018-11-30,LULU,rebalance_exit,False,Completed,0,-615,141.66,100737.0,0.0
2018-11-30,ORLY,rebalance_exit,False,Completed,0,-4318,21.274,100574.856,0.0
2018-11-30,SPGI,rebalance_exit,False,Completed,0,-547,170.4402852213,100514.9746360102,0.0
2018-11-30,TPL,rebalance_exit,False,Completed,0,-1141,76.8342831837,100690.2102604167,0.0
2018-11-30,UPS,rebalance_exit,False,Completed,0,-1170,78.2342988209,101519.048241234,0.0
2018-12-31,ABBV,rebalance_entry,True,Completed,0,1461,68.4642099894,100026.2107945134,0.0
2018-12-31,DECK,rebalance_entry,True,Completed,0,4503,22.6916666667,102180.5750001501,0.0
2018-12-31,HD,rebalance_entry,True,Completed,0,663,153.216695924,101582.669397612,0.0
2018-12-31,KMB,rebalance_entry,True,Completed,0,1130,88.5255660721,100033.889661473,0.0
2018-12-31,LMT,rebalance_entry,True,Completed,0,406,249.5096008299,101300.8979369394,0.0
2018-12-31,MCO,rebalance_entry,True,Completed,0,672,151.03173186,101493.32380992001,0.0
2018-12-31,ORLY,rebalance_entry,True,Completed,0,4325,23.358,101023.35,0.0
2018-12-31,SPGI,rebalance_entry,True,Completed,0,583,174.1851561499,101549.9460353917,0.0
2018-12-31,TPL,rebalance_entry,True,Completed,0,1700,60.4106962502,102698.18362534,0.0
2018-12-31,UPS,rebalance_entry,True,Completed,0,1175,86.0613712538,101122.111223215,0.0
2019-01-31,ABBV,rebalance_exit,False,Completed,0,-1461,66.2285254393,100026.2107945134,0.0
2019-01-31,DECK,rebalance_exit,False,Completed,0,-4503,20.9983333333,102180.5750001501,0.0
2019-01-31,HD,rebalance_exit,False,Completed,0,-663,141.8648342258,101582.669397612,0.0
2019-01-31,KMB,rebalance_exit,False,Completed,0,-1130,87.2898637465,100033.889661473,0.0
2019-01-31,LMT,rebalance_exit,False,Completed,0,-406,211.3966697397,101300.8979369394,0.0
2019-01-31,MCO,rebalance_exit,False,Completed,0,-672,128.4727984661,101493.32380992001,0.0
2019-01-31,ORLY,rebalance_exit,False,Completed,0,-4325,22.388,101023.35,0.0
2019-01-31,SPGI,rebalance_exit,False,Completed,0,-583,158.7397511656,101549.9460353917,0.0
2019-01-31,TPL,rebalance_exit,False,Completed,0,-1700,54.0416828455,102698.18362534,0.0
2019-01-31,UPS,rebalance_exit,False,Completed,0,-1175,70.9331075709,101122.111223215,0.0
2019-04-30,HD,rebalance_entry,True,Completed,0,618,162.5363987148,100447.49440574639,0.0
2019-04-30,LLY,rebalance_entry,True,Completed,0,845,119.14733766019998,100679.50032286899,0.0
2019-04-30,LMT,rebalance_entry,True,Completed,0,404,249.32246813749998,100726.27712755,0.0
2019-04-30,LULU,rebalance_entry,True,Completed,0,610,164.76,100503.59999999999,0.0
2019-04-30,MCO,rebalance_entry,True,Completed,0,588,171.383584947,100773.547948836,0.0
2019-04-30,MSCI,rebalance_entry,True,Completed,0,542,186.352146337,101002.863314654,0.0
2019-04-30,ORLY,rebalance_entry,True,Completed,0,3862,26.0933333333,100772.4533332046,0.0
2019-04-30,SBUX,rebalance_entry,True,Completed,0,1576,63.7831147087,100522.1887809112,0.0
2019-04-30,SPGI,rebalance_entry,True,Completed,0,505,199.3915056782,100692.71036749099,0.0
2019-04-30,TPL,rebalance_entry,True,Completed,0,1269,79.5802588149,100987.3484361081,0.0
2019-05-31,ERIE,rebalance_entry,True,Margin,0,0,0.0,0.0,0.0
2019-05-31,DECK,rebalance_entry,True,Completed,0,3792,26.3583333333,99950.79999987359,0.0
2019-05-31,LLY,rebalance_exit,False,Completed,0,-845,106.69570708529999,100679.50032286899,0.0
2019-05-31,SBUX,rebalance_exit,False,Completed,0,-1576,66.2658442941,100522.1887809112,0.0
2019-06-30,BALL,rebalance_entry,True,Completed,0,1766,56.7065778654,100143.8165102964,0.0
2019-06-30,CHD,rebalance_entry,True,Completed,0,1460,68.8010282504,100449.50124558399,0.0
2019-06-30,DECK,rebalance_exit,False,Completed,0,-3792,25.1833333333,99950.79999987359,0.0
2019-06-30,ERIE,rebalance_entry,True,Completed,0,540,185.2093213986,100013.033555244,0.0
2019-06-30,HD,rebalance_exit,False,Completed,0,-618,159.6139607463,100447.49440574639,0.0
2019-06-30,HSY,rebalance_entry,True,Completed,0,893,111.8573876401,99888.6471626093,0.0
2019-06-30,LULU,rebalance_exit,False,Completed,0,-610,165.83,100503.59999999999,0.0
2019-06-30,PEP,rebalance_entry,True,Completed,0,966,103.3466528852,99832.8666871032,0.0
2019-06-30,TPL,rebalance_exit,False,Completed,0,-1269,74.8068681788,100987.3484361081,0.0
2019-07-31,BALL,rebalance_exit,False,Completed,0,-1766,65.0788661096,100143.8165102964,0.0
2019-07-31,CHD,rebalance_exit,False,Completed,0,-1460,67.3841576499,100449.50124558399,0.0
2019-07-31,ERIE,rebalance_exit,False,Completed,0,-540,223.7061282896,100013.033555244,0.0
2019-07-31,HSY,rebalance_exit,False,Completed,0,-893,114.1974648772,99888.6471626093,0.0
2019-07-31,LMT,rebalance_exit,False,Completed,0,-404,303.0703590542,100726.27712755,0.0
2019-07-31,MCO,rebalance_exit,False,Completed,0,-588,186.5761415431,100773.547948836,0.0
2019-07-31,MSCI,rebalance_exit,False,Completed,0,-542,225.1110192233,101002.863314654,0.0
2019-07-31,ORLY,rebalance_exit,False,Completed,0,-3862,24.8666666667,100772.4533332046,0.0
2019-07-31,PEP,rebalance_exit,False,Completed,0,-966,107.4568140617,99832.8666871032,0.0
2019-07-31,SPGI,rebalance_exit,False,Completed,0,-505,217.4316308518,100692.71036749099,0.0
2019-10-31,HLT,rebalance_entry,True,Completed,0,1091,91.931401306,100297.158824846,0.0
2019-10-31,HSY,rebalance_entry,True,Completed,0,757,131.8798671551,99833.0594364107,0.0
2019-10-31,IDXX,rebalance_entry,True,Completed,0,367,273.4,100337.79999999999,0.0
2019-10-31,KLAC,rebalance_entry,True,Completed,0,678,148.5872005506,100742.12197330678,0.0
2019-10-31,LMT,rebalance_entry,True,Completed,0,307,326.5107463064,100238.7991160648,0.0
2019-10-31,LRCX,rebalance_entry,True,Completed,0,4662,21.6240839457,100811.4793548534,0.0
2019-10-31,MCO,rebalance_entry,True,Completed,0,518,193.6198023493,100295.0576169374,0.0
2019-10-31,ORLY,rebalance_entry,True,Completed,0,3764,26.6693333333,100383.3706665412,0.0
2019-10-31,SPGI,rebalance_entry,True,Completed,0,431,231.2478111342,99667.8065988402,0.0
2019-10-31,TER,rebalance_entry,True,Completed,0,1775,57.1441959257,101430.94776811749,0.0
2019-11-30,BLDR,rebalance_entry,True,Completed,0,4422,23.5,103917.0,0.0
2019-11-30,HSY,rebalance_exit,False,Completed,0,-757,125.4643661558,99833.0594364107,0.0
2019-11-30,STX,rebalance_entry,True,Completed,0,2164,44.1764279076,95597.7899920464,0.0
2019-11-30,TER,rebalance_exit,False,Completed,0,-1775,59.8389426522,101430.94776811749,0.0
2019-12-31,FICO,rebalance_entry,True,Completed,0,271,367.98,99722.58,0.0
2019-12-31,KLAC,rebalance_exit,False,Completed,0,-678,152.2314391585,100742.12197330678,0.0
2019-12-31,STX,rebalance_exit,False,Completed,0,-2164,47.7583004407,95597.7899920464,0.0
2019-12-31,TGT,rebalance_entry,True,Completed,0,956,105.0753306346,100452.0160866776,0.0
2020-01-31,APO,rebalance_entry,True,Completed,0,2492,40.2283572673,100249.0663101116,0.0
2020-01-31,FICO,rebalance_exit,False,Completed,0,-271,377.0,99722.58,0.0
2020-01-31,TER,rebalance_entry,True,Completed,0,1505,67.0644711375,100932.02906193752,0.0
2020-01-31,TGT,rebalance_exit,False,Completed,0,-956,107.6165319483,100452.0160866776,0.0
2020-02-29,APO,rebalance_exit,False,Completed,0,-2492,40.186303789,100249.0663101116,0.0
2020-02-29,BLDR,rebalance_exit,False,Completed,0,-4422,24.95,103917.0,0.0
2020-02-29,HLT,rebalance_exit,False,Completed,0,-1091,106.9380795292,100297.158824846,0.0
2020-02-29,IDXX,rebalance_exit,False,Completed,0,-367,276.08,100337.79999999999,0.0
2020-02-29,LMT,rebalance_exit,False,Completed,0,-307,360.4824762261,100238.7991160648,0.0
2020-02-29,LRCX,rebalance_exit,False,Completed,0,-4662,27.961200452,100811.4793548534,0.0
2020-02-29,MCO,rebalance_exit,False,Completed,0,-518,243.8590109111,100295.0576169374,0.0
2020-02-29,ORLY,rebalance_exit,False,Completed,0,-3764,27.1893333333,100383.3706665412,0.0
2020-02-29,SPGI,rebalance_exit,False,Completed,0,-431,279.0488686097,99667.8065988402,0.0
2020-02-29,TER,rebalance_exit,False,Completed,0,-1505,64.6679197285,100932.02906193752,0.0
2020-03-31,AAPL,rebalance_entry,True,Completed,0,1515,68.1510055216,103248.773365224,0.0
2020-03-31,GNRC,rebalance_entry,True,Completed,0,970,103.97,100850.9,0.0
2020-03-31,HSY,rebalance_entry,True,Completed,0,806,124.20484884739999,100109.1081710044,0.0
2020-03-31,HWM,rebalance_entry,True,Completed,0,4508,22.2806629558,100441.2286047464,0.0
2020-03-31,LDOS,rebalance_entry,True,Completed,0,1057,96.0544403344,101529.5434334608,0.0
2020-03-31,LLY,rebalance_entry,True,Completed,0,850,119.0682713633,101208.030658805,0.0
2020-03-31,LMT,rebalance_entry,True,Completed,0,320,313.6845486534,100379.055569088,0.0
2020-03-31,MCO,rebalance_entry,True,Completed,0,440,232.7220710543,102397.711263892,0.0
2020-03-31,NEM,rebalance_entry,True,Completed,0,2680,38.1621252439,102274.495653652,0.0
2020-03-31,SPGI,rebalance_entry,True,Completed,0,396,257.3069685587,101893.55954924521,0.0
2020-04-30,GEN,rebalance_entry,True,Margin,0,0,0.0,0.0,0.0
2020-04-30,BIIB,rebalance_entry,True,Completed,0,316,308.81,97583.96,0.0
2020-04-30,CPB,rebalance_entry,True,Completed,0,2712,36.021482779,97690.26129664801,0.0
2020-04-30,DVA,rebalance_entry,True,Completed,0,1314,73.64,96762.96,0.0
2020-04-30,HSY,rebalance_exit,False,Completed,0,-806,110.49515343350001,100109.1081710044,0.0
2020-04-30,HWM,rebalance_exit,False,Completed,0,-4508,15.1774545866,100441.2286047464,0.0
2020-04-30,LDOS,rebalance_exit,False,Completed,0,-1057,81.4562285012,101529.5434334608,0.0
2020-04-30,NEM,rebalance_exit,False,Completed,0,-2680,37.7555412096,102274.495653652,0.0
2020-05-31,BIIB,rebalance_exit,False,Completed,0,-316,295.07,97583.96,0.0
2020-05-31,CPB,rebalance_exit,False,Completed,0,-2712,39.9393572229,97690.26129664801,0.0
2020-05-31,DVA,rebalance_exit,False,Completed,0,-1314,77.89,96762.96,0.0
2020-05-31,EBAY,rebalance_entry,True,Completed,0,2782,34.9888473842,97338.9734228444,0.0
2020-05-31,GEN,rebalance_entry,True,Completed,0,5367,18.3851722396,98673.2194099332,0.0
2020-05-31,GNRC,rebalance_exit,False,Completed,0,-970,95.29,100850.9,0.0
2020-05-31,IDXX,rebalance_entry,True,Completed,0,360,277.51,99903.59999999999,0.0
2020-05-31,MCO,rebalance_exit,False,Completed,0,-440,228.4539382397,102397.711263892,0.0
2020-05-31,ORLY,rebalance_entry,True,Completed,0,3882,25.2926666667,98186.13200012941,0.0
2020-05-31,REGN,rebalance_entry,True,Completed,0,191,520.016523741,99323.156034531,0.0
2020-05-31,WAT,rebalance_entry,True,Completed,0,534,184.39,98464.26,0.0
2020-06-30,AAPL,rebalance_exit,False,Completed,0,-1515,76.9173831432,103248.773365224,0.0
2020-06-30,DVA,rebalance_entry,True,Completed,0,1235,80.86,99862.1,0.0
2020-06-30,FTNT,rebalance_entry,True,Completed,0,3591,27.962,100411.542,0.0
2020-06-30,IDXX,rebalance_exit,False,Completed,0,-360,308.65,99903.59999999999,0.0
2020-06-30,LMT,rebalance_exit,False,Completed,0,-320,330.5729913275,100379.055569088,0.0
2020-06-30,LOW,rebalance_entry,True,Completed,0,855,116.5462903967,99647.0782891785,0.0
2020-06-30,MCO,rebalance_entry,True,Completed,0,394,255.7422304254,100762.4387876076,0.0
2020-06-30,NVDA,rebalance_entry,True,Completed,0,11310,8.7992190044,99519.16693976399,0.0
2020-06-30,ORLY,rebalance_exit,False,Completed,0,-3882,27.93,98186.13200012941,0.0
2020-06-30,WAT,rebalance_exit,False,Completed,0,-534,199.43,98464.26,0.0
2020-07-31,AMD,rebalance_entry,True,Completed,0,1900,52.63,99997.0,0.0
2020-07-31,DVA,rebalance_exit,False,Completed,0,-1235,79.3,99862.1,0.0
2020-07-31,EBAY,rebalance_exit,False,Completed,0,-2782,47.7241301363,97338.9734228444,0.0
2020-07-31,FTNT,rebalance_exit,False,Completed,0,-3591,27.454,100411.542,0.0
2020-07-31,LLY,rebalance_exit,False,Completed,0,-850,153.880643753,101208.030658805,0.0
2020-07-31,LRCX,rebalance_entry,True,Completed,0,3288,30.2889780917,99590.15996550959,0.0
2020-07-31,LULU,rebalance_entry,True,Completed,0,320,314.5,100640.0,0.0
2020-07-31,META,rebalance_entry,True,Completed,0,443,226.7380834655,100444.9709752165,0.0
2020-07-31,REGN,rebalance_exit,False,Completed,0,-191,619.9765891653,99323.156034531,0.0
2020-07-31,SMCI,rebalance_entry,True,Completed,0,35223,2.838,99962.874,0.0
2020-08-31,AAPL,rebalance_entry,True,Completed,0,971,104.7674065284,101729.1517390764,0.0
2020-08-31,AMD,rebalance_exit,False,Completed,0,-1900,78.19,99997.0,0.0
2020-08-31,CLX,rebalance_entry,True,Completed,0,509,190.9983005105,97218.1349598445,0.0
2020-08-31,EBAY,rebalance_entry,True,Completed,0,1997,50.4222501857,100693.2336208429,0.0
2020-08-31,GEN,rebalance_exit,False,Completed,0,-5367,18.8903693468,98673.2194099332,0.0
2020-08-31,GNRC,rebalance_entry,True,Completed,0,634,159.1,100869.4,0.0
2020-08-31,IDXX,rebalance_entry,True,Completed,0,251,398.02,99903.01999999999,0.0
2020-08-31,LRCX,rebalance_exit,False,Completed,0,-3288,35.8033303036,99590.15996550959,0.0
2020-08-31,LULU,rebalance_exit,False,Completed,0,-320,327.99,100640.0,0.0
2020-08-31,MCO,rebalance_exit,False,Completed,0,-394,270.2631232745,100762.4387876076,0.0
2020-08-31,META,rebalance_exit,False,Completed,0,-443,250.7018677792,100444.9709752165,0.0
2020-08-31,MTD,rebalance_entry,True,Completed,0,106,933.26,98925.56,0.0
2020-08-31,NEM,rebalance_entry,True,Completed,0,1716,58.2669416734,99986.07191155439,0.0
2020-08-31,NTAP,rebalance_entry,True,Completed,0,2598,38.3661113749,99675.1573519902,0.0
2020-08-31,NVDA,rebalance_exit,False,Completed,0,-11310,10.6960301351,99519.16693976399,0.0
2020-08-31,SMCI,rebalance_exit,False,Completed,0,-35223,3.1,99962.874,0.0
2020-08-31,SPGI,rebalance_exit,False,Completed,0,-396,335.5923691781,101893.55954924521,0.0
2020-08-31,STX,rebalance_entry,True,Completed,0,2672,37.5880529885,100435.27758527201,0.0
2020-09-30,AMD,rebalance_entry,True,Completed,0,1101,91.92,101203.92,0.0
2020-09-30,CLX,rebalance_exit,False,Completed,0,-509,185.7882000535,97218.1349598445,0.0
2020-09-30,MTD,rebalance_exit,False,Completed,0,-106,973.4199999999998,98925.56,0.0
2020-09-30,NEM,rebalance_exit,False,Completed,0,-1716,57.6691161158,99986.07191155439,0.0
2020-09-30,NTAP,rebalance_exit,False,Completed,0,-2598,41.050088829,99675.1573519902,0.0
2020-09-30,NVDA,rebalance_entry,True,Completed,0,7502,13.4380819703,100812.49094119061,0.0
2020-09-30,ORLY,rebalance_entry,True,Completed,0,3221,31.1566666667,100355.6233334407,0.0
2020-09-30,REGN,rebalance_entry,True,Completed,0,162,610.6819001405,98930.467822761,0.0
2020-09-30,STX,rebalance_exit,False,Completed,0,-2672,39.7314492289,100435.27758527201,0.0
2020-09-30,WST,rebalance_entry,True,Completed,0,357,281.2991669018,100423.8025839426,0.0
2020-10-31,AAPL,rebalance_exit,False,Completed,0,-971,114.1180845224,101729.1517390764,0.0
2020-10-31,ALGN,rebalance_entry,True,Completed,0,305,333.64,101760.2,0.0
2020-10-31,AMD,rebalance_exit,False,Completed,0,-1101,83.06,101203.92,0.0
2020-10-31,EBAY,rebalance_exit,False,Completed,0,-1997,47.554783206,100693.2336208429,0.0
2020-10-31,HUM,rebalance_entry,True,Completed,0,254,394.6775668857,100248.1019889678,0.0
2020-10-31,MCO,rebalance_entry,True,Completed,0,363,279.4770436301,101450.1668377263,0.0
2020-10-31,NRG,rebalance_entry,True,Completed,0,3823,26.1987084027,100157.6622235221,0.0
2020-10-31,REGN,rebalance_exit,False,Completed,0,-162,557.9789302487,98930.467822761,0.0
2020-10-31,SPGI,rebalance_entry,True,Completed,0,290,347.7807977318,100856.431342222,0.0
2020-10-31,WST,rebalance_exit,False,Completed,0,-357,274.7064486444,100423.8025839426,0.0
2020-11-30,ALGN,rebalance_exit,False,Completed,0,-305,432.1,101760.2,0.0
2020-11-30,CL,rebalance_entry,True,Completed,0,1442,70.4408802313,101575.7492935346,0.0
2020-11-30,FIX,rebalance_entry,True,Completed,0,2242,45.3557452877,101687.5809350234,0.0
2020-11-30,GNRC,rebalance_exit,False,Completed,0,-634,212.37000000000003,100869.4,0.0
2020-11-30,HUM,rebalance_exit,False,Completed,0,-254,383.366361372,100248.1019889678,0.0
2020-11-30,IDXX,rebalance_exit,False,Completed,0,-251,430.48,99903.01999999999,0.0
2020-11-30,KMB,rebalance_entry,True,Completed,0,923,109.6298549892,101188.3561550316,0.0
2020-11-30,MCO,rebalance_exit,False,Completed,0,-363,253.3140845334,101450.1668377263,0.0
2020-11-30,NEM,rebalance_entry,True,Completed,0,1883,53.4523046012,100650.68956405959,0.0
2020-11-30,NTAP,rebalance_entry,True,Completed,0,2596,39.0187113354,101292.57462669839,0.0
2020-11-30,NVDA,rebalance_exit,False,Completed,0,-7502,12.6183888769,100812.49094119061,0.0
2020-11-30,UPS,rebalance_entry,True,Completed,0,811,124.6444652993,101086.6613577323,0.0
2020-12-31,EBAY,rebalance_entry,True,Completed,0,2176,46.0022126916,100100.8148169216,0.0
2020-12-31,FIX,rebalance_exit,False,Completed,0,-2242,49.8734519725,101687.5809350234,0.0
2020-12-31,GEN,rebalance_entry,True,Completed,0,6149,16.3150019069,100320.9467255281,0.0
2020-12-31,IDXX,rebalance_entry,True,Completed,0,216,461.99,99789.84,0.0
2020-12-31,KMB,rebalance_exit,False,Completed,0,-923,113.9000876666,101188.3561550316,0.0
2020-12-31,MTD,rebalance_entry,True,Completed,0,86,1156.8,99484.8,0.0
2020-12-31,NEM,rebalance_exit,False,Completed,0,-1883,50.4353128632,100650.68956405959,0.0
2020-12-31,NRG,rebalance_exit,False,Completed,0,-3823,28.2940296386,100157.6622235221,0.0
2020-12-31,QCOM,rebalance_entry,True,Completed,0,764,132.179271667,100984.963553588,0.0
2020-12-31,UPS,rebalance_exit,False,Completed,0,-811,136.9648726749,101086.6613577323,0.0
2021-01-31,ALGN,rebalance_entry,True,Completed,0,187,549.61,102777.07,0.0
2021-01-31,COHR,rebalance_entry,True,Completed,0,1316,77.0314,101373.3224,0.0
2021-01-31,EBAY,rebalance_exit,False,Completed,0,-2176,45.9839939935,100100.8148169216,0.0
2021-01-31,GEN,rebalance_exit,False,Completed,0,-6149,18.6699283713,100320.9467255281,0.0
2021-01-31,GNRC,rebalance_entry,True,Completed,0,439,229.16000000000003,100601.24,0.0
2021-01-31,LOW,rebalance_exit,False,Completed,0,-855,145.2917339051,99647.0782891785,0.0
2021-01-31,MTD,rebalance_exit,False,Completed,0,-86,1155.0,99484.8,0.0
2021-01-31,PYPL,rebalance_entry,True,Completed,0,429,236.5390833495,101475.2667569355,0.0
2021-01-31,QCOM,rebalance_exit,False,Completed,0,-764,136.5172567351,100984.963553588,0.0
2021-01-31,ROL,rebalance_entry,True,Completed,0,2742,36.6828173373,100584.2851388766,0.0
2021-01-31,SPGI,rebalance_exit,False,Completed,0,-290,316.7903711686,100856.431342222,0.0
2021-01-31,TTD,rebalance_entry,True,Completed,0,1248,80.6,100588.79999999999,0.0
2021-02-28,ABBV,rebalance_entry,True,Completed,0,1192,84.2848912674,100467.59039074079,0.0
2021-02-28,ALGN,rebalance_exit,False,Completed,0,-187,539.93,102777.07,0.0
2021-02-28,CL,rebalance_exit,False,Completed,0,-1442,69.4767172069,101575.7492935346,0.0
2021-02-28,COHR,rebalance_exit,False,Completed,0,-1316,85.805,101373.3224,0.0
2021-02-28,EBAY,rebalance_entry,True,Completed,0,1942,51.7638759644,100525.4471228648,0.0
2021-02-28,FCX,rebalance_entry,True,Completed,0,3964,26.5348142285,105184.003601774,0.0
2021-02-28,MTD,rebalance_entry,True,Completed,0,85,1179.41,100249.85,0.0
2021-02-28,NRG,rebalance_entry,True,Completed,0,2789,36.0736342022,100609.3657899358,0.0
2021-02-28,NTAP,rebalance_exit,False,Completed,0,-2596,59.0868745673,101292.57462669839,0.0
2021-02-28,PYPL,rebalance_exit,False,Completed,0,-429,237.10606096729998,101475.2667569355,0.0
2021-02-28,QCOM,rebalance_entry,True,Completed,0,717,140.4072981661,100672.03278509369,0.0
2021-02-28,ROL,rebalance_exit,False,Completed,0,-2742,34.1446015358,100584.2851388766,0.0
2021-02-28,SPGI,rebalance_entry,True,Completed,0,330,305.3683071995,100771.541375835,0.0
2021-02-28,TTD,rebalance_exit,False,Completed,0,-1248,78.247,100588.79999999999,0.0
2021-03-31,ABBV,rebalance_exit,False,Completed,0,-1192,88.8100897986,100467.59039074079,0.0
2021-03-31,ALGN,rebalance_entry,True,Completed,0,176,567.5737,99892.9712,0.0
2021-03-31,IDXX,rebalance_exit,False,Completed,0,-216,529.68,99789.84,0.0
2021-03-31,LOW,rebalance_entry,True,Completed,0,690,145.793176975,100597.29211275,0.0
2021-03-31,MTD,rebalance_exit,False,Completed,0,-85,1126.79,100249.85,0.0
2021-03-31,NRG,rebalance_exit,False,Completed,0,-2789,36.3420005714,100609.3657899358,0.0
2021-03-31,NTAP,rebalance_entry,True,Completed,0,1806,55.6964628973,100587.8119925238,0.0
2021-03-31,ON,rebalance_entry,True,Completed,0,2483,42.0,104286.0,0.0
2021-03-31,ORLY,rebalance_exit,False,Completed,0,-3221,30.0066666667,100355.6233334407,0.0
2021-03-31,PYPL,rebalance_entry,True,Completed,0,386,267.469204446,103243.112916156,0.0
2021-03-31,QCOM,rebalance_exit,False,Completed,0,-717,122.6790588921,100672.03278509369,0.0
2021-03-31,SPGI,rebalance_exit,False,Completed,0,-330,317.3586213421,100771.541375835,0.0
2021-03-31,TTD,rebalance_entry,True,Completed,0,1241,81.98,101737.18000000001,0.0
2021-03-31,WBD,rebalance_entry,True,Completed,0,1885,54.3236,102399.986,0.0
2021-04-30,ADSK,rebalance_entry,True,Completed,0,360,277.84,100022.4,0.0
2021-04-30,ALGN,rebalance_exit,False,Completed,0,-176,546.24,99892.9712,0.0
2021-04-30,BLDR,rebalance_entry,True,Completed,0,2156,46.76,100814.56,0.0
2021-04-30,EBAY,rebalance_exit,False,Completed,0,-1942,56.1098443549,100525.4471228648,0.0
2021-04-30,FCX,rebalance_exit,False,Completed,0,-3964,31.2494067954,105184.003601774,0.0
2021-04-30,HD,rebalance_entry,True,Completed,0,370,271.476869068,100446.44155516,0.0
2021-04-30,KMB,rebalance_entry,True,Completed,0,866,114.506293564,99162.450226424,0.0
2021-04-30,LOW,rebalance_exit,False,Completed,0,-690,173.3992002838,100597.29211275,0.0
2021-04-30,NTAP,rebalance_exit,False,Completed,0,-1806,65.1825430066,100587.8119925238,0.0
2021-04-30,ON,rebalance_exit,False,Completed,0,-2483,42.25,104286.0,0.0
2021-04-30,PYPL,rebalance_exit,False,Completed,0,-386,246.72478651810002,103243.112916156,0.0
2021-04-30,SPGI,rebalance_entry,True,Completed,0,296,344.0859762766,101849.44897787359,0.0
2021-04-30,TPL,rebalance_entry,True,Completed,0,602,165.0891383436,99383.66128284721,0.0
2021-04-30,TPR,rebalance_entry,True,Completed,0,2754,36.6783377859,101012.1422623686,0.0
2021-04-30,WBD,rebalance_exit,False,Completed,0,-1885,43.98,102399.986,0.0
2021-04-30,XYZ,rebalance_entry,True,Completed,0,440,231.26,101754.4,0.0
2021-05-31,BLDR,rebalance_exit,False,Completed,0,-2156,49.35,100814.56,0.0
2021-05-31,CL,rebalance_entry,True,Completed,0,1394,71.8155388873,100110.8612088962,0.0
2021-05-31,FTNT,rebalance_entry,True,Completed,0,2448,41.062,100519.776,0.0
2021-05-31,LOW,rebalance_entry,True,Completed,0,560,180.7796440879,101236.60068922401,0.0
2021-05-31,MAS,rebalance_entry,True,Completed,0,1724,58.6206893034,101062.0683590616,0.0
2021-05-31,ORLY,rebalance_entry,True,Completed,0,2713,37.0066666667,100399.0866667571,0.0
2021-05-31,TPL,rebalance_exit,False,Completed,0,-602,164.5803134083,99383.66128284721,0.0
2021-05-31,TPR,rebalance_exit,False,Completed,0,-2754,42.7223780744,101012.1422623686,0.0
2021-05-31,TTD,rebalance_exit,False,Completed,0,-1241,73.236,101737.18000000001,0.0
2021-05-31,XYZ,rebalance_exit,False,Completed,0,-440,246.6,101754.4,0.0
2021-06-30,FTNT,rebalance_exit,False,Completed,0,-2448,44.024,100519.776,0.0
2021-06-30,GNRC,rebalance_exit,False,Completed,0,-439,331.57000000000005,100601.24,0.0
2021-06-30,LOW,rebalance_exit,False,Completed,0,-560,177.368707407,101236.60068922401,0.0
2021-06-30,MOS,rebalance_entry,True,Completed,0,3125,32.4195080343,101310.96260718751,0.0
2021-06-30,NUE,rebalance_entry,True,Completed,0,1052,97.3084861777,102368.5274589404,0.0
2021-06-30,WAT,rebalance_entry,True,Completed,0,310,323.03,100139.29999999999,0.0
2021-07-31,ADSK,rebalance_exit,False,Completed,0,-360,291.78,100022.4,0.0
2021-07-31,DVN,rebalance_entry,True,Completed,0,4292,24.183014964,103793.50022548801,0.0
2021-07-31,NUE,rebalance_exit,False,Completed,0,-1052,90.279239186,102368.5274589404,0.0
2021-07-31,SPGI,rebalance_exit,False,Completed,0,-296,395.1453994682,101849.44897787359,0.0
2021-07-31,STLD,rebalance_entry,True,Completed,0,1804,56.1825526857,101353.3250450028,0.0
2021-07-31,TPR,rebalance_entry,True,Completed,0,2610,38.5373647551,100582.52201081101,0.0
2021-08-31,DVN,rebalance_exit,False,Completed,0,-4292,20.6792712118,103793.50022548801,0.0
2021-08-31,GNRC,rebalance_entry,True,Completed,0,238,421.32,100274.16,0.0
2021-08-31,IVZ,rebalance_entry,True,Completed,0,5155,19.6422442396,101255.76905513801,0.0
2021-08-31,KLAC,rebalance_entry,True,Completed,0,302,331.0894084221,99989.0013434742,0.0
2021-08-31,KMB,rebalance_exit,False,Completed,0,-866,113.6293329483,99162.450226424,0.0
2021-08-31,LOW,rebalance_entry,True,Completed,0,568,177.0128453724,100543.2961715232,0.0
2021-08-31,MOS,rebalance_exit,False,Completed,0,-3125,27.8630327942,101310.96260718751,0.0
2021-08-31,STLD,rebalance_exit,False,Completed,0,-1804,60.380206589,101353.3250450028,0.0
2021-09-30,ADSK,rebalance_entry,True,Completed,0,322,311.8,100399.6,0.0
2021-09-30,COF,rebalance_entry,True,Completed,0,655,152.5569544043,99924.8051348165,0.0
2021-09-30,GNRC,rebalance_exit,False,Completed,0,-238,440.47,100274.16,0.0
2021-09-30,IVZ,rebalance_exit,False,Completed,0,-5155,20.3038472543,101255.76905513801,0.0
2021-09-30,KLAC,rebalance_exit,False,Completed,0,-302,325.271241702,99989.0013434742,0.0
2021-09-30,KMB,rebalance_entry,True,Completed,0,866,115.404660429,99940.435931514,0.0
2021-09-30,STX,rebalance_entry,True,Completed,0,1324,76.0537272309,100695.1348537116,0.0
2021-09-30,TPR,rebalance_exit,False,Completed,0,-2610,36.1320834158,100582.52201081101,0.0
2021-10-31,ADSK,rebalance_exit,False,Completed,0,-322,283.8,100399.6,0.0
2021-10-31,AMAT,rebalance_entry,True,Completed,0,808,124.1363982392,100302.2097772736,0.0
2021-10-31,BX,rebalance_entry,True,Completed,0,1013,98.952597837,100238.981608881,0.0
2021-10-31,CL,rebalance_exit,False,Completed,0,-1394,67.7492874954,100110.8612088962,0.0
2021-10-31,COF,rebalance_exit,False,Completed,0,-655,149.4775027457,99924.8051348165,0.0
2021-10-31,COR,rebalance_entry,True,Completed,0,887,113.0043901161,100234.8940329807,0.0
2021-10-31,IT,rebalance_entry,True,Completed,0,329,305.48,100502.92000000001,0.0
2021-10-31,KMB,rebalance_exit,False,Completed,0,-866,111.9518983677,99940.435931514,0.0
2021-10-31,MTD,rebalance_entry,True,Completed,0,72,1369.77,98623.44,0.0
2021-10-31,STX,rebalance_exit,False,Completed,0,-1324,72.7236817562,100695.1348537116,0.0
2021-11-30,AMAT,rebalance_exit,False,Completed,0,-808,131.5503932446,100302.2097772736,0.0
2021-11-30,COF,rebalance_entry,True,Completed,0,720,139.9725683727,100780.24922834401,0.0
2021-11-30,DVN,rebalance_entry,True,Completed,0,3072,33.3184756278,102354.3571286016,0.0
2021-11-30,EBAY,rebalance_entry,True,Completed,0,1418,70.252441172,99617.961581896,0.0
2021-11-30,IT,rebalance_exit,False,Completed,0,-329,331.89,100502.92000000001,0.0
2021-11-30,MAS,rebalance_exit,False,Completed,0,-1724,60.0954542869,101062.0683590616,0.0
2021-11-30,MTD,rebalance_exit,False,Completed,0,-72,1484.11,98623.44,0.0
2021-11-30,TPL,rebalance_entry,True,Completed,0,748,135.3863153699,101268.96389668519,0.0
2021-12-31,APA,rebalance_entry,True,Completed,0,4471,23.3060928753,104201.5412454663,0.0
2021-12-31,BX,rebalance_exit,False,Completed,0,-1013,123.1045809646,100238.981608881,0.0
2021-12-31,CL,rebalance_entry,True,Completed,0,1483,67.8407484121,100607.8298951443,0.0
2021-12-31,COF,rebalance_exit,False,Completed,0,-720,133.338357367,100780.24922834401,0.0
2021-12-31,COR,rebalance_exit,False,Completed,0,-887,111.39037715849999,100234.8940329807,0.0
2021-12-31,DVN,rebalance_exit,False,Completed,0,-3072,35.681545676,102354.3571286016,0.0
2021-12-31,EBAY,rebalance_exit,False,Completed,0,-1418,63.22733351050001,99617.961581896,0.0
2021-12-31,EOG,rebalance_entry,True,Completed,0,1439,71.4288723633,102786.1473307887,0.0
2021-12-31,FANG,rebalance_entry,True,Completed,0,1147,89.4086557788,102551.72817828359,0.0
2021-12-31,SPG,rebalance_entry,True,Completed,0,835,122.566270629,102342.835975215,0.0
2021-12-31,STLD,rebalance_entry,True,Completed,0,1790,57.5203635435,102961.450742865,0.0
2021-12-31,STX,rebalance_entry,True,Completed,0,1120,90.5345953669,101398.746810928,0.0
2021-12-31,TPL,rebalance_exit,False,Completed,0,-748,130.3685493034,101268.96389668519,0.0
2021-12-31,WAT,rebalance_exit,False,Completed,0,-310,328.89,100139.29999999999,0.0
2022-01-31,APA,rebalance_exit,False,Completed,0,-4471,23.5013589672,104201.5412454663,0.0
2022-01-31,BX,rebalance_entry,True,Completed,0,904,111.1360800375,100467.01635389999,0.0
2022-01-31,CL,rebalance_exit,False,Completed,0,-1483,75.9726526919,100607.8298951443,0.0
2022-01-31,EOG,rebalance_exit,False,Completed,0,-1439,72.2044569925,102786.1473307887,0.0
2022-01-31,F,rebalance_entry,True,Completed,0,6138,16.6830365985,102400.478641593,0.0
2022-01-31,KKR,rebalance_entry,True,Completed,0,1394,71.7005605676,99950.58143123439,0.0
2022-01-31,MCK,rebalance_entry,True,Completed,0,411,242.0064831444,99464.6645723484,0.0
2022-01-31,NUE,rebalance_entry,True,Completed,0,933,107.8351996211,100610.2412464863,0.0
2022-01-31,ORCL,rebalance_entry,True,Completed,0,1218,82.1873889325,100104.239719785,0.0
2022-01-31,SPG,rebalance_exit,False,Completed,0,-835,126.9967769824,102342.835975215,0.0
2022-01-31,STLD,rebalance_exit,False,Completed,0,-1790,58.4465634931,102961.450742865,0.0
2022-01-31,STX,rebalance_exit,False,Completed,0,-1120,98.8722378028,101398.746810928,0.0
2022-02-28,BLDR,rebalance_entry,True,Completed,0,1470,68.71,101003.7,0.0
2022-02-28,BX,rebalance_exit,False,Completed,0,-904,115.1198810604,100467.01635389999,0.0
2022-02-28,FANG,rebalance_exit,False,Completed,0,-1147,101.8944388432,102551.72817828359,0.0
2022-02-28,KKR,rebalance_exit,False,Completed,0,-1394,68.9950606992,99950.58143123439,0.0
2022-02-28,NVDA,rebalance_entry,True,Completed,0,4091,25.0548397754,102499.3495211614,0.0
2022-02-28,ON,rebalance_entry,True,Completed,0,1694,59.330000000000005,100505.02,0.0
2022-03-31,BLDR,rebalance_exit,False,Completed,0,-1470,76.5,101003.7,0.0
2022-03-31,CL,rebalance_entry,True,Completed,0,1438,69.5606928266,100028.27628465081,0.0
2022-03-31,COR,rebalance_entry,True,Completed,0,730,136.733282179,99815.29599067001,0.0
2022-03-31,DVN,rebalance_entry,True,Completed,0,2027,49.6901873208,100722.0096992616,0.0
2022-03-31,EOG,rebalance_entry,True,Completed,0,1056,95.5202441483,100869.3778206048,0.0
2022-03-31,F,rebalance_exit,False,Completed,0,-6138,13.7253462053,102400.478641593,0.0
2022-03-31,MCK,rebalance_exit,False,Completed,0,-411,269.0575794558,99464.6645723484,0.0
2022-03-31,MO,rebalance_entry,True,Completed,0,2729,36.6097986131,99908.14041514989,0.0
2022-03-31,NUE,rebalance_exit,False,Completed,0,-933,124.8050003797,100610.2412464863,0.0
2022-03-31,NVDA,rebalance_exit,False,Completed,0,-4091,24.2434318429,102499.3495211614,0.0
2022-03-31,ON,rebalance_exit,False,Completed,0,-1694,62.51,100505.02,0.0
2022-03-31,STX,rebalance_entry,True,Completed,0,1108,89.9236136082,99635.3638778856,0.0
2022-04-30,ADM,rebalance_entry,True,Completed,0,1255,80.0215323397,100427.0230863235,0.0
2022-04-30,CF,rebalance_entry,True,Completed,0,1061,93.2880801104,98978.6529971344,0.0
2022-04-30,CL,rebalance_exit,False,Completed,0,-1438,68.5398670747,100028.27628465081,0.0
2022-04-30,COP,rebalance_entry,True,Completed,0,1166,85.8680990347,100122.2034744602,0.0
2022-04-30,EOG,rebalance_exit,False,Completed,0,-1056,99.0690650689,100869.3778206048,0.0
2022-04-30,FANG,rebalance_entry,True,Completed,0,889,112.4852639047,99999.3996112783,0.0
2022-04-30,HD,rebalance_exit,False,Completed,0,-370,271.3179350846,100446.44155516,0.0
2022-04-30,LOW,rebalance_exit,False,Completed,0,-568,187.707798243,100543.2961715232,0.0
2022-04-30,MO,rebalance_exit,False,Completed,0,-2729,38.1817692089,99908.14041514989,0.0
2022-04-30,MOS,rebalance_entry,True,Completed,0,1683,59.2694150347,99750.42550340011,0.0
2022-04-30,NUE,rebalance_entry,True,Completed,0,714,142.4468238546,101707.03223218441,0.0
2022-04-30,ORCL,rebalance_exit,False,Completed,0,-1218,78.4396602635,100104.239719785,0.0
2022-04-30,STLD,rebalance_entry,True,Completed,0,1273,80.0187069822,101863.8139883406,0.0
2022-04-30,STX,rebalance_exit,False,Completed,0,-1108,79.7560312274,99635.3638778856,0.0
2022-05-31,ADM,rebalance_exit,False,Completed,0,-1255,79.6243374406,100427.0230863235,0.0
2022-05-31,FANG,rebalance_exit,False,Completed,0,-889,101.6778883524,99999.3996112783,0.0
2022-05-31,HD,rebalance_entry,True,Completed,0,368,272.6632386562,100340.0718254816,0.0
2022-05-31,MOS,rebalance_exit,False,Completed,0,-1683,55.3758690116,99750.42550340011,0.0
2022-05-31,MTD,rebalance_entry,True,Completed,0,78,1272.45,99251.1,0.0
2022-05-31,OXY,rebalance_entry,True,Completed,0,1928,51.3363473006,98976.4775955568,0.0
2022-05-31,STLD,rebalance_exit,False,Completed,0,-1273,80.2729139582,101863.8139883406,0.0
2022-05-31,STX,rebalance_entry,True,Completed,0,1382,72.3612571971,100003.2574463922,0.0
2022-06-30,ABBV,rebalance_entry,True,Completed,0,785,127.70020078019999,100244.657612457,0.0
2022-06-30,BG,rebalance_entry,True,Completed,0,945,106.0525017181,100219.61412360451,0.0
2022-06-30,CL,rebalance_entry,True,Completed,0,1396,71.7879655324,100215.9998832304,0.0
2022-06-30,COP,rebalance_exit,False,Completed,0,-1166,98.4792044504,100122.2034744602,0.0
2022-06-30,DVN,rebalance_exit,False,Completed,0,-2027,64.3174735265,100722.0096992616,0.0
2022-06-30,HD,rebalance_exit,False,Completed,0,-368,274.179268596,100340.0718254816,0.0
2022-06-30,HSY,rebalance_entry,True,Completed,0,524,190.9447099275,100055.02800201,0.0
2022-06-30,KMB,rebalance_entry,True,Completed,0,875,114.6168963853,100289.78433713749,0.0
2022-06-30,MOS,rebalance_entry,True,Completed,0,1787,55.3293862725,98873.6132689575,0.0
2022-06-30,MPC,rebalance_entry,True,Completed,0,1071,94.2809258431,100974.87157796009,0.0
2022-06-30,MTD,rebalance_exit,False,Completed,0,-78,1301.37,99251.1,0.0
2022-06-30,NRG,rebalance_entry,True,Completed,0,2402,41.58950533,99897.99180266,0.0
2022-06-30,NUE,rebalance_exit,False,Completed,0,-714,125.3920044707,101707.03223218441,0.0
2022-06-30,ORLY,rebalance_exit,False,Completed,0,-2713,42.6666666667,100399.0866667571,0.0
2022-06-30,OXY,rebalance_exit,False,Completed,0,-1928,66.4934203162,98976.4775955568,0.0
2022-06-30,STX,rebalance_exit,False,Completed,0,-1382,75.0053957061,100003.2574463922,0.0
2022-07-31,ABBV,rebalance_exit,False,Completed,0,-785,132.2711058626,100244.657612457,0.0
2022-07-31,BG,rebalance_exit,False,Completed,0,-945,80.9491497904,100219.61412360451,0.0
2022-07-31,BX,rebalance_entry,True,Completed,0,1252,79.1800400508,99133.4101436016,0.0
2022-07-31,CF,rebalance_exit,False,Completed,0,-1061,77.8391532057,98978.6529971344,0.0
2022-07-31,HSY,rebalance_exit,False,Completed,0,-524,193.9980239212,100055.02800201,0.0
2022-07-31,IT,rebalance_entry,True,Completed,0,413,239.75,99016.75,0.0
2022-07-31,MOS,rebalance_exit,False,Completed,0,-1787,41.6671462317,98873.6132689575,0.0
2022-07-31,MPC,rebalance_exit,False,Completed,0,-1071,76.0773560663,100974.87157796009,0.0
2022-07-31,MTD,rebalance_entry,True,Completed,0,87,1151.33,100165.70999999999,0.0
2022-07-31,NRG,rebalance_exit,False,Completed,0,-2402,34.6820309665,99897.99180266,0.0
2022-07-31,ON,rebalance_entry,True,Completed,0,1987,49.29,97939.23,0.0
2022-07-31,SMCI,rebalance_entry,True,Completed,0,24783,4.008,99330.264,0.0
2022-07-31,STLD,rebalance_entry,True,Completed,0,1597,61.783748773999996,98668.646792078,0.0
2022-07-31,STX,rebalance_entry,True,Completed,0,1572,63.2059914551,99359.8185674172,0.0
2022-08-31,BG,rebalance_entry,True,Completed,0,1211,82.6381969653,100074.8565249783,0.0
2022-08-31,BX,rebalance_exit,False,Completed,0,-1252,88.8607321392,99133.4101436016,0.0
2022-08-31,COP,rebalance_entry,True,Completed,0,1182,82.6975384996,97748.4905065272,0.0
2022-08-31,CVX,rebalance_entry,True,Completed,0,717,137.1847947707,98361.4978505919,0.0
2022-08-31,DVN,rebalance_entry,True,Completed,0,1857,52.9291866555,98289.4996192635,0.0
2022-08-31,IT,rebalance_exit,False,Completed,0,-413,262.06,99016.75,0.0
2022-08-31,MPC,rebalance_entry,True,Completed,0,1190,82.5118505191,98189.102117729,0.0
2022-08-31,MTD,rebalance_exit,False,Completed,0,-87,1339.34,100165.70999999999,0.0
2022-08-31,ON,rebalance_exit,False,Completed,0,-1987,64.26,97939.23,0.0
2022-08-31,OXY,rebalance_entry,True,Completed,0,1612,61.4755630816,99098.6076875392,0.0
2022-08-31,SMCI,rebalance_exit,False,Completed,0,-24783,5.39,99330.264,0.0
2022-08-31,STLD,rebalance_exit,False,Completed,0,-1597,72.8932787266,98668.646792078,0.0
2022-08-31,STX,rebalance_exit,False,Completed,0,-1572,70.2911863851,99359.8185674172,0.0
2022-08-31,VLO,rebalance_entry,True,Completed,0,1018,96.629183604,98368.508908872,0.0
2022-09-30,BG,rebalance_exit,False,Completed,0,-1211,88.4295850722,100074.8565249783,0.0
2022-09-30,BLDR,rebalance_entry,True,Completed,0,1706,58.09,99101.54000000001,0.0
2022-09-30,CF,rebalance_entry,True,Completed,0,1049,94.1807429562,98795.59936105381,0.0
2022-09-30,CL,rebalance_exit,False,Completed,0,-1396,71.4296749807,100215.9998832304,0.0
2022-09-30,COP,rebalance_exit,False,Completed,0,-1182,93.9442645641,97748.4905065272,0.0
2022-09-30,CVX,rebalance_exit,False,Completed,0,-717,134.3737904692,98361.4978505919,0.0
2022-09-30,DLTR,rebalance_entry,True,Completed,0,737,134.86,99391.82,0.0
2022-09-30,DVN,rebalance_exit,False,Completed,0,-1857,58.7035912858,98289.4996192635,0.0
2022-09-30,IT,rebalance_entry,True,Completed,0,350,283.95,99382.5,0.0
2022-09-30,MPC,rebalance_exit,False,Completed,0,-1190,91.222874938,98189.102117729,0.0
2022-09-30,MTD,rebalance_entry,True,Completed,0,82,1207.82,99041.23999999999,0.0
2022-09-30,ON,rebalance_entry,True,Completed,0,1454,66.712,96999.248,0.0
2022-09-30,OXY,rebalance_exit,False,Completed,0,-1612,65.3148379281,99098.6076875392,0.0
2022-09-30,SMCI,rebalance_entry,True,Completed,0,15365,6.39,98182.34999999999,0.0
2022-09-30,STX,rebalance_entry,True,Completed,0,1677,57.9366002508,97159.6786205916,0.0
2022-09-30,VLO,rebalance_exit,False,Completed,0,-1018,103.1149264252,98368.508908872,0.0
2022-10-31,AAPL,rebalance_entry,True,Completed,0,737,135.6902550286,100003.71795607821,0.0
2022-10-31,BLDR,rebalance_exit,False,Completed,0,-1706,59.13,99101.54000000001,0.0
2022-10-31,CF,rebalance_exit,False,Completed,0,-1049,93.0571315108,98795.59936105381,0.0
2022-10-31,CL,rebalance_entry,True,Completed,0,1557,64.7557132841,100824.64558334369,0.0
2022-10-31,DLTR,rebalance_exit,False,Completed,0,-737,137.515,99391.82,0.0
2022-10-31,EQT,rebalance_entry,True,Completed,0,2593,38.6068419781,100107.5412492133,0.0
2022-10-31,GWW,rebalance_entry,True,Completed,0,211,479.7275473502,101222.5124908922,0.0
2022-10-31,LMT,rebalance_entry,True,Completed,0,286,352.7349512566,100882.19605938761,0.0
2022-10-31,ON,rebalance_exit,False,Completed,0,-1454,63.01,96999.248,0.0
2022-10-31,SMCI,rebalance_exit,False,Completed,0,-15365,5.655,98182.34999999999,0.0
2022-11-30,AAPL,rebalance_exit,False,Completed,0,-737,152.252693364,100003.71795607821,0.0
2022-11-30,CF,rebalance_entry,True,Completed,0,1021,99.4672427075,101556.05480435751,0.0
2022-11-30,DVA,rebalance_entry,True,Completed,0,1369,73.04,99991.76000000001,0.0
2022-11-30,DVN,rebalance_entry,True,Completed,0,1475,68.941864925,101689.250764375,0.0
2022-11-30,GWW,rebalance_exit,False,Completed,0,-211,569.8069703352,101222.5124908922,0.0
2022-11-30,KMB,rebalance_exit,False,Completed,0,-875,108.8899638668,100289.78433713749,0.0
2022-11-30,LMT,rebalance_exit,False,Completed,0,-286,439.8824045754,100882.19605938761,0.0
2022-11-30,VRTX,rebalance_entry,True,Completed,0,320,312.44,99980.8,0.0
2022-12-31,AON,rebalance_entry,True,Completed,0,333,301.1735388386,100290.7884332538,0.0
2022-12-31,CF,rebalance_exit,False,Completed,0,-1021,100.3911073886,101556.05480435751,0.0
2022-12-31,DVA,rebalance_exit,False,Completed,0,-1369,74.35,99991.76000000001,0.0
2022-12-31,DVN,rebalance_exit,False,Completed,0,-1475,60.9341302013,101689.250764375,0.0
2022-12-31,OXY,rebalance_entry,True,Completed,0,1522,66.4461437376,101131.0307686272,0.0
2022-12-31,TPL,rebalance_entry,True,Completed,0,360,276.8438088895,99663.77120022,0.0
2022-12-31,VLO,rebalance_entry,True,Completed,0,830,121.46188062130001,100813.360915679,0.0
2022-12-31,VRTX,rebalance_exit,False,Completed,0,-320,318.55,99980.8,0.0
2023-01-31,CF,rebalance_entry,True,Completed,0,1269,78.288424353,99348.01050395699,0.0
2023-01-31,KMB,rebalance_entry,True,Completed,0,834,120.0484839917,100120.4356490778,0.0
2023-01-31,OXY,rebalance_exit,False,Completed,0,-1522,59.0069894364,101131.0307686272,0.0
2023-01-31,STLD,rebalance_entry,True,Completed,0,1072,93.3141618545,100032.781508024,0.0
2023-01-31,STX,rebalance_exit,False,Completed,0,-1677,48.235260186,97159.6786205916,0.0
2023-01-31,VLO,rebalance_exit,False,Completed,0,-830,113.2737428666,100813.360915679,0.0
2023-02-28,CF,rebalance_exit,False,Completed,0,-1269,77.6598244172,99348.01050395699,0.0
2023-02-28,CL,rebalance_exit,False,Completed,0,-1557,68.9290199783,100824.64558334369,0.0
2023-02-28,EQT,rebalance_exit,False,Completed,0,-2593,30.4497072136,100107.5412492133,0.0
2023-02-28,IT,rebalance_exit,False,Completed,0,-350,337.05,99382.5,0.0
2023-02-28,KLAC,rebalance_entry,True,Completed,0,263,380.2844176272,100014.8018359536,0.0
2023-02-28,MPC,rebalance_entry,True,Completed,0,838,119.55453711949998,100186.70210614099,0.0
2023-02-28,OXY,rebalance_entry,True,Completed,0,1629,60.8633891041,99146.46085057891,0.0
2023-02-28,SMCI,rebalance_entry,True,Completed,0,13825,7.2,99540.0,0.0
2023-02-28,STLD,rebalance_exit,False,Completed,0,-1072,115.1065489378,100032.781508024,0.0
2023-02-28,VLO,rebalance_entry,True,Completed,0,792,126.9026234198,100506.8777484816,0.0
2023-03-31,APA,rebalance_entry,True,Completed,0,2936,34.0302331374,99912.76449140641,0.0
2023-03-31,CL,rebalance_entry,True,Completed,0,1473,67.9288407283,100059.18239278591,0.0
2023-03-31,IT,rebalance_entry,True,Completed,0,305,325.69,99335.45,0.0
2023-03-31,KLAC,rebalance_exit,False,Completed,0,-263,363.3294572952,100014.8018359536,0.0
2023-03-31,MRK,rebalance_entry,True,Completed,0,1038,96.0094696929,99657.8295412302,0.0
2023-03-31,OXY,rebalance_exit,False,Completed,0,-1629,55.4173186505,99146.46085057891,0.0
2023-03-31,SMCI,rebalance_exit,False,Completed,0,-13825,9.916,99540.0,0.0
2023-03-31,TPL,rebalance_exit,False,Completed,0,-360,191.80529470299996,99663.77120022,0.0
2023-04-30,DECK,rebalance_entry,True,Completed,0,1334,75.0133333333,100067.7866666222,0.0
2023-04-30,HD,rebalance_entry,True,Completed,0,365,273.2285858506,99728.433835469,0.0
2023-04-30,KMB,rebalance_exit,False,Completed,0,-834,119.51128981450002,100120.4356490778,0.0
2023-04-30,MRK,rebalance_exit,False,Completed,0,-1038,96.6555485205,99657.8295412302,0.0
2023-04-30,SMCI,rebalance_entry,True,Completed,0,9385,10.657,100015.945,0.0
2023-04-30,VLO,rebalance_exit,False,Completed,0,-792,128.7721741726,100506.8777484816,0.0
2023-05-31,AON,rebalance_exit,False,Completed,0,-333,315.1833723927,100290.7884332538,0.0
2023-05-31,AXON,rebalance_entry,True,Completed,0,474,211.33000000000004,100170.42000000001,0.0
2023-05-31,GILD,rebalance_entry,True,Completed,0,1346,74.5119919608,100293.1411792368,0.0
2023-05-31,KMB,rebalance_entry,True,Completed,0,774,129.2745854045,100058.52910308298,0.0
2023-05-31,MPC,rebalance_exit,False,Completed,0,-838,113.3439593382,100186.70210614099,0.0
2023-05-31,SMCI,rebalance_exit,False,Completed,0,-9385,10.544,100015.945,0.0
2023-06-30,AXON,rebalance_exit,False,Completed,0,-474,191.59,100170.42000000001,0.0
2023-06-30,BKNG,rebalance_entry,True,Completed,0,1015,98.2944823548,99768.89959012199,0.0
2023-06-30,BLDR,rebalance_entry,True,Completed,0,862,115.65,99690.3,0.0
2023-06-30,DECK,rebalance_exit,False,Completed,0,-1334,78.665,100067.7866666222,0.0
2023-06-30,GILD,rebalance_exit,False,Completed,0,-1346,70.0577162198,100293.1411792368,0.0
2023-06-30,GPC,rebalance_entry,True,Completed,0,734,138.3644689648,101559.5202201632,0.0
2023-06-30,MAR,rebalance_entry,True,Completed,0,613,163.057083498,99953.992184274,0.0
2023-06-30,MTD,rebalance_exit,False,Completed,0,-82,1324.88,99041.23999999999,0.0
2023-07-31,AMGN,rebalance_entry,True,Completed,0,493,201.716125639,99446.049940027,0.0
2023-07-31,BKNG,rebalance_exit,False,Completed,0,-1015,105.7783274949,99768.89959012199,0.0
2023-07-31,DHI,rebalance_entry,True,Completed,0,847,117.94577520859998,99900.07160168419,0.0
2023-07-31,GPC,rebalance_exit,False,Completed,0,-734,155.0767985718,101559.5202201632,0.0
2023-07-31,MAR,rebalance_exit,False,Completed,0,-613,178.2364842027,99953.992184274,0.0
2023-07-31,PHM,rebalance_entry,True,Completed,0,1314,76.3734257474,100354.68143208361,0.0
2023-08-31,ACGL,rebalance_entry,True,Completed,0,1353,73.9569974505,100063.8175505265,0.0
2023-08-31,AMGN,rebalance_exit,False,Completed,0,-493,214.2270665719,99446.049940027,0.0
2023-08-31,DHI,rebalance_exit,False,Completed,0,-847,122.8052187431,99900.07160168419,0.0
2023-08-31,GE,rebalance_entry,True,Completed,0,1113,89.3659581813,99464.3114557869,0.0
2023-08-31,MAR,rebalance_entry,True,Completed,0,509,193.9212170691,98705.89948817191,0.0
2023-08-31,PHM,rebalance_exit,False,Completed,0,-1314,82.3258732355,100354.68143208361,0.0
2023-09-30,ACGL,rebalance_exit,False,Completed,0,-1353,73.624157678,100063.8175505265,0.0
2023-09-30,BKNG,rebalance_entry,True,Completed,0,820,123.1260988642,100963.401068644,0.0
2023-09-30,BLDR,rebalance_exit,False,Completed,0,-862,146.65,99690.3,0.0
2023-09-30,MSI,rebalance_entry,True,Completed,0,363,275.7792710241,100107.87538174831,0.0
2023-11-30,APA,rebalance_exit,False,Completed,0,-2936,36.2325322087,99912.76449140641,0.0
2023-11-30,APO,rebalance_entry,True,Completed,0,1347,80.0119995512,107776.16339546641,0.0
2023-11-30,AVGO,rebalance_entry,True,Completed,0,1223,81.8100189976,100053.6532340648,0.0
2023-11-30,CAT,rebalance_entry,True,Completed,0,458,217.3393418728,99541.4185777424,0.0
2023-11-30,CL,rebalance_exit,False,Completed,0,-1473,70.9315134175,100059.18239278591,0.0
2023-11-30,HD,rebalance_exit,False,Completed,0,-365,268.2660317394,99728.433835469,0.0
2023-11-30,IT,rebalance_exit,False,Completed,0,-305,331.86,99335.45,0.0
2023-11-30,KMB,rebalance_exit,False,Completed,0,-774,108.83459626119999,100058.52910308298,0.0
2023-11-30,ON,rebalance_entry,True,Completed,0,1596,62.5,99750.0,0.0
2023-11-30,SMCI,rebalance_entry,True,Completed,0,4175,24.13,100742.75,0.0
2023-12-31,APO,rebalance_exit,False,Completed,0,-1347,88.249937787,107776.16339546641,0.0
2023-12-31,CAT,rebalance_exit,False,Completed,0,-458,243.2142224298,99541.4185777424,0.0
2023-12-31,CL,rebalance_entry,True,Completed,0,1345,74.4332554638,100112.728598811,0.0
2023-12-31,FTNT,rebalance_entry,True,Completed,0,1902,52.048,98995.296,0.0
2023-12-31,GE,rebalance_exit,False,Completed,0,-1113,95.7307154152,99464.3114557869,0.0
2023-12-31,HD,rebalance_entry,True,Completed,0,337,296.7739428425,100012.8187379225,0.0
2023-12-31,MAR,rebalance_exit,False,Completed,0,-509,198.0229053863,98705.89948817191,0.0
2023-12-31,META,rebalance_entry,True,Completed,0,308,322.9702906186,99474.8495105288,0.0
2023-12-31,NVDA,rebalance_entry,True,Completed,0,2139,46.4929494083,99448.4187843537,0.0
2023-12-31,ON,rebalance_exit,False,Completed,0,-1596,71.25,99750.0,0.0
2024-01-31,AVGO,rebalance_exit,False,Completed,0,-1223,106.6009181543,100053.6532340648,0.0
2024-01-31,BLDR,rebalance_entry,True,Completed,0,599,163.87,98158.13,0.0
2024-01-31,COR,rebalance_exit,False,Completed,0,-730,200.8218157486,99815.29599067001,0.0
2024-01-31,CVNA,rebalance_entry,True,Completed,0,9444,10.322,97480.968,0.0
2024-01-31,META,rebalance_exit,False,Completed,0,-308,348.6110436897,99474.8495105288,0.0
2024-01-31,NVDA,rebalance_exit,False,Completed,0,-2139,49.2143034423,99448.4187843537,0.0
2024-01-31,ORCL,rebalance_entry,True,Completed,0,975,101.5903535752,99050.59473581999,0.0
2024-01-31,VRT,rebalance_entry,True,Completed,0,2087,47.3463214094,98811.77278141779,0.0
2024-02-29,BLDR,rebalance_exit,False,Completed,0,-599,176.25,98158.13,0.0
2024-02-29,META,rebalance_entry,True,Completed,0,258,390.9024096297,100852.8216844626,0.0
2024-02-29,NVDA,rebalance_entry,True,Completed,0,1626,62.0625506411,100913.7073424286,0.0
2024-02-29,SMCI,rebalance_exit,False,Completed,0,-4175,54.0,100742.75,0.0
2024-02-29,VRT,rebalance_exit,False,Completed,0,-2087,57.3081948484,98811.77278141779,0.0
2024-02-29,WSM,rebalance_entry,True,Completed,0,1069,94.5594460895,101084.0478696755,0.0
2024-03-31,AMGN,rebalance_entry,True,Completed,0,391,258.1757539853,100946.7198082523,0.0
2024-03-31,BKNG,rebalance_exit,False,Completed,0,-820,136.7555089347,100963.401068644,0.0
2024-03-31,COR,rebalance_entry,True,Completed,0,432,232.44807792120002,100417.5696619584,0.0
2024-03-31,CVNA,rebalance_exit,False,Completed,0,-9444,15.3294,97480.968,0.0
2024-03-31,FTNT,rebalance_exit,False,Completed,0,-1902,69.09,98995.296,0.0
2024-03-31,LII,rebalance_entry,True,Completed,0,216,460.589096408,99487.24482412799,0.0
2024-03-31,SMCI,rebalance_entry,True,Completed,0,1154,88.188,101768.952,0.0
2024-03-31,WSM,rebalance_exit,False,Completed,0,-1069,114.23898727,101084.0478696755,0.0
2024-04-30,AMGN,rebalance_exit,False,Completed,0,-391,263.413967294,100946.7198082523,0.0
2024-04-30,BLDR,rebalance_entry,True,Completed,0,479,208.65,99943.35,0.0
2024-04-30,CL,rebalance_exit,False,Completed,0,-1345,85.2842878154,100112.728598811,0.0
2024-04-30,MSI,rebalance_exit,False,Completed,0,-363,346.5781845513,100107.87538174831,0.0
2024-04-30,VRT,rebalance_entry,True,Completed,0,1227,81.8754321837,100461.1552893999,0.0
2024-04-30,VST,rebalance_entry,True,Completed,0,1454,69.0915936034,100459.1770993436,0.0
2024-05-31,BLDR,rebalance_exit,False,Completed,0,-479,183.0,99943.35,0.0
2024-05-31,COR,rebalance_exit,False,Completed,0,-432,224.97667281479997,100417.5696619584,0.0
2024-05-31,FFIV,rebalance_entry,True,Completed,0,604,164.55,99388.20000000001,0.0
2024-05-31,HD,rebalance_exit,False,Completed,0,-337,316.7888013267,100012.8187379225,0.0
2024-05-31,HUBB,rebalance_entry,True,Completed,0,277,357.5376878531,99037.9395353087,0.0
2024-05-31,IT,rebalance_entry,True,Completed,0,242,412.16,99742.72,0.0
2024-05-31,MPC,rebalance_entry,True,Completed,0,576,172.9122508749,99597.4565039424,0.0
2024-05-31,NVDA,rebalance_exit,False,Completed,0,-1626,85.0296507179,100913.7073424286,0.0
2024-05-31,PCAR,rebalance_entry,True,Completed,0,1008,99.1300988801,99923.13967114079,0.0
2024-05-31,PSX,rebalance_entry,True,Completed,0,754,132.3514819359,99793.01737966861,0.0
2024-05-31,SMCI,rebalance_exit,False,Completed,0,-1154,77.736,101768.952,0.0
2024-05-31,TAP,rebalance_entry,True,Completed,0,1896,52.3593095401,99273.2508880296,0.0
2024-05-31,VRT,rebalance_exit,False,Completed,0,-1227,91.9003845892,100461.1552893999,0.0
2024-05-31,VST,rebalance_exit,False,Completed,0,-1454,74.6880126852,100459.1770993436,0.0
2024-06-30,CVNA,rebalance_entry,True,Completed,0,5001,20.656,103300.65599999999,0.0
2024-06-30,DELL,rebalance_entry,True,Completed,0,740,136.0282849171,100660.93083865399,0.0
2024-06-30,FFIV,rebalance_exit,False,Completed,0,-604,169.55,99388.20000000001,0.0
2024-06-30,FIX,rebalance_entry,True,Completed,0,307,329.5688912923,101177.6496267361,0.0
2024-06-30,HUBB,rebalance_exit,False,Completed,0,-277,382.2045187175,99037.9395353087,0.0
2024-06-30,IT,rebalance_exit,False,Completed,0,-242,420.14,99742.72,0.0
2024-06-30,META,rebalance_exit,False,Completed,0,-258,467.7284399208,100852.8216844626,0.0
2024-06-30,MPC,rebalance_exit,False,Completed,0,-576,169.2007728079,99597.4565039424,0.0
2024-06-30,NRG,rebalance_entry,True,Completed,0,1271,78.266334365,99476.51097791501,0.0
2024-06-30,NVDA,rebalance_entry,True,Completed,0,912,113.5577646628,103564.6813724736,0.0
2024-06-30,PCAR,rebalance_exit,False,Completed,0,-1008,100.8197412427,99923.13967114079,0.0
2024-06-30,PSX,rebalance_exit,False,Completed,0,-754,132.6776134237,99793.01737966861,0.0
2024-06-30,SMCI,rebalance_entry,True,Completed,0,1274,80.2,102174.8,0.0
2024-06-30,TAP,rebalance_exit,False,Completed,0,-1896,50.2778312716,99273.2508880296,0.0
2024-06-30,VRT,rebalance_entry,True,Completed,0,1022,97.9552563407,100110.27198019541,0.0
2024-06-30,VST,rebalance_entry,True,Completed,0,1022,98.5739636167,100742.5908162674,0.0
2024-07-31,COR,rebalance_entry,True,Completed,0,451,222.79246989660004,100479.40392336661,0.0
2024-07-31,DELL,rebalance_exit,False,Completed,0,-740,133.0570516571,100660.93083865399,0.0
2024-07-31,ORCL,rebalance_exit,False,Completed,0,-975,138.6973400368,99050.59473581999,0.0
2024-07-31,WSM,rebalance_entry,True,Completed,0,729,136.8139008266,99737.3337025914,0.0
2024-08-31,BG,rebalance_entry,True,Completed,0,1009,99.7344709487,100632.08118723829,0.0
2024-08-31,CDW,rebalance_entry,True,Completed,0,473,209.3517139504,99023.36069853921,0.0
2024-08-31,CL,rebalance_entry,True,Completed,0,1050,95.5500008115,100327.500852075,0.0
2024-08-31,COR,rebalance_exit,False,Completed,0,-451,236.2637340319,100479.40392336661,0.0
2024-08-31,FIX,rebalance_exit,False,Completed,0,-307,331.1488663787,101177.6496267361,0.0
2024-08-31,GRMN,rebalance_entry,True,Completed,0,600,167.242324738,100345.3948428,0.0
2024-08-31,KMB,rebalance_entry,True,Completed,0,793,127.003532136,100713.800983848,0.0
2024-08-31,LII,rebalance_exit,False,Completed,0,-216,575.0405339229,99487.24482412799,0.0
2024-08-31,MSI,rebalance_entry,True,Completed,0,255,392.709421073,100140.902373615,0.0
2024-08-31,NVDA,rebalance_exit,False,Completed,0,-912,117.474304167,103564.6813724736,0.0
2024-08-31,SMCI,rebalance_exit,False,Completed,0,-1274,70.456,102174.8,0.0
2024-08-31,VRSK,rebalance_entry,True,Completed,0,386,258.2170779604,99671.7920927144,0.0
2024-08-31,VRT,rebalance_exit,False,Completed,0,-1022,79.5734478475,100110.27198019541,0.0
2024-08-31,VST,rebalance_exit,False,Completed,0,-1022,78.643392029,100742.5908162674,0.0
2024-09-30,BG,rebalance_exit,False,Completed,0,-1009,95.1787606695,100632.08118723829,0.0
2024-09-30,CDW,rebalance_exit,False,Completed,0,-473,218.0464194267,99023.36069853921,0.0
2024-09-30,DVA,rebalance_entry,True,Completed,0,662,150.0,99300.0,0.0
2024-09-30,GRMN,rebalance_exit,False,Completed,0,-600,178.0980470905,100345.3948428,0.0
2024-09-30,HD,rebalance_entry,True,Completed,0,281,354.5314087404,99623.32585605241,0.0
2024-09-30,MSI,rebalance_exit,False,Completed,0,-255,438.5251928257,100140.902373615,0.0
2024-09-30,NRG,rebalance_exit,False,Completed,0,-1271,82.7704581995,99476.51097791501,0.0
2024-09-30,NTAP,rebalance_entry,True,Completed,0,857,118.5331216328,101582.8852393096,0.0
2024-09-30,NVDA,rebalance_entry,True,Completed,0,838,115.95502447389998,97170.31050912819,0.0
2024-09-30,RCL,rebalance_entry,True,Completed,0,621,158.7095788601,98558.6484721221,0.0
2024-09-30,SMCI,rebalance_entry,True,Completed,0,2284,43.005,98223.42000000001,0.0
2024-09-30,VRSK,rebalance_exit,False,Completed,0,-386,269.5487146601,99671.7920927144,0.0
2024-10-31,CVNA,rebalance_exit,False,Completed,0,-5001,34.862,103300.65599999999,0.0
2024-10-31,DVA,rebalance_exit,False,Completed,0,-662,163.52,99300.0,0.0
2024-10-31,FIX,rebalance_entry,True,Completed,0,257,387.0870769597,99481.3787786429,0.0
2024-10-31,HD,rebalance_exit,False,Completed,0,-281,389.338895785,99623.32585605241,0.0
2024-10-31,LII,rebalance_entry,True,Completed,0,167,594.571659538,99293.467142846,0.0
2024-10-31,MSI,rebalance_entry,True,Completed,0,225,442.7461936045,99617.89356101249,0.0
2024-10-31,NTAP,rebalance_exit,False,Completed,0,-857,119.3156141228,101582.8852393096,0.0
2024-10-31,TRGP,rebalance_entry,True,Completed,0,700,141.9178259675,99342.47817725,0.0
2024-10-31,UHS,rebalance_entry,True,Completed,0,439,227.1961395434,99739.1052595526,0.0
2024-10-31,WSM,rebalance_exit,False,Completed,0,-729,150.0814415041,99737.3337025914,0.0
2024-11-30,DVA,rebalance_entry,True,Completed,0,715,141.64,101272.59999999999,0.0
2024-11-30,FIX,rebalance_exit,False,Completed,0,-257,393.3135720692,99481.3787786429,0.0
2024-11-30,GDDY,rebalance_entry,True,Completed,0,599,167.79,100506.20999999999,0.0
2024-11-30,HD,rebalance_entry,True,Completed,0,263,380.4539281617,100059.3831065271,0.0
2024-11-30,KMB,rebalance_exit,False,Completed,0,-793,126.6470590793,100713.800983848,0.0
2024-11-30,LII,rebalance_exit,False,Completed,0,-167,597.2829520524,99293.467142846,0.0
2024-11-30,MPWR,rebalance_entry,True,Completed,0,133,756.9535468207,100674.8217271531,0.0
2024-11-30,RCL,rebalance_exit,False,Completed,0,-621,202.19552402,98558.6484721221,0.0
2024-11-30,TRGP,rebalance_exit,False,Completed,0,-700,163.0615271738,99342.47817725,0.0
2024-11-30,UHS,rebalance_exit,False,Completed,0,-439,205.38992185420003,99739.1052595526,0.0
2024-11-30,VRT,rebalance_entry,True,Completed,0,916,109.6980877512,100483.4483800992,0.0
2024-11-30,VST,rebalance_entry,True,Completed,0,807,123.53930916139998,99696.22249324979,0.0
2024-12-31,ADSK,rebalance_entry,True,Completed,0,342,291.74,99775.08,0.0
2024-12-31,CL,rebalance_exit,False,Completed,0,-1050,93.3439854708,100327.500852075,0.0
2024-12-31,DVA,rebalance_exit,False,Completed,0,-715,166.46,101272.59999999999,0.0
2024-12-31,FTNT,rebalance_entry,True,Completed,0,1052,95.36,100318.72,0.0
2024-12-31,GM,rebalance_entry,True,Completed,0,1825,54.6815165182,99793.767645715,0.0
2024-12-31,MPWR,rebalance_exit,False,Completed,0,-133,560.1922538236,100674.8217271531,0.0
2024-12-31,MSI,rebalance_exit,False,Completed,0,-225,490.7896824328001,99617.89356101249,0.0
2024-12-31,ORCL,rebalance_entry,True,Completed,0,549,182.2994208754,100082.3820605946,0.0
2024-12-31,TPL,rebalance_entry,True,Completed,0,189,529.8094922748,100133.99403993721,0.0
2024-12-31,VST,rebalance_exit,False,Completed,0,-807,160.2243367615,99696.22249324979,0.0
2025-01-31,ADSK,rebalance_exit,False,Completed,0,-342,297.75,99775.08,0.0
2025-01-31,APO,rebalance_entry,True,Completed,0,619,163.2396263091,101045.3286853329,0.0
2025-01-31,CL,rebalance_entry,True,Completed,0,1140,87.8361405081,100133.200179234,0.0
2025-01-31,GM,rebalance_exit,False,Completed,0,-1825,52.6516970382,99793.767645715,0.0
2025-01-31,LYV,rebalance_entry,True,Completed,0,772,130.6,100823.2,0.0
2025-01-31,ORCL,rebalance_exit,False,Completed,0,-549,165.8000885419,100082.3820605946,0.0
2025-01-31,SMCI,rebalance_exit,False,Completed,0,-2284,30.97,98223.42000000001,0.0
2025-01-31,UAL,rebalance_entry,True,Completed,0,1029,97.29,100111.41,0.0
2025-01-31,VRT,rebalance_exit,False,Completed,0,-916,114.8318257106,100483.4483800992,0.0
2025-01-31,VST,rebalance_entry,True,Completed,0,730,138.6604745317,101222.14640814101,0.0
2025-02-28,APO,rebalance_exit,False,Completed,0,-619,162.5455719664,101045.3286853329,0.0
2025-02-28,DECK,rebalance_entry,True,Completed,0,563,174.5,98243.5,0.0
2025-02-28,LII,rebalance_entry,True,Completed,0,170,567.9766028744,96556.022488648,0.0
2025-02-28,TPL,rebalance_exit,False,Completed,0,-189,423.3923509889,100133.99403993721,0.0
2025-02-28,TRGP,rebalance_entry,True,Completed,0,522,190.0915816639,99227.8056285558,0.0
2025-02-28,VST,rebalance_exit,False,Completed,0,-730,156.4063936027,101222.14640814101,0.0
2025-03-31,DECK,rebalance_exit,False,Completed,0,-563,140.17,98243.5,0.0
2025-03-31,HD,rebalance_exit,False,Completed,0,-263,384.5405570791,100059.3831065271,0.0
2025-03-31,KMB,rebalance_entry,True,Completed,0,741,134.0402169099,99323.8007302359,0.0
2025-03-31,LII,rebalance_exit,False,Completed,0,-170,592.928061985,96556.022488648,0.0
2025-03-31,NCLH,rebalance_entry,True,Completed,0,4401,22.97,101090.97,0.0
2025-03-31,NTAP,rebalance_entry,True,Completed,0,1028,98.0466528006,100791.9590790168,0.0
2025-03-31,NVDA,rebalance_exit,False,Completed,0,-838,123.4703432981,97170.31050912819,0.0
2025-03-31,TRGP,rebalance_exit,False,Completed,0,-522,197.131290366,99227.8056285558,0.0
2025-03-31,VRSK,rebalance_entry,True,Completed,0,339,292.8901434132,99289.7586170748,0.0
2025-03-31,VST,rebalance_entry,True,Completed,0,753,132.7319274218,99947.1413486154,0.0
2025-04-30,HD,rebalance_entry,True,Completed,0,279,355.0927332056,99070.87256436239,0.0
2025-04-30,KMB,rebalance_exit,False,Completed,0,-741,136.7962096849,99323.8007302359,0.0
2025-04-30,LYV,rebalance_exit,False,Completed,0,-772,130.25,100823.2,0.0
2025-04-30,MMM,rebalance_entry,True,Completed,0,697,142.3037653034,99185.7244164698,0.0
2025-04-30,NCLH,rebalance_exit,False,Completed,0,-4401,18.95,101090.97,0.0
2025-04-30,NTAP,rebalance_exit,False,Completed,0,-1028,86.0904569165,100791.9590790168,0.0
2025-04-30,NVDA,rebalance_entry,True,Completed,0,922,108.4895306518,100027.34726095959,0.0
2025-04-30,RCL,rebalance_entry,True,Completed,0,494,201.5214187053,99551.5808404182,0.0
2025-05-31,APP,rebalance_entry,True,Completed,0,371,282.0,104622.0,0.0
2025-05-31,GRMN,rebalance_entry,True,Completed,0,543,182.8882295107,99308.3086243101,0.0
2025-05-31,LYV,rebalance_entry,True,Completed,0,755,133.38,100701.9,0.0
2025-05-31,MMM,rebalance_exit,False,Completed,0,-697,135.0567238583,99185.7244164698,0.0
2025-05-31,NCLH,rebalance_entry,True,Completed,0,6238,16.23,101242.74,0.0
2025-05-31,NVDA,rebalance_exit,False,Completed,0,-922,113.0534592094,100027.34726095959,0.0
2025-05-31,RCL,rebalance_exit,False,Completed,0,-494,215.828532922,99551.5808404182,0.0
2025-05-31,TPL,rebalance_entry,True,Completed,0,234,422.7043800063,98912.82492147421,0.0
2025-05-31,UAL,rebalance_exit,False,Completed,0,-1029,69.85,100111.41,0.0
2025-05-31,VST,rebalance_exit,False,Completed,0,-753,136.9457411548,99947.1413486154,0.0
2025-06-30,CL,rebalance_exit,False,Completed,0,-1140,89.9462888072,100133.200179234,0.0
2025-06-30,COR,rebalance_entry,True,Completed,0,345,288.1152555721,99399.7631723745,0.0
2025-06-30,DVA,rebalance_entry,True,Completed,0,733,135.67,99446.10999999999,0.0
2025-06-30,GDDY,rebalance_exit,False,Completed,0,-599,182.03,100506.20999999999,0.0
2025-06-30,GRMN,rebalance_exit,False,Completed,0,-543,199.2783204395,99308.3086243101,0.0
2025-06-30,KMB,rebalance_entry,True,Completed,0,726,137.5047998793,99828.4847123718,0.0
2025-06-30,NCLH,rebalance_exit,False,Completed,0,-6238,17.5,101242.74,0.0
2025-06-30,UBER,rebalance_entry,True,Completed,0,1188,84.48,100362.24,0.0
2025-07-31,CLX,rebalance_entry,True,Completed,0,870,115.2611632375,100277.212016625,0.0
2025-07-31,GDDY,rebalance_entry,True,Completed,0,555,179.68,99722.40000000001,0.0
2025-07-31,TPL,rebalance_exit,False,Completed,0,-234,349.50202294799993,98912.82492147421,0.0
2025-07-31,UBER,rebalance_exit,False,Completed,0,-1188,92.85,100362.24,0.0
2025-08-31,CL,rebalance_entry,True,Completed,0,1215,82.4391715708,100163.593458522,0.0
2025-08-31,GDDY,rebalance_exit,False,Completed,0,-555,160.47,99722.40000000001,0.0
2025-08-31,HD,rebalance_exit,False,Completed,0,-279,360.9152892408,99070.87256436239,0.0
2025-08-31,HOOD,rebalance_entry,True,Completed,0,970,97.8,94866.0,0.0
2025-08-31,KMB,rebalance_exit,False,Completed,0,-726,128.2517983618,99828.4847123718,0.0
2025-08-31,RCL,rebalance_entry,True,Completed,0,318,305.7837450668,97239.2309312424,0.0
2025-09-30,CL,rebalance_exit,False,Completed,0,-1215,82.5912552603,100163.593458522,0.0
2025-09-30,CLX,rebalance_exit,False,Completed,0,-870,114.71419651159998,100277.212016625,0.0
2025-09-30,COR,rebalance_exit,False,Completed,0,-345,290.3269646605,99399.7631723745,0.0
2025-09-30,DVA,rebalance_exit,False,Completed,0,-733,136.46,99446.10999999999,0.0
2025-09-30,EBAY,rebalance_entry,True,Completed,0,1114,88.5596625732,98655.4641065448,0.0
2025-09-30,FTNT,rebalance_exit,False,Completed,0,-1052,75.235,100318.72,0.0
2025-09-30,JBL,rebalance_entry,True,Completed,0,488,199.5712869165,97390.788015252,0.0
2025-09-30,NVDA,rebalance_entry,True,Completed,0,574,169.9719990929,97563.9274793246,0.0
2025-09-30,ORCL,rebalance_entry,True,Completed,0,445,220.27115083229998,98020.6621203735,0.0
2025-09-30,RCL,rebalance_exit,False,Completed,0,-318,351.2768091878,97239.2309312424,0.0
2025-09-30,ULTA,rebalance_entry,True,Completed,0,202,491.26000000000005,99234.52,0.0
2025-09-30,VRSK,rebalance_exit,False,Completed,0,-339,266.6238192917,99289.7586170748,0.0
2025-09-30,VST,rebalance_entry,True,Completed,0,530,183.8071556081,97417.792472293,0.0
2025-09-30,WSM,rebalance_entry,True,Completed,0,536,185.4943660471,99424.98020124559,0.0
2025-10-31,APP,rebalance_exit,False,Completed,0,-371,714.835,104622.0,0.0
2025-10-31,CCL,rebalance_entry,True,Completed,0,3496,28.5722329267,99888.5263117432,0.0
2025-10-31,CL,rebalance_entry,True,Completed,0,1274,78.7401037676,100314.89219992241,0.0
2025-10-31,EBAY,rebalance_exit,False,Completed,0,-1114,89.8768662326,98655.4641065448,0.0
2025-10-31,EXPE,rebalance_entry,True,Completed,0,470,212.8179283802,100024.426338694,0.0
2025-10-31,GDDY,rebalance_entry,True,Completed,0,730,136.57,99696.09999999999,0.0
2025-10-31,HD,rebalance_entry,True,Completed,0,250,399.015604731,99753.90118274999,0.0
2025-10-31,HOOD,rebalance_exit,False,Completed,0,-970,141.26,94866.0,0.0
2025-10-31,JBL,rebalance_exit,False,Completed,0,-488,214.3373242644,97390.788015252,0.0
2025-10-31,LYV,rebalance_exit,False,Completed,0,-755,161.0,100701.9,0.0
2025-10-31,NRG,rebalance_entry,True,Completed,0,622,160.2648348244,99684.7272607768,0.0
2025-10-31,NVDA,rebalance_exit,False,Completed,0,-574,185.2199426665,97563.9274793246,0.0
2025-10-31,RCL,rebalance_entry,True,Completed,0,311,317.7972959565,98834.95904247151,0.0
2025-10-31,SYF,rebalance_entry,True,Completed,0,1424,70.2372973658,100017.9114488992,0.0
2025-10-31,UAL,rebalance_entry,True,Completed,0,1036,95.99,99445.64,0.0
2025-10-31,ULTA,rebalance_exit,False,Completed,0,-202,546.77,99234.52,0.0
2025-10-31,VST,rebalance_exit,False,Completed,0,-530,194.4228387937,97417.792472293,0.0
2025-10-31,WSM,rebalance_exit,False,Completed,0,-536,194.1926614729,99424.98020124559,0.0
2025-11-30,APP,rebalance_entry,True,Completed,0,156,646.985,100929.66,0.0
2025-11-30,CCL,rebalance_exit,False,Completed,0,-3496,28.502978899500004,99888.5263117432,0.0
2025-11-30,CI,rebalance_entry,True,Completed,0,413,240.0507154014,99140.9454607782,0.0
2025-11-30,CL,rebalance_exit,False,Completed,0,-1274,75.6231148444,100314.89219992241,0.0
2025-11-30,CMG,rebalance_entry,True,Completed,0,3155,31.65,99855.75,0.0
2025-11-30,DXCM,rebalance_entry,True,Completed,0,1717,58.55,100530.34999999999,0.0
2025-11-30,EBAY,rebalance_entry,True,Completed,0,1241,79.8839452377,99135.9760399857,0.0
2025-11-30,EME,rebalance_entry,True,Completed,0,148,672.2733813868,99496.4604452464,0.0
2025-11-30,EXPE,rebalance_exit,False,Completed,0,-470,217.620575645,100024.426338694,0.0
2025-11-30,FISV,rebalance_entry,True,Completed,0,1499,66.0,98934.0,0.0
2025-11-30,FIX,rebalance_entry,True,Completed,0,103,974.3633854623,100359.4287026169,0.0
2025-11-30,GDDY,rebalance_exit,False,Completed,0,-730,133.11,99696.09999999999,0.0
2025-11-30,HD,rebalance_exit,False,Completed,0,-250,371.9994884632,99753.90118274999,0.0
2025-11-30,META,rebalance_entry,True,Completed,0,154,654.9205620533,100857.76655620821,0.0
2025-11-30,MPWR,rebalance_entry,True,Completed,0,99,1026.3527945453,101608.92665998469,0.0
2025-11-30,NRG,rebalance_exit,False,Completed,0,-622,172.494574585,99684.7272607768,0.0
2025-11-30,ORCL,rebalance_exit,False,Completed,0,-445,263.6175288738,98020.6621203735,0.0
2025-11-30,RCL,rebalance_exit,False,Completed,0,-311,283.1560724475,98834.95904247151,0.0
2025-11-30,SYF,rebalance_exit,False,Completed,0,-1424,73.1321529191,100017.9114488992,0.0
2025-11-30,UAL,rebalance_exit,False,Completed,0,-1036,94.0,99445.64,0.0
2025-12-31,ABBV,rebalance_entry,True,Completed,0,446,223.515747116,99688.023213736,0.0
2025-12-31,APP,rebalance_exit,False,Completed,0,-156,588.13,100929.66,0.0
2025-12-31,CI,rebalance_exit,False,Completed,0,-413,274.0003778375,99140.9454607782,0.0
2025-12-31,CL,rebalance_entry,True,Completed,0,1259,79.306988664,99847.49872797601,0.0
2025-12-31,CLX,rebalance_entry,True,Completed,0,948,105.0035537731,99543.3689768988,0.0
2025-12-31,CMG,rebalance_exit,False,Completed,0,-3155,34.21,99855.75,0.0
2025-12-31,COR,rebalance_entry,True,Completed,0,272,367.4819453914,99955.0891464608,0.0
2025-12-31,DXCM,rebalance_exit,False,Completed,0,-1717,62.79,100530.34999999999,0.0
2025-12-31,EBAY,rebalance_exit,False,Completed,0,-1241,81.2172444947,99135.9760399857,0.0
2025-12-31,EME,rebalance_exit,False,Completed,0,-148,604.9181852457,99496.4604452464,0.0
2025-12-31,EXPE,rebalance_entry,True,Completed,0,392,253.48057791709996,99364.38654350319,0.0
2025-12-31,FISV,rebalance_exit,False,Completed,0,-1499,61.44,98934.0,0.0
2025-12-31,FIX,rebalance_exit,False,Completed,0,-103,960.09891039,100359.4287026169,0.0
2025-12-31,GDDY,rebalance_entry,True,Completed,0,782,127.03,99337.46,0.0
2025-12-31,LLY,rebalance_entry,True,Completed,0,93,1070.7524456418,99579.9774446874,0.0
2025-12-31,MA,rebalance_entry,True,Completed,0,182,545.8703429783,99348.4024220506,0.0
2025-12-31,META,rebalance_exit,False,Completed,0,-154,638.4976302762,100857.76655620821,0.0
2025-12-31,MPWR,rebalance_exit,False,Completed,0,-99,905.5022441351,101608.92665998469,0.0
2025-12-31,NVDA,rebalance_entry,True,Completed,0,565,174.7410774153,98728.7087396445,0.0
2025-12-31,VRSK,rebalance_entry,True,Completed,0,446,223.1840636984,99540.0924094864,0.0
2026-01-31,ABBV,rebalance_exit,False,Completed,0,-446,225.0406795868,99688.023213736,0.0
2026-01-31,APP,rebalance_entry,True,Completed,0,148,683.37,101138.76,0.0
2026-01-31,CL,rebalance_exit,False,Completed,0,-1259,77.9539304514,99847.49872797601,0.0
2026-01-31,CLX,rebalance_exit,False,Completed,0,-948,98.6970926595,99543.3689768988,0.0
2026-01-31,COR,rebalance_exit,False,Completed,0,-272,335.8383584417,99955.0891464608,0.0
2026-01-31,CVNA,rebalance_entry,True,Completed,0,1184,84.336,99853.824,0.0
2026-01-31,EXPE,rebalance_exit,False,Completed,0,-392,281.8863385545,99364.38654350319,0.0
2026-01-31,FIX,rebalance_entry,True,Completed,0,107,937.5103458965,100313.6070109255,0.0
2026-01-31,GDDY,rebalance_exit,False,Completed,0,-782,123.61,99337.46,0.0
2026-01-31,HOOD,rebalance_entry,True,Completed,0,884,115.478,102082.552,0.0
2026-01-31,KLAC,rebalance_entry,True,Completed,0,82,1256.4388593325,103027.986465265,0.0
2026-01-31,LITE,rebalance_entry,True,Completed,0,271,379.38,102811.98,0.0
2026-01-31,LLY,rebalance_exit,False,Completed,0,-93,1072.7656252805,99579.9774446874,0.0
2026-01-31,LRCX,rebalance_entry,True,Completed,0,584,177.6428734602,103743.4381007568,0.0
2026-01-31,MA,rebalance_exit,False,Completed,0,-182,568.8657940274,99348.4024220506,0.0
2026-01-31,MU,rebalance_entry,True,Completed,0,350,294.9874980587,103245.624320545,0.0
2026-01-31,NEM,rebalance_entry,True,Completed,0,1006,100.5251979962,101128.3491841772,0.0
2026-01-31,NVDA,rebalance_exit,False,Completed,0,-565,189.8247960116,98728.7087396445,0.0
2026-01-31,VRSK,rebalance_exit,False,Completed,0,-446,221.3898810232,99540.0924094864,0.0
2026-01-31,WDC,rebalance_entry,True,Completed,0,580,177.1145299145,102726.42735041,0.0
2026-02-28,APH,rebalance_entry,True,Completed,0,695,143.7250229148,99888.890925786,0.0
2026-02-28,HOOD,rebalance_exit,False,Completed,0,-884,95.88,102082.552,0.0
2026-02-28,LITE,rebalance_exit,False,Completed,0,-271,405.49,102811.98,0.0
2026-02-28,LVS,rebalance_entry,True,Completed,0,1917,52.9763470796,101555.6573515932,0.0
2026-03-31,AAPL,rebalance_entry,True,Completed,0,378,262.1681474654,99099.5597419212,0.0
2026-03-31,AMAT,rebalance_entry,True,Completed,0,268,366.1259407792,98121.7521288256,0.0
2026-03-31,APH,rebalance_exit,False,Completed,0,-695,141.2248063703,99888.890925786,0.0
2026-03-31,APP,rebalance_exit,False,Completed,0,-148,418.69,101138.76,0.0
2026-03-31,CVNA,rebalance_exit,False,Completed,0,-1184,64.496,99853.824,0.0
2026-03-31,EME,rebalance_entry,True,Completed,0,138,718.9170251687,99210.5494732806,0.0
2026-03-31,FSLR,rebalance_entry,True,Completed,0,507,193.1,97901.7,0.0
2026-03-31,KLAC,rebalance_exit,False,Completed,0,-82,1473.0710732054,103027.986465265,0.0
2026-03-31,LVS,rebalance_exit,False,Completed,0,-1917,55.3423059361,101555.6573515932,0.0
2026-03-31,NEM,rebalance_exit,False,Completed,0,-1006,130.9644549001,101128.3491841772,0.0
2026-03-31,NVDA,rebalance_entry,True,Completed,0,564,175.0005928833,98700.33438618119,0.0
2026-03-31,UHS,rebalance_entry,True,Completed,0,485,203.23,98566.54999999999,0.0
2026-04-30,AAPL,rebalance_exit,False,Completed,0,-378,253.8458248848,99099.5597419212,0.0
2026-04-30,AMAT,rebalance_exit,False,Completed,0,-268,344.8573175349,98121.7521288256,0.0
2026-04-30,CF,rebalance_entry,True,Completed,0,773,126.9432002545,98127.0937967285,0.0
2026-04-30,COHR,rebalance_entry,True,Completed,0,419,244.14,102294.65999999999,0.0
2026-04-30,EME,rebalance_exit,False,Completed,0,-138,747.482602662,99210.5494732806,0.0
2026-04-30,FSLR,rebalance_exit,False,Completed,0,-507,198.02,97901.7,0.0
2026-04-30,LITE,rebalance_entry,True,Completed,0,142,734.875,104352.25,0.0
2026-04-30,NVDA,rebalance_exit,False,Completed,0,-564,176.0,98700.33438618119,0.0
2026-04-30,SYY,rebalance_entry,True,Completed,0,1412,71.1401506276,100449.8926861712,0.0
2026-04-30,TER,rebalance_entry,True,Completed,0,337,301.8589721979,101726.4736306923,0.0
2026-04-30,UHS,rebalance_exit,False,Completed,0,-485,177.57,98566.54999999999,0.0
2026-04-30,VRT,rebalance_entry,True,Completed,0,399,257.0,102543.0,0.0
2026-05-31,APP,rebalance_entry,True,Completed,0,224,459.055,102828.32,0.0
2026-05-31,CF,rebalance_exit,False,Completed,0,-773,123.45711786229998,98127.0937967285,0.0
2026-05-31,COHR,rebalance_exit,False,Completed,0,-419,317.01,102294.65999999999,0.0
2026-05-31,FIX,rebalance_exit,False,Completed,0,-107,1851.2667954493,100313.6070109255,0.0
2026-05-31,HOOD,rebalance_entry,True,Completed,0,1371,73.775,101145.52500000001,0.0
2026-05-31,KLAC,rebalance_entry,True,Completed,0,57,1730.7336744847,98651.8194456279,0.0
2026-05-31,LITE,rebalance_exit,False,Completed,0,-142,913.0,104352.25,0.0
2026-05-31,LRCX,rebalance_exit,False,Completed,0,-584,255.13999999999996,103743.4381007568,0.0
2026-05-31,MA,rebalance_entry,True,Completed,0,198,506.0,100188.0,0.0
2026-05-31,META,rebalance_entry,True,Completed,0,163,614.69,100194.47000000002,0.0
2026-05-31,NVDA,rebalance_entry,True,Completed,0,501,201.28,100841.28,0.0
2026-05-31,STX,rebalance_entry,True,Completed,0,148,667.01,98717.48,0.0
2026-05-31,SYY,rebalance_exit,False,Completed,0,-1412,75.05,100449.8926861712,0.0
2026-05-31,VRT,rebalance_exit,False,Completed,0,-399,330.6499999999999,102543.0,0.0
