month,value,cash,return
2006-06-30,1000000.0,1000000.0,0.0
2006-07-31,1000000.0,1000000.0,0.0
2006-08-31,1000000.0,1000000.0,0.0
2006-09-30,1000000.0,1000000.0,0.0
2006-10-31,1000000.0,1000000.0,0.0
2006-11-30,1000000.0,1000000.0,0.0
2006-12-31,1000000.0,1000000.0,0.0
2007-01-31,1000000.0,1000000.0,0.0
2007-02-28,1000000.0,1000000.0,0.0
2007-03-31,1000000.0,1000000.0,0.0
2007-04-30,1000000.0,1000000.0,0.0
2007-05-31,1000000.0,1000000.0,0.0
2007-06-30,1000000.0,1000000.0,0.0
2007-07-31,1000000.0,1000000.0,0.0
2007-08-31,1000000.0,1000000.0,0.0
2007-09-30,1000000.0,1000000.0,0.0
2007-10-31,1000000.0,1000000.0,0.0
2007-11-30,1000000.0,1000000.0,0.0
2007-12-31,1000000.0,1000000.0,0.0
2008-01-31,1000000.0,1000000.0,0.0
2008-02-29,1000000.0,1000000.0,0.0
2008-03-31,1000000.0,1000000.0,0.0
2008-04-30,1000000.0,1000000.0,0.0
2008-05-31,1000000.0,1000000.0,0.0
2008-06-30,1000000.0,1000000.0,0.0
2008-07-31,1000000.0,1000000.0,0.0
2008-08-31,1000000.0,1000000.0,0.0
2008-09-30,1000000.0,1000000.0,0.0
2008-10-31,1000000.0,1000000.0,0.0
2008-11-30,1000000.0,1000000.0,0.0
2008-12-31,1000000.0,1000000.0,0.0
2009-01-31,1000000.0,1000000.0,0.0
2009-02-28,1000000.0,1000000.0,0.0
2009-03-31,1000000.0,1000000.0,0.0
2009-04-30,1000000.0,1000000.0,0.0
2009-05-31,1000000.0,1000000.0,0.0
2009-06-30,1000000.0,1000000.0,0.0
2009-07-31,1000000.0,1000000.0,0.0
2009-08-31,1000000.0,1000000.0,0.0
2009-09-30,1000000.0,1000000.0,0.0
2009-10-31,1000000.0,1000000.0,0.0
2009-11-30,1000000.0,1000000.0,0.0
2009-12-31,1000000.0,1000000.0,0.0
2010-01-31,1000000.0,1000000.0,0.0
2010-02-28,1000000.0,1000000.0,0.0
2010-03-31,1000000.0,1000000.0,0.0
2010-04-30,1000000.0,1000000.0,0.0
2010-05-31,1000000.0,1000000.0,0.0
2010-06-30,1000000.0,1000000.0,0.0
2010-07-31,1000000.0,1000000.0,0.0
2010-08-31,1000000.0,1000000.0,0.0
2010-09-30,1000000.0,1000000.0,0.0
2010-10-31,1000000.0,1000000.0,0.0
2010-11-30,1000000.0,1000000.0,0.0
2010-12-31,1000000.0,1000000.0,0.0
2011-01-31,1000000.0,1000000.0,0.0
2011-02-28,1000000.0,1000000.0,0.0
2011-03-31,1000000.0,1000000.0,0.0
2011-04-30,1000000.0,1000000.0,0.0
2011-05-31,1000000.0,1000000.0,0.0
2011-06-30,1000000.0,1000000.0,0.0
2011-07-31,1000000.0,1000000.0,0.0
2011-08-31,1000000.0,1000000.0,0.0
2011-09-30,1000000.0,1000000.0,0.0
2011-10-31,1000000.0,1000000.0,0.0
2011-11-30,1000000.0,1000000.0,0.0
2011-12-31,1000000.0,1000000.0,0.0
2012-01-31,1000000.0,1000000.0,0.0
2012-02-29,1000000.0,1000000.0,0.0
2012-03-31,1000000.0,1000000.0,0.0
2012-04-30,1000000.0,1000000.0,0.0
2012-05-31,1000000.0,1000000.0,0.0
2012-06-30,1000000.0,1000000.0,0.0
2012-07-31,1000000.0,1000000.0,0.0
2012-08-31,1000000.0,1000000.0,0.0
2012-09-30,1000000.0,1000000.0,0.0
2012-10-31,1000000.0,1000000.0,0.0
2012-11-30,1000000.0,1000000.0,0.0
2012-12-31,1000000.0,1000000.0,0.0
2013-01-31,1000000.0,1000000.0,0.0
2013-02-28,1000000.0,1000000.0,0.0
2013-03-31,1000000.0,1000000.0,0.0
2013-04-30,1000000.0,1000000.0,0.0
2013-05-31,1000000.0,1000000.0,0.0
2013-06-30,1000000.0,1000000.0,0.0
2013-07-31,1000000.0,1000000.0,0.0
2013-08-31,1000000.0,1000000.0,0.0
2013-09-30,1000000.0,1000000.0,0.0
2013-10-31,1000000.0,1000000.0,0.0
2013-11-30,1000000.0,1000000.0,0.0
2013-12-31,1000000.0,1000000.0,0.0
2014-01-31,1000000.0,1000000.0,0.0
2014-02-28,1000000.0,1000000.0,0.0
2014-03-31,1000000.0,1000000.0,0.0
2014-04-30,1000000.0,1000000.0,0.0
2014-05-31,1000000.0,1000000.0,0.0
2014-06-30,1000000.0,1000000.0,0.0
2014-07-31,1000000.0,1000000.0,0.0
2014-08-31,1000000.0,1000000.0,0.0
2014-09-30,1000000.0,1000000.0,0.0
2014-10-31,1000000.0,1000000.0,0.0
2014-11-30,1000000.0,1000000.0,0.0
2014-12-31,1000000.0,1000000.0,0.0
2015-01-31,1000000.0,1000000.0,0.0
2015-02-28,1000000.0,1000000.0,0.0
2015-03-31,1000000.0,1000000.0,0.0
2015-04-30,1000000.0,1000000.0,0.0
2015-05-31,1000000.0,1000000.0,0.0
2015-06-30,1000000.0,1000000.0,0.0
2015-07-31,1000000.0,1000000.0,0.0
2015-08-31,1000000.0,1000000.0,0.0
2015-09-30,1000000.0,1000000.0,0.0
2015-10-31,1000000.0,1000000.0,0.0
2015-11-30,1000000.0,1000000.0,0.0
2015-12-31,1000000.0,1000000.0,0.0
2016-01-31,1000000.0,1000000.0,0.0
2016-02-29,1000000.0,1000000.0,0.0
2016-03-31,1000000.0,1000000.0,0.0
2016-04-30,1000000.0,1000000.0,0.0
2016-05-31,1000000.0,1000000.0,0.0
2016-06-30,1037506.7496596166,2266.520312120876,0.037506749659616645
2016-07-31,1058876.6343724101,107185.45739487397,0.020597345241179843
2016-08-31,1075441.2834613342,13631.665782808472,0.015643606206063643
2016-09-30,1070345.0145086083,138859.01607268146,-0.004738770057555741
2016-10-31,1047459.9842734914,137426.99704556406,-0.02138098456563864
2016-11-30,1048667.9861513209,1048667.9861513209,0.001153267805898306
2016-12-31,1054047.6927745198,46227.395701761096,0.005130038004633741
2017-01-31,1069456.6911916775,42697.63714092209,0.014618881595952482
2017-02-28,1077268.0520209465,1077268.0520209465,0.007304045964278361
2017-03-31,1077268.0520209465,1077268.0520209465,0.0
2017-04-30,1083302.1813574727,76742.20530530343,0.005601325802994106
2017-05-31,1110142.5978661997,260808.80437141372,0.02477648154930656
2017-06-30,1111299.2485681751,1111299.2485681751,0.0010418938109379994
2017-07-31,1143152.9686821166,108973.87238009536,0.02866349469324536
2017-08-31,1146850.62340758,1146850.62340758,0.0032346106135963115
2017-09-30,1146850.62340758,1146850.62340758,0.0
2017-10-31,1146850.62340758,1146850.62340758,0.0
2017-11-30,1186314.8502216844,139642.57508540264,0.03441095641282943
2017-12-31,1198686.1506829017,138643.14260327903,0.010428344936342482
2018-01-31,1260982.1000897218,132553.205609938,0.05197019200674813
2018-02-28,1249951.170229571,1249951.170229571,-0.0087478877450885
2018-03-31,1233127.7918986958,247539.09377820534,-0.013459228433527759
2018-04-30,1237247.7851407232,247773.46031347997,0.0033410918714951165
2018-05-31,1325381.461753664,242115.39841294847,0.07123365074597143
2018-06-30,1306384.2032917093,253779.18412697324,-0.014333427024713852
2018-07-31,1358124.3591778618,244789.40906968914,0.03960561966057341
2018-08-31,1359071.9135725803,1359071.9135725803,0.0006976933948021902
2018-09-30,1359071.9135725803,1359071.9135725803,0.0
2018-10-31,1216121.1861837795,354808.6695944208,-0.10518260730812068
2018-11-30,1217980.5189949707,1217980.5189949707,0.0015289042180293144
2018-12-31,1138835.0569005453,204969.3615104162,-0.06498089325741696
2019-01-31,1125730.0689485734,1125730.0689485734,-0.011507362609330274
2019-02-28,1125730.0689485734,1125730.0689485734,0.0
2019-03-31,1125730.0689485734,1125730.0689485734,0.0
2019-04-30,1165341.7806653199,118622.08491120329,0.03518757543159845
2019-05-31,1127246.5898256104,213264.1280059098,-0.032690144189252424
2019-06-30,1193006.6893161992,103159.1063050571,0.0583369247546468
2019-07-31,1203047.590770013,1203047.590770013,0.008416467018780072
2019-08-31,1203047.590770013,1203047.590770013,0.0
2019-09-30,1203047.590770013,1203047.590770013,0.0
2019-10-31,1249838.1324888184,199009.98941409512,0.038893342273232046
2019-11-30,1270289.0964082447,200685.8478096443,0.01636289003176916
2019-12-31,1303428.9020503229,207073.1296261045,0.026088396519958534
2020-01-31,1319154.8828231755,210940.4387966302,0.012065085213405435
2020-02-29,1326682.5491944763,1326682.5491944763,0.005706431041054616
2020-03-31,1215374.0369749523,312350.14292535867,-0.08389988417885452
2020-04-30,1313077.871392356,365076.1045400008,0.08038993054400523
2020-05-31,1400282.6686856493,270042.9132865356,0.06641251002183401
2020-06-30,1426747.4381330367,318187.6599567336,0.018899590803497013
2020-07-31,1555029.8870975943,396058.07477581647,0.08991251397123312
2020-08-31,1623714.929542508,549849.4069485955,0.04416959636262141
2020-09-30,1587505.9268401875,557642.5824665676,-0.022300098399983703
2020-10-31,1598296.40154022,538857.431074102,0.006797124040670566
2020-11-30,1658522.1836037012,589850.6009706381,0.03768123484820696
2020-12-31,1715233.310863499,620331.5772823346,0.03419377070771157
2021-01-31,1698935.6335682943,647516.9777448729,-0.009501726203649752
2021-02-28,1757976.7764575356,699493.642833825,0.034751842107894504
2021-03-31,1757972.3692102656,693497.4888479303,-2.506999710716329e-06
2021-04-30,1814279.7313694013,738438.1292791663,0.03202971966187995
2021-05-31,1812421.3913925586,757632.9902439218,-0.001024285254755064
2021-06-30,1815275.6313615367,806470.6583257138,0.001574821386755465
2021-07-31,1827447.9732629708,817718.9089106714,0.006705506145259221
2021-08-31,1839738.7062631757,798812.9868832403,0.0067256267647715084
2021-09-30,1797839.4324552687,799887.8562683567,-0.02277457862101062
2021-10-31,1895284.599465589,776955.7805478794,0.054201262499422365
2021-11-30,1876741.749395677,798879.2596446051,-0.009783675800004166
2021-12-31,1944381.0596259902,800282.4439403879,0.03604081928272418
2022-01-31,1903244.2453023577,840328.0192437762,-0.021156765604137928
2022-02-28,1904556.3457891555,853440.3581690517,0.0006894020512797638
2022-03-31,1909773.1968112634,881260.6192688582,0.002739142390637106
2022-04-30,1873018.073995247,876702.23229723,-0.019245805144498918
2022-05-31,1943633.149452185,863836.5186783476,0.03770122479721305
2022-06-30,1856051.4130154871,947809.3892353413,-0.045060836949288974
2022-07-31,1997535.0645466351,858011.9075168583,0.0762283040970737
2022-08-31,2047504.2246351088,992061.642063393,0.02501541073063196
2022-09-30,1962767.6648706505,1046026.152393323,-0.04138529178349293
2022-10-31,2076435.0169313187,1021332.4200092371,0.05791177126823066
2022-11-30,2123764.218847178,1071639.1462825143,0.02279349054024582
2022-12-31,2069046.7748698187,1065838.507655412,-0.025764368516887903
2023-01-31,2081122.8745219493,1031053.6558277541,0.0058365522707384265
2023-02-28,2059053.2441239362,1057849.4258444249,-0.010604674365074507
2023-03-31,2094157.1124754245,1050853.2648623844,0.017048548138163477
2023-04-30,2100306.2023252742,1053029.5363745643,0.002936307793344639
2023-05-31,2050637.7787906379,1051401.1870244252,-0.02364818209823305
2023-06-30,2138692.5710386094,1049119.0910617167,0.04294019800020554
2023-07-31,2179113.506048437,1079868.6254632014,0.018899834205810206
2023-08-31,2176652.71384696,1099440.7584955154,-0.0011292629753553163
2023-09-30,2142508.391214014,1124395.2673834572,-0.015686619374663757
2023-10-31,2126103.644914453,1124395.2673834572,-0.007656794422291946
2023-11-30,2246615.081297987,1110764.495095954,0.05668182577636438
2023-12-31,2325077.6767340554,1164042.1086350197,0.03492480580640289
2024-01-31,2459054.3192375647,1260155.0880364762,0.05762243723904348
2024-02-29,2625552.366191918,1407930.4637885203,0.06770816148785874
2024-03-31,2697815.618847524,1515751.0058122654,0.027523066607281432
2024-04-30,2633787.263891788,1558397.4327393107,-0.02373340657842582
2024-05-31,2644081.129740546,1602570.1558668467,0.003908389257508693
2024-06-30,2673492.118123815,1616440.3663613347,0.011123330540978804
2024-07-31,2673229.044647762,1649915.7534975104,-9.840069258837403e-05
2024-08-31,2728309.2810986205,1640082.4415747616,0.020604383511819924
2024-09-30,2792915.564397837,1672724.9860577204,0.023679970502904713
2024-10-31,2778192.04310004,1778912.8470137299,-0.005271738782755331
2024-11-30,2871867.1683186465,1807351.7853031943,0.033718016524904915
2024-12-31,2797395.616305733,1838512.2143737366,-0.02593140547531425
2025-01-31,2861840.594419271,1800042.4571561562,0.02303749163611135
2025-02-28,2817471.6671836134,1800828.659753027,-0.015503633333799005
2025-03-31,2732679.1430199784,1787603.3582821973,-0.03009525353928222
2025-04-30,2753335.60484018,1763586.7642866601,0.007559051296953001
2025-05-31,2818306.0281246398,1738783.9050142104,0.02359698656794551
2025-06-30,2819592.9465690926,1768695.1743683205,0.00045662835462523255
2025-07-31,2799299.156086595,1760784.8357215275,-0.007197418516453391
2025-08-31,2843456.3650069665,1751383.0326406131,0.01577438010666321
2025-09-30,3029208.0904828617,1745251.3272214155,0.06532603340140941
2025-10-31,3002880.8806403815,1999985.8298610083,-0.008691119611490161
2025-11-30,3003317.4050124,2001765.8212382377,0.0001453685275472072
2025-12-31,2995799.3195361095,1996766.8264970481,-0.0025032603825833055
2026-01-31,3113470.902342965,1976573.4359966808,0.039278860249249536
2026-02-28,3173347.1134954565,1969774.5977193015,0.019231337960291528
2026-03-31,3095025.1028479794,1973288.0465282986,-0.024681198698495055
2026-04-30,3431527.545683193,1941104.3484878703,0.10872365543192886
2026-05-31,3768578.163262875,2181430.2532628747,0.09822174325940813
