month,ticker,is_buy,status,exectype,size,price,value,commission
2010-06-30,BA,True,Completed,0,1977,50.6464560994,100128.0437085138,0.0
2010-06-30,BMY,True,Completed,0,7511,13.2558353535,99564.5793401385,0.0
2010-06-30,CL,True,Completed,0,3734,26.6652538595,99568.057911373,0.0
2010-06-30,CPB,True,Completed,0,4689,21.1627097541,99231.9460369749,0.0
2010-06-30,HSY,True,Completed,0,3122,31.8531105919,99445.4112679118,0.0
2010-06-30,IBM,True,Completed,0,1458,68.2720067143,99540.58578944941,0.0
2010-06-30,LMT,True,Completed,0,2046,48.8281660382,99902.42771415721,0.0
2010-06-30,MO,True,Completed,0,13210,7.555026746699999,99801.903323907,0.0
2010-06-30,STX,True,Completed,0,12594,7.8624861482,99020.1505504308,0.0
2010-06-30,YUM,True,Completed,0,4647,21.4238779391,99556.76078299769,0.0
2010-07-31,GRMN,True,Margin,0,0,0.0,0.0,0.0
2010-07-31,IT,True,Margin,0,0,0.0,0.0,0.0
2010-07-31,IBM,False,Completed,0,-1458,67.6478180251,99540.58578944941,0.0
2010-07-31,MO,False,Completed,0,-13210,7.6487538935,99801.903323907,0.0
2010-07-31,STX,False,Completed,0,-12594,6.7200736309,99020.1505504308,0.0
2010-08-31,STX,True,Margin,0,0,0.0,0.0,0.0
2010-08-31,BA,False,Completed,0,-1977,54.3817011891,100128.0437085138,0.0
2010-08-31,IT,True,Completed,0,3972,25.5,101286.0,0.0
2010-08-31,MO,True,Completed,0,11888,8.4952412971,100991.4285399248,0.0
2010-08-31,NFLX,True,Completed,0,68259,1.485998514,101432.772567126,0.0
2010-09-30,CLX,True,Margin,0,0,0.0,0.0,0.0
2010-09-30,DECK,True,Margin,0,0,0.0,0.0,0.0
2010-09-30,HSY,False,Margin,0,0,0.0,0.0,0.0
2010-10-31,CLX,True,Margin,0,0,0.0,0.0,0.0
2010-11-30,BA,True,Margin,0,0,0.0,0.0,0.0
2010-11-30,CLX,True,Margin,0,0,0.0,0.0,0.0
2010-11-30,BMY,False,Completed,0,-7511,15.8780506514,99564.5793401385,0.0
2010-11-30,CDNS,True,Completed,0,11806,8.51,100469.06,0.0
2010-11-30,HSY,False,Completed,0,-3122,34.2169798922,99445.4112679118,0.0
2010-11-30,LMT,False,Completed,0,-2046,44.2439857916,99902.42771415721,0.0
2010-11-30,NFLX,False,Completed,0,-68259,2.484997515,101432.772567126,0.0
2010-11-30,STX,True,Completed,0,13150,7.6608839392,100740.62380048,0.0
2010-11-30,VRSN,True,Completed,0,3430,28.989793239299996,99434.99081079899,0.0
2010-12-31,BMY,True,Margin,0,0,0.0,0.0,0.0
2010-12-31,CLX,True,Margin,0,0,0.0,0.0,0.0
2010-12-31,CPB,False,Margin,0,0,0.0,0.0,0.0
2010-12-31,AMD,True,Completed,0,13717,7.41,101642.97,0.0
2010-12-31,BA,True,Completed,0,1965,51.5751263145,101345.1232079925,0.0
2010-12-31,IT,False,Completed,0,-3972,32.46,101286.0,0.0
2010-12-31,STX,False,Completed,0,-13150,7.0302308754,100740.62380048,0.0
2010-12-31,TER,True,Completed,0,9166,11.2040688293,102696.4948893638,0.0
2011-01-31,NFLX,True,Margin,0,0,0.0,0.0,0.0
2011-01-31,CL,False,Completed,0,-3734,27.9148218871,99568.057911373,0.0
2011-01-31,CLX,True,Completed,0,2518,38.6375478566,97289.3455029188,0.0
2011-01-31,CPB,False,Completed,0,-4689,21.2584428234,99231.9460369749,0.0
2011-01-31,DECK,True,Completed,0,7524,13.4133333333,100921.91999974921,0.0
2011-01-31,LMT,True,Completed,0,2293,43.788647331,100407.368329983,0.0
2011-01-31,TER,False,Completed,0,-9166,12.9978236911,102696.4948893638,0.0
2011-02-28,CL,True,Completed,0,3723,26.937299086199996,100287.56449792259,0.0
2011-02-28,DECK,False,Completed,0,-7524,12.2933333333,100921.91999974921,0.0
2011-02-28,HSY,True,Completed,0,3087,32.454234948,100186.223284476,0.0
2011-02-28,LMT,False,Completed,0,-2293,49.7019860304,100407.368329983,0.0
2011-02-28,LRCX,True,Completed,0,23576,4.2891365128,101120.6824257728,0.0
2011-03-31,AMD,False,Completed,0,-13717,9.27,101642.97,0.0
2011-03-31,CPB,True,Completed,0,4871,20.6059318131,100371.4938616101,0.0
2011-03-31,HSY,False,Completed,0,-3087,36.6217467263,100186.223284476,0.0
2011-03-31,IBM,True,Completed,0,1113,90.5277537371,100757.3899093923,0.0
2011-03-31,LRCX,False,Completed,0,-23576,4.7023219133,101120.6824257728,0.0
2011-03-31,TPR,True,Completed,0,2738,36.6949998115,100470.909483887,0.0
2011-04-30,LMT,True,Completed,0,1975,50.6835823084,100100.07505909,0.0
2011-04-30,TPR,False,Completed,0,-2738,35.0005611703,100470.909483887,0.0
2011-05-31,CDNS,False,Completed,0,-11806,10.41,100469.06,0.0
2011-05-31,CPB,False,Completed,0,-4871,20.6802754902,100371.4938616101,0.0
2011-05-31,DAL,True,Completed,0,11205,9.1648503534,102692.148209847,0.0
2011-05-31,IBM,False,Completed,0,-1113,95.4994281072,100757.3899093923,0.0
2011-05-31,LMT,False,Completed,0,-1975,49.9595311326,100100.07505909,0.0
2011-05-31,NFLX,True,Completed,0,30085,3.403139454,102383.45047359001,0.0
2011-05-31,ROK,True,Completed,0,1558,64.5514759449,100571.1995221542,0.0
2011-05-31,TER,True,Completed,0,6752,14.8559697531,100307.5077729312,0.0
2011-06-30,IBM,True,Margin,0,0,0.0,0.0,0.0
2011-06-30,LMT,True,Margin,0,0,0.0,0.0,0.0
2011-06-30,CPB,True,Completed,0,4678,21.3261496503,99763.7280641034,0.0
2011-06-30,NFLX,False,Completed,0,-30085,3.849567579,102383.45047359001,0.0
2011-06-30,ROK,False,Completed,0,-1558,61.5735622794,100571.1995221542,0.0
2011-06-30,TER,False,Completed,0,-6752,14.6719948955,100307.5077729312,0.0
2011-07-31,AMD,True,Completed,0,14306,6.99,99998.94,0.0
2011-07-31,LMT,True,Completed,0,1942,51.4108092402,99839.7915444684,0.0
2011-08-31,ACN,True,Completed,0,2245,44.9049643504,100811.644966648,0.0
2011-08-31,BA,False,Completed,0,-1965,57.7541129486,101345.1232079925,0.0
2011-08-31,CLX,False,Completed,0,-2518,46.4023754823,97289.3455029188,0.0
2011-08-31,CPB,False,Completed,0,-4678,20.5832969002,99763.7280641034,0.0
2011-08-31,DAL,False,Completed,0,-11205,7.0498848872,102692.148209847,0.0
2011-08-31,IBM,True,Completed,0,986,101.769998363,100345.218385918,0.0
2011-08-31,MO,False,Completed,0,-11888,10.6965324916,100991.4285399248,0.0
2011-08-31,NDSN,True,Completed,0,2295,44.1569009194,101340.08761002301,0.0
2011-08-31,ROK,True,Completed,0,1884,54.0811876741,101888.9575780044,0.0
2011-08-31,TPL,True,Completed,0,22607,4.3739807687,98882.58323800091,0.0
2011-08-31,TPR,True,Completed,0,2314,44.2898031883,102486.6045777262,0.0
2011-08-31,YUM,False,Completed,0,-4647,28.761626891099997,99556.76078299769,0.0
2011-09-30,MO,True,Margin,0,0,0.0,0.0,0.0
2011-09-30,ACN,False,Completed,0,-2245,40.3715434987,100811.644966648,0.0
2011-09-30,AMD,False,Completed,0,-14306,6.83,99998.94,0.0
2011-09-30,BA,True,Completed,0,1841,54.3989271363,100148.4248579283,0.0
2011-09-30,CLX,True,Completed,0,2230,44.8264700216,99963.028148168,0.0
2011-09-30,CPB,True,Completed,0,5058,19.7520245118,99905.73998068439,0.0
2011-09-30,F,True,Completed,0,17073,5.8675772413,100177.14624071491,0.0
2011-09-30,NDSN,False,Completed,0,-2295,37.6183925607,101340.08761002301,0.0
2011-09-30,ROK,False,Completed,0,-1884,47.5930277424,101888.9575780044,0.0
2011-09-30,TPR,False,Completed,0,-2314,37.6897555998,102486.6045777262,0.0
2011-10-31,AMD,True,Completed,0,19685,5.03,99015.55,0.0
2011-10-31,CPB,False,Completed,0,-5058,19.9195196946,99905.73998068439,0.0
2011-10-31,FCX,True,Completed,0,4318,22.9721834394,99193.8880913292,0.0
2011-10-31,IBM,False,Completed,0,-986,97.6160036464,100345.218385918,0.0
2011-10-31,MGM,True,Completed,0,11408,8.5483443292,97519.51210751361,0.0
2011-10-31,NFLX,True,Completed,0,61799,1.644855498,101650.424920902,0.0
2011-10-31,TPL,False,Completed,0,-22607,3.5448741033999998,98882.58323800091,0.0
2011-10-31,VRSN,False,Completed,0,-3430,27.9458637058,99434.99081079899,0.0
2011-10-31,YUM,True,Completed,0,3758,26.5421494086,99745.3974775188,0.0
2011-11-30,AMD,False,Completed,0,-19685,5.56,99015.55,0.0
2011-11-30,CPB,True,Completed,0,4805,20.5658989007,98819.14421786349,0.0
2011-11-30,FCX,False,Completed,0,-4318,28.7142520294,99193.8880913292,0.0
2011-11-30,HSY,True,Completed,0,2471,39.8641561765,98504.3299121315,0.0
2011-11-30,IBM,True,Completed,0,967,101.6413481418,98287.18365312059,0.0
2011-11-30,MGM,False,Completed,0,-11408,10.3410434711,97519.51210751361,0.0
2011-11-30,MO,True,Completed,0,8863,11.1056541603,98429.4128227389,0.0
2011-11-30,NFLX,False,Completed,0,-61799,1.1444259984,101650.424920902,0.0
2011-11-30,ROST,True,Completed,0,5487,17.9912222822,98717.8366624314,0.0
2011-11-30,YUM,False,Completed,0,-3758,28.4455483694,99745.3974775188,0.0
2011-12-31,ACN,True,Completed,0,2265,43.9699719723,99591.9865172595,0.0
2011-12-31,CLX,False,Completed,0,-2230,42.2511154702,99963.028148168,0.0
2011-12-31,ROST,False,Completed,0,-5487,18.5696685652,98717.8366624314,0.0
2011-12-31,TPL,True,Completed,0,25181,3.9141318225,98561.7534223725,0.0
2012-01-31,ACN,False,Completed,0,-2265,41.0823234924,99591.9865172595,0.0
2012-01-31,CPB,False,Completed,0,-4805,21.1497583473,98819.14421786349,0.0
2012-01-31,HSY,False,Completed,0,-2471,44.1694967941,98504.3299121315,0.0
2012-01-31,IT,True,Completed,0,2876,35.48,102040.48,0.0
2012-01-31,MNST,True,Completed,0,13023,7.7974922025,101546.7409531575,0.0
2012-01-31,NFLX,True,Completed,0,101024,1.003998996,101427.994571904,0.0
2012-02-29,CPB,True,Completed,0,4996,20.101740471,100428.295393116,0.0
2012-02-29,HSY,True,Completed,0,2301,43.3871063517,99833.73171526169,0.0
2012-02-29,IT,False,Completed,0,-2876,38.08,102040.48,0.0
2012-02-29,MNST,False,Completed,0,-13023,8.7958245375,101546.7409531575,0.0
2012-02-29,NFLX,False,Completed,0,-101024,1.734426837,101427.994571904,0.0
2012-02-29,ROST,True,Completed,0,4730,21.2171305524,100357.027512852,0.0
2012-03-31,CPB,False,Completed,0,-4996,21.0424312154,100428.295393116,0.0
2012-03-31,DAL,True,Completed,0,11856,8.4254721823,99892.3981933488,0.0
2012-03-31,IBM,False,Completed,0,-967,111.2930383348,98287.18365312059,0.0
2012-03-31,MO,False,Completed,0,-8863,12.524496568,98429.4128227389,0.0
2012-03-31,ROST,False,Completed,0,-4730,22.6139302463,100357.027512852,0.0
2012-03-31,STX,True,Completed,0,7045,14.2914941575,100683.57633958751,0.0
2012-03-31,URI,True,Completed,0,2488,40.5627876101,100920.21557392881,0.0
2012-03-31,VRSN,True,Completed,0,2747,36.594601222,100525.369556834,0.0
2012-04-30,BA,False,Completed,0,-1841,60.849881516,100148.4248579283,0.0
2012-04-30,HSY,False,Completed,0,-2301,43.8969943497,99833.73171526169,0.0
2012-04-30,MGM,True,Completed,0,7781,12.9074338216,100432.7425658696,0.0
2012-04-30,PM,True,Completed,0,2215,45.2624644034,100256.358653531,0.0
2012-05-31,DAL,False,Completed,0,-11856,9.5775265419,99892.3981933488,0.0
2012-05-31,MGM,False,Completed,0,-7781,12.6809876142,100432.7425658696,0.0
2012-05-31,MO,True,Completed,0,7378,13.5703296897,100121.8924506066,0.0
2012-05-31,ODFL,True,Completed,0,10551,9.4645089963,99860.03441996129,0.0
2012-05-31,VRSN,False,Completed,0,-2747,40.4855480545,100525.369556834,0.0
2012-05-31,YUM,True,Completed,0,2516,39.902763535,100395.35305405999,0.0
2012-06-30,BA,True,Completed,0,1736,56.8025687506,98609.2593510416,0.0
2012-06-30,F,False,Completed,0,-17073,5.509386942,100177.14624071491,0.0
2012-06-30,FICO,True,Completed,0,2473,39.2979065946,97183.7230084458,0.0
2012-06-30,ODFL,False,Completed,0,-10551,9.0574562563,99860.03441996129,0.0
2012-06-30,TJX,True,Completed,0,5667,17.4418374199,98842.8926585733,0.0
2012-06-30,TSCO,True,Completed,0,13293,7.4689080355,99284.1945159015,0.0
2012-06-30,URI,False,Completed,0,-2488,31.6248973998,100920.21557392881,0.0
2012-06-30,YUM,False,Completed,0,-2516,37.0174363443,100395.35305405999,0.0
2012-07-31,AAPL,True,Completed,0,5720,17.5035955535,100120.56656601999,0.0
2012-07-31,BA,False,Completed,0,-1736,61.3851554824,98609.2593510416,0.0
2012-07-31,CL,False,Completed,0,-3723,37.37285534560001,100287.56449792259,0.0
2012-07-31,DLTR,True,Completed,0,1858,53.43,99272.94,0.0
2012-07-31,FICO,False,Completed,0,-2473,42.3208224865,97183.7230084458,0.0
2012-07-31,MNST,True,Completed,0,8426,11.98998801,101027.63897226,0.0
2012-07-31,MO,False,Completed,0,-7378,14.7258150444,100121.8924506066,0.0
2012-07-31,ROST,True,Completed,0,3829,26.1307639484,100054.6951584236,0.0
2012-07-31,TSCO,False,Completed,0,-13293,6.8628312643,99284.1945159015,0.0
2012-07-31,URI,True,Completed,0,3046,33.0133075296,100558.5347351616,0.0
2012-08-31,AAPL,False,Completed,0,-5720,18.4368033441,100120.56656601999,0.0
2012-08-31,BA,True,Completed,0,1635,61.4761454717,100513.4978462295,0.0
2012-08-31,CL,True,Completed,0,2562,39.1955390238,100418.9709789756,0.0
2012-08-31,DHI,True,Completed,0,6584,15.1870271794,99991.3869491696,0.0
2012-08-31,DLTR,False,Completed,0,-1858,50.38,99272.94,0.0
2012-08-31,F,True,Completed,0,20292,4.928047952,99999.949041984,0.0
2012-08-31,MNST,False,Completed,0,-8426,11.07665559,101027.63897226,0.0
2012-08-31,MO,True,Completed,0,6526,15.3945894042,100465.0904518092,0.0
2012-08-31,STX,False,Completed,0,-7045,16.4238461589,100683.57633958751,0.0
2012-08-31,URI,False,Completed,0,-3046,27.9513955982,100558.5347351616,0.0
2012-09-30,AAPL,True,Completed,0,5000,20.0142684751,100071.3423755,0.0
2012-09-30,DHI,False,Completed,0,-6584,16.400382219,99991.3869491696,0.0
2012-09-30,IBM,True,Completed,0,901,111.8870348216,100810.2183742616,0.0
2012-09-30,ROST,False,Completed,0,-3829,28.960093011000005,100054.6951584236,0.0
2012-09-30,STX,True,Completed,0,5679,17.6006471064,99954.0749172456,0.0
2012-09-30,TJX,False,Completed,0,-5667,19.0903268505,98842.8926585733,0.0
2012-10-31,AAPL,False,Completed,0,-5000,20.1868260049,100071.3423755,0.0
2012-10-31,BA,False,Completed,0,-1635,58.1348860203,100513.4978462295,0.0
2012-10-31,DHI,True,Completed,0,5617,17.9541026398,100848.1945277566,0.0
2012-10-31,IBM,False,Completed,0,-901,118.3745593471,100810.2183742616,0.0
2012-10-31,LEN,True,Completed,0,3398,29.8443357901,101411.0530147598,0.0
2012-10-31,PHM,True,Completed,0,7587,13.1023383772,99407.44126781641,0.0
2012-11-30,BA,True,Completed,0,1705,58.7423647892,100155.731965586,0.0
2012-11-30,DHI,False,Completed,0,-5617,18.2130560432,100848.1945277566,0.0
2012-11-30,PHM,False,Completed,0,-7587,14.819841525899998,99407.44126781641,0.0
2012-11-30,SHW,True,Completed,0,2401,41.7678042011,100284.4978868411,0.0
2012-12-31,IBM,True,Completed,0,920,109.0406171519,100317.36777974799,0.0
2012-12-31,MCO,True,Completed,0,2381,42.1664040415,100398.20802281151,0.0
2012-12-31,PM,False,Completed,0,-2215,46.7051562607,100256.358653531,0.0
2012-12-31,SHW,False,Completed,0,-2401,44.7468327208,100284.4978868411,0.0
2013-01-31,BA,False,Completed,0,-1705,64.1018391447,100155.731965586,0.0
2013-01-31,IBM,False,Completed,0,-920,110.9440835762,100317.36777974799,0.0
2013-01-31,IT,True,Completed,0,2172,46.87,101801.64,0.0
2013-01-31,LEN,False,Completed,0,-3398,33.8422556324,101411.0530147598,0.0
2013-01-31,REGN,True,Completed,0,589,175.0020317769,103076.1967165941,0.0
2013-01-31,WYNN,True,Completed,0,1128,91.705812521,103444.156523688,0.0
2013-02-28,IBM,True,Completed,0,861,116.98030142650002,100720.03952821651,0.0
2013-02-28,REGN,False,Completed,0,-589,173.7323197222,103076.1967165941,0.0
2013-03-31,ACN,True,Completed,0,1726,57.74459596220001,99667.17263075721,0.0
2013-03-31,CDNS,True,Completed,0,7062,14.04,99150.48,0.0
2013-03-31,F,False,Completed,0,-20292,6.8144485923,99999.949041984,0.0
2013-03-31,IT,False,Completed,0,-2172,49.21,101801.64,0.0
2013-03-31,REGN,True,Completed,0,603,165.310557735,99682.266314205,0.0
2013-03-31,WYNN,False,Completed,0,-1128,92.9141911244,103444.156523688,0.0
2013-04-30,ACN,False,Completed,0,-1726,59.255785982,99667.17263075721,0.0
2013-04-30,CDNS,False,Completed,0,-7062,13.96,99150.48,0.0
2013-04-30,DHI,True,Completed,0,4713,21.2332510486,100072.3121920518,0.0
2013-04-30,IT,True,Completed,0,1837,54.57,100245.09,0.0
2013-04-30,STX,False,Completed,0,-5679,20.7776733409,99954.0749172456,0.0
2013-04-30,WYNN,True,Completed,0,1005,99.4924681873,99989.93052823651,0.0
2013-05-31,DHI,False,Completed,0,-4713,22.6738293476,100072.3121920518,0.0
2013-05-31,HSY,True,Completed,0,1533,65.0516001419,99724.10301753269,0.0
2013-05-31,IBM,False,Completed,0,-861,115.8791456255,100720.03952821651,0.0
2013-05-31,IT,False,Completed,0,-1837,57.72,100245.09,0.0
2013-05-31,PPG,True,Completed,0,1713,57.84118145059999,99081.94382487779,0.0
2013-05-31,STX,True,Completed,0,4833,20.7438518433,100255.0359586689,0.0
2013-06-30,CLX,True,Completed,0,1764,56.7355983914,100081.5955624296,0.0
2013-06-30,CPB,True,Completed,0,3548,28.210997544,100092.619286112,0.0
2013-06-30,HSY,False,Completed,0,-1533,65.4241517849,99724.10301753269,0.0
2013-06-30,TPL,False,Completed,0,-25181,8.2410369874,98561.7534223725,0.0
2013-07-31,CPB,False,Completed,0,-3548,29.5669157647,100092.619286112,0.0
2013-07-31,IBM,True,Completed,0,907,110.8111816482,100505.7417549174,0.0
2013-07-31,REGN,False,Completed,0,-603,229.7385248811,99682.266314205,0.0
2013-07-31,TPL,True,Completed,0,11862,8.4518077515,100255.343548293,0.0
2013-08-31,IBM,False,Completed,0,-907,113.40629128859999,100505.7417549174,0.0
2013-08-31,PPG,False,Completed,0,-1713,62.2260379447,99081.94382487779,0.0
2013-08-31,REGN,True,Completed,0,373,270.379230254,100851.452884742,0.0
2013-08-31,TPR,True,Completed,0,2709,37.2435737869,100892.8413887121,0.0
2013-09-30,CPB,True,Completed,0,3495,28.6875215297,100262.8877463015,0.0
2013-09-30,HSY,True,Completed,0,1471,68.5482381053,100834.45825289631,0.0
2013-09-30,PPG,True,Completed,0,1601,63.3719586333,101458.50577191329,0.0
2013-09-30,REGN,False,Completed,0,-373,244.01286587000004,100851.452884742,0.0
2013-09-30,TPR,False,Completed,0,-2709,37.0490903729,100892.8413887121,0.0
2013-09-30,WYNN,False,Completed,0,-1005,114.6850371526,99989.93052823651,0.0
2013-10-31,CPB,False,Completed,0,-3495,26.872191067999996,100262.8877463015,0.0
2013-10-31,HSY,False,Completed,0,-1471,68.1714370552,100834.45825289631,0.0
2013-10-31,IBM,True,Completed,0,931,107.4224165738,100010.2698302078,0.0
2013-10-31,LLY,True,Completed,0,2534,39.5234458107,100152.41168431379,0.0
2013-10-31,STX,False,Completed,0,-4833,25.0937404544,100255.0359586689,0.0
2013-10-31,VRSK,True,Completed,0,1615,61.9956012948,100122.896091102,0.0
2013-11-30,IBM,False,Completed,0,-931,104.2172478911,100010.2698302078,0.0
2013-11-30,LLY,False,Completed,0,-2534,39.1314259158,100152.41168431379,0.0
2013-11-30,PPG,False,Completed,0,-1601,73.0692193653,101458.50577191329,0.0
2013-11-30,REGN,True,Completed,0,350,288.4726270322,100965.41946127001,0.0
2013-11-30,SPGI,True,Completed,0,1635,61.5177340247,100581.4951303845,0.0
2013-11-30,STX,True,Completed,0,3575,27.9770221454,100017.854169805,0.0
2013-12-31,IBM,True,Completed,0,955,104.5658354537,99860.3728582835,0.0
2013-12-31,PPG,True,Completed,0,1354,73.9306762618,100102.1356584772,0.0
2013-12-31,REGN,False,Completed,0,-350,290.0597671005,100965.41946127001,0.0
2013-12-31,STX,False,Completed,0,-3575,28.418184716,100017.854169805,0.0
2014-01-31,BA,True,Completed,0,857,116.1695554419,99557.3090137083,0.0
2014-01-31,IBM,False,Completed,0,-955,109.0815226528,99860.3728582835,0.0
2014-01-31,MU,True,Completed,0,4714,21.1406640527,99657.0903444278,0.0
2014-01-31,PPG,False,Completed,0,-1354,76.0001255919,100102.1356584772,0.0
2014-02-28,STX,True,Completed,0,3263,30.7250249193,100255.7563116759,0.0
2014-02-28,VRSK,False,Completed,0,-1615,60.8041114175,100122.896091102,0.0
2014-03-31,BA,False,Completed,0,-857,109.24651916870002,99557.3090137083,0.0
2014-03-31,DAL,True,Completed,0,3477,28.0426801082,97504.3987362114,0.0
2014-03-31,STX,False,Completed,0,-3263,30.2569209819,100255.7563116759,0.0
2014-03-31,UPS,True,Completed,0,1628,61.088105752,99451.436164256,0.0
2014-04-30,GNRC,True,Completed,0,1695,58.809999999999995,99682.95,0.0
2014-04-30,UPS,False,Completed,0,-1628,62.678474240999996,99451.436164256,0.0
2014-05-31,GNRC,False,Completed,0,-1695,55.190000000000005,99682.95,0.0
2014-05-31,SPGI,False,Completed,0,-1635,65.4285496133,100581.4951303845,0.0
2014-05-31,TTWO,True,Completed,0,4906,20.29,99542.73999999999,0.0
2014-05-31,UPS,True,Completed,0,1583,63.1658452296,99991.53299845681,0.0
2014-06-30,GNRC,True,Completed,0,2054,48.94,100522.76,0.0
2014-06-30,IBM,True,Completed,0,920,108.8684612216,100158.984323872,0.0
2014-06-30,MU,False,Completed,0,-4714,27.898265615700005,99657.0903444278,0.0
2014-06-30,TDG,True,Completed,0,970,103.2503882429,100152.87659561301,0.0
2014-06-30,TTWO,False,Completed,0,-4906,20.6,99542.73999999999,0.0
2014-06-30,UPS,False,Completed,0,-1583,67.2215903867,99991.53299845681,0.0
2014-07-31,GNRC,False,Completed,0,-2054,46.92,100522.76,0.0
2014-07-31,IBM,False,Completed,0,-920,107.0653788913,100158.984323872,0.0
2014-07-31,MU,True,Completed,0,3112,32.4130845532,100869.51912955841,0.0
2014-07-31,SPGI,True,Completed,0,1357,73.9101140526,100296.02476937819,0.0
2014-07-31,STZ,True,Completed,0,1343,74.5694650373,100146.7915450939,0.0
2014-07-31,TDG,False,Completed,0,-970,104.9134152569,100152.87659561301,0.0
2014-08-31,IBM,True,Completed,0,885,112.25071369729999,99341.8816221105,0.0
2014-08-31,SPGI,False,Completed,0,-1357,70.4049519622,100296.02476937819,0.0
2014-08-31,STZ,False,Completed,0,-1343,70.0076081074,100146.7915450939,0.0
2014-08-31,UPS,True,Completed,0,1595,62.4057537951,99537.1773031845,0.0
2014-09-30,BLDR,True,Completed,0,14492,6.91,100139.72,0.0
2014-09-30,UPS,False,Completed,0,-1595,63.46503098830001,99537.1773031845,0.0
2014-10-31,GILD,True,Completed,0,1360,73.8943735192,100496.347986112,0.0
2014-10-31,LMT,False,Completed,0,-1942,131.8856097314,99839.7915444684,0.0
2014-10-31,MAS,True,Completed,0,5666,17.8542339418,101162.0895142388,0.0
2014-10-31,MU,False,Completed,0,-3112,33.3979586626,100869.51912955841,0.0
2014-11-30,BLDR,False,Completed,0,-14492,5.92,100139.72,0.0
2014-11-30,IBM,False,Completed,0,-885,97.3555611477,99341.8816221105,0.0
2014-11-30,MU,True,Completed,0,3099,32.3643284091,100297.05373980089,0.0
2014-11-30,VZ,True,Completed,0,3639,27.6081816196,100466.1729137244,0.0
2014-12-31,LMT,True,Completed,0,711,140.1082503396,99616.96599145561,0.0
2014-12-31,MU,False,Completed,0,-3099,35.0849212462,100297.05373980089,0.0
2015-01-31,DAL,False,Completed,0,-3477,43.4890915258,97504.3987362114,0.0
2015-01-31,EW,True,Completed,0,4710,21.365,100629.15,0.0
2015-01-31,GILD,False,Completed,0,-1360,65.7099794057,100496.347986112,0.0
2015-01-31,IBM,True,Completed,0,1044,96.2643360482,100499.96683432079,0.0
2015-01-31,STX,True,Completed,0,2509,39.9559950406,100249.5915568654,0.0
2015-01-31,VZ,False,Completed,0,-3639,25.6998323653,100466.1729137244,0.0
2015-02-28,GILD,True,Completed,0,1381,73.279680628,101199.238947268,0.0
2015-02-28,IBM,False,Completed,0,-1044,91.9019760178,100499.96683432079,0.0
2015-02-28,STX,False,Completed,0,-2509,33.8670058459,100249.5915568654,0.0
2015-02-28,VZ,True,Completed,0,3953,25.563196239199996,101051.31473355759,0.0
2015-03-31,AAPL,True,Completed,0,3504,28.712874860800003,100609.9135122432,0.0
2015-03-31,EW,False,Completed,0,-4710,22.1033333333,100629.15,0.0
2015-03-31,STX,True,Completed,0,2705,37.0142470067,100123.5381531235,0.0
2015-03-31,VZ,False,Completed,0,-3953,27.1788787721,101051.31473355759,0.0
2015-04-30,AAPL,False,Completed,0,-3504,27.728750794,100609.9135122432,0.0
2015-04-30,WYNN,True,Completed,0,922,108.5607656922,100093.0259682084,0.0
2015-05-31,IDXX,True,Completed,0,1595,62.5,99687.5,0.0
2015-05-31,LMT,False,Completed,0,-711,138.0988640119,99616.96599145561,0.0
2015-05-31,STX,False,Completed,0,-2705,35.9968355586,100123.5381531235,0.0
2015-05-31,UAL,True,Completed,0,1673,60.34,100948.82,0.0
2015-06-30,IBM,True,Completed,0,973,103.07047769320002,100287.57479548361,0.0
2015-06-30,IDXX,False,Completed,0,-1595,67.89,99687.5,0.0
2015-06-30,IT,True,Completed,0,1143,87.88,100446.84,0.0
2015-06-30,LMT,True,Completed,0,713,141.1853518561,100665.1558733993,0.0
2015-06-30,UAL,False,Completed,0,-1673,54.76,100948.82,0.0
2015-06-30,WYNN,False,Completed,0,-922,87.3524705787,100093.0259682084,0.0
2015-07-31,IBM,False,Completed,0,-973,99.2918525783,100287.57479548361,0.0
2015-07-31,UAL,True,Completed,0,1886,54.05,101938.29999999999,0.0
2015-08-31,GILD,False,Completed,0,-1381,82.1430478381,101199.238947268,0.0
2015-08-31,IDXX,True,Completed,0,1374,73.19,100563.06,0.0
2015-08-31,LII,True,Completed,0,960,103.9531923465,99795.06465264001,0.0
2015-08-31,MCO,False,Completed,0,-2381,98.9255815647,100398.20802281151,0.0
2015-09-30,SHW,True,Completed,0,1296,75.6581887975,98053.01268156001,0.0
2015-09-30,TPL,False,Completed,0,-11862,11.4983103444,100255.343548293,0.0
2015-09-30,UAL,False,Completed,0,-1886,56.01,101938.29999999999,0.0
2015-09-30,UPS,True,Completed,0,1532,64.1860363517,98333.0076908044,0.0
2015-10-31,GILD,True,Completed,0,1467,68.5755752755,100600.3689291585,0.0
2015-10-31,LMT,False,Completed,0,-713,154.856613277,100665.1558733993,0.0
2015-10-31,SHW,False,Completed,0,-1296,67.1539153545,98053.01268156001,0.0
2015-10-31,UAL,True,Completed,0,1885,52.95,99810.75,0.0
2015-11-30,GILD,False,Completed,0,-1467,75.687838106,100600.3689291585,0.0
2015-11-30,MAS,False,Completed,0,-5666,24.787461869200005,101162.0895142388,0.0
2015-11-30,NXPI,True,Completed,0,1442,68.6754557622,99030.00720909241,0.0
2015-11-30,VRSK,True,Completed,0,1465,68.1627528996,99858.43299791399,0.0
2015-12-31,IBM,True,Completed,0,1163,86.0268238339,100049.1961188257,0.0
2015-12-31,IT,False,Completed,0,-1143,93.77,100446.84,0.0
2015-12-31,LMT,True,Completed,0,603,166.3838066083,100329.4353848049,0.0
2015-12-31,NXPI,False,Completed,0,-1442,82.0142743209,99030.00720909241,0.0
2015-12-31,SHW,True,Completed,0,1198,83.737898263,100318.00211907401,0.0
2015-12-31,VRSK,False,Completed,0,-1465,71.7944140456,99858.43299791399,0.0
2016-01-31,GILD,True,Completed,0,1414,69.7286519979,98596.3139250306,0.0
2016-01-31,IBM,False,Completed,0,-1163,83.5738451918,100049.1961188257,0.0
2016-01-31,LMT,False,Completed,0,-603,161.8019386266,100329.4353848049,0.0
2016-01-31,NXPI,True,Completed,0,1341,72.5320372553,97265.4619593573,0.0
2016-01-31,SHW,False,Completed,0,-1198,77.7659024869,100318.00211907401,0.0
2016-01-31,TPL,True,Completed,0,7616,12.6366079668,96240.4062751488,0.0
2016-02-29,GILD,False,Completed,0,-1414,57.532952114500006,98596.3139250306,0.0
2016-02-29,KLAC,True,Completed,0,1786,55.4953717621,99114.7339671106,0.0
2016-02-29,LMT,True,Completed,0,626,158.2181012944,99044.5314102944,0.0
2016-02-29,TPL,False,Completed,0,-7616,12.035877664699997,96240.4062751488,0.0
2016-03-31,IDXX,False,Completed,0,-1374,73.42,100563.06,0.0
2016-03-31,KLAC,False,Completed,0,-1786,57.487990173,99114.7339671106,0.0
2016-03-31,KMB,True,Completed,0,1091,92.0705203456,100448.93769704961,0.0
2016-03-31,LMT,False,Completed,0,-626,165.0040013086,99044.5314102944,0.0
2016-03-31,MAS,True,Completed,0,4141,24.3511665896,100838.18084753359,0.0
2016-03-31,NXPI,False,Completed,0,-1341,63.6866668583,97265.4619593573,0.0
2016-03-31,SPGI,True,Completed,0,1225,82.2955424078,100812.039449555,0.0
2016-03-31,VZ,True,Completed,0,3395,29.601135856,100495.85623112,0.0
2016-04-30,KLAC,True,Completed,0,1629,61.2969276632,99852.69516335281,0.0
2016-04-30,UAL,False,Completed,0,-1885,57.43,99810.75,0.0
2016-05-31,CHRW,True,Completed,0,1779,56.4448573523,100415.40122974169,0.0
2016-05-31,MAS,False,Completed,0,-4141,26.4164990042,100838.18084753359,0.0
2016-05-31,SHW,True,Completed,0,1148,86.5071619701,99310.2219416748,0.0
2016-05-31,VZ,False,Completed,0,-3395,30.0485602216,100495.85623112,0.0
2016-06-30,CHRW,False,Completed,0,-1779,59.3924679041,100415.40122974169,0.0
2016-06-30,LMT,True,Completed,0,551,180.9652888207,99711.8741402057,0.0
2016-06-30,MSI,True,Completed,0,1682,59.2074728336,99586.9693061152,0.0
2016-06-30,SHW,False,Completed,0,-1148,88.3712205435,99310.2219416748,0.0
2016-07-31,CHTR,True,Completed,0,437,228.68,99933.16,0.0
2016-07-31,LMT,False,Completed,0,-551,190.4154937981,99711.8741402057,0.0
2016-08-31,CL,False,Completed,0,-2562,59.1384092535,100418.9709789756,0.0
2016-08-31,YUM,True,Completed,0,1870,53.3267449415,99721.013040605,0.0
2016-09-30,CHTR,False,Completed,0,-437,267.0,99933.16,0.0
2016-09-30,HSY,True,Completed,0,1265,79.1433887872,100116.386815808,0.0
2016-09-30,LMT,True,Completed,0,532,187.7809102054,99899.4442292728,0.0
2016-09-30,MSI,False,Completed,0,-1682,66.4333565815,99586.9693061152,0.0
2016-10-31,HSY,False,Completed,0,-1265,75.3784224607,100116.386815808,0.0
2016-10-31,MCD,True,Completed,0,1094,91.06968233,99630.23246902,0.0
2016-11-30,COR,True,Completed,0,1893,52.4471066661,99282.3729189273,0.0
2016-11-30,MCD,False,Completed,0,-1094,89.2009365661,99630.23246902,0.0
2016-11-30,TPL,True,Completed,0,3750,26.8768759006,100788.28462725,0.0
2016-11-30,YUM,False,Completed,0,-1870,52.3458232363,99721.013040605,0.0
2016-12-31,COR,False,Completed,0,-1893,58.7427253979,99282.3729189273,0.0
2016-12-31,MCD,True,Completed,0,1050,94.9311782721,99677.737185705,0.0
2016-12-31,OKE,True,Completed,0,3264,31.1707485368,101741.3232241152,0.0
2016-12-31,TPL,False,Completed,0,-3750,30.4354691388,100788.28462725,0.0
2017-01-31,BA,True,Completed,0,693,144.8426336113,100375.9450926309,0.0
2017-01-31,KLAC,False,Completed,0,-1629,68.0558110074,99852.69516335281,0.0
2017-02-28,BLDR,True,Completed,0,9293,10.92,101479.56,0.0
2017-02-28,UPS,False,Completed,0,-1532,74.7290954561,98333.0076908044,0.0
2017-03-31,BLDR,False,Completed,0,-9293,13.99,101479.56,0.0
2017-03-31,KLAC,True,Completed,0,1279,78.6138965116,100547.1736383364,0.0
2017-04-30,KLAC,False,Completed,0,-1279,82.67205927,100547.1736383364,0.0
2017-04-30,TPL,True,Completed,0,3540,28.2666905841,100064.084667714,0.0
2017-05-31,STX,True,Completed,0,3427,29.139790862,99862.063284074,0.0
2017-05-31,TPL,False,Completed,0,-3540,30.9762547815,100064.084667714,0.0
2017-06-30,IT,True,Completed,0,836,119.6,99985.59999999999,0.0
2017-06-30,MCD,False,Completed,0,-1050,121.9702742463,99677.737185705,0.0
2017-06-30,MO,False,Completed,0,-6526,39.4857001607,100465.0904518092,0.0
2017-06-30,STX,False,Completed,0,-3427,30.164669438,99862.063284074,0.0
2017-06-30,UPS,True,Completed,0,1340,74.9922429319,100489.60552874599,0.0
2017-06-30,WYNN,True,Completed,0,860,119.0767357613,102405.992754718,0.0
2017-07-31,MO,True,Completed,0,2532,39.610892496,100294.77979987199,0.0
2017-07-31,OKE,False,Completed,0,-3264,29.7859659174,101741.3232241152,0.0
2017-08-31,MO,False,Completed,0,-2532,34.5687349851,100294.77979987199,0.0
2017-08-31,TPL,True,Completed,0,2983,33.4839140462,99882.5155998146,0.0
2017-09-30,HD,True,Completed,0,820,122.24391083290001,100240.006882978,0.0
2017-09-30,IT,False,Completed,0,-836,120.63999999999999,99985.59999999999,0.0
2017-09-30,MO,True,Completed,0,2974,33.667402938,100126.856337612,0.0
2017-09-30,TPL,False,Completed,0,-2983,40.5798730027,99882.5155998146,0.0
2017-11-30,ABBV,True,Completed,0,1585,63.4366807614,100547.139006819,0.0
2017-11-30,BA,False,Completed,0,-693,244.7773303036,100375.9450926309,0.0
2017-12-31,ALLE,True,Completed,0,1326,75.4631689528,100064.16203141281,0.0
2017-12-31,CLX,False,Completed,0,-1764,107.6823162675,100081.5955624296,0.0
2017-12-31,MO,False,Completed,0,-2974,36.4139168623,100126.856337612,0.0
2017-12-31,MU,True,Completed,0,2419,40.69187781,98433.65242239,0.0
2018-01-31,ABBV,False,Completed,0,-1585,67.8810219119,100547.139006819,0.0
2018-01-31,APO,True,Completed,0,4015,25.03673576,100522.49407639999,0.0
2018-01-31,CLX,True,Completed,0,869,115.0183190053,99950.9192156057,0.0
2018-01-31,MU,False,Completed,0,-2419,40.5066044627,98433.65242239,0.0
2018-02-28,APO,False,Completed,0,-4015,27.1572319537,100522.49407639999,0.0
2018-02-28,MO,True,Completed,0,2629,37.7938813664,99360.1141122656,0.0
2018-03-31,ABBV,True,Completed,0,1226,81.5767293123,100013.0701368798,0.0
2018-03-31,ALLE,False,Completed,0,-1326,75.5381002723,100064.16203141281,0.0
2018-03-31,CLX,False,Completed,0,-869,100.36601402089998,99950.9192156057,0.0
2018-03-31,HLT,True,Completed,0,1274,78.3492322888,99816.9219359312,0.0
2018-03-31,LMT,False,Completed,0,-532,282.7215186939,99899.4442292728,0.0
2018-03-31,MO,False,Completed,0,-2629,33.9279836301,99360.1141122656,0.0
2018-03-31,ORLY,True,Completed,0,6142,16.242,99758.364,0.0
2018-03-31,TPL,True,Completed,0,1837,55.1705228721,101348.2505160477,0.0
2018-04-30,HLT,False,Completed,0,-1274,76.6072732055,99816.9219359312,0.0
2018-04-30,KMB,False,Completed,0,-1091,82.6530759061,100448.93769704961,0.0
2018-04-30,MU,True,Completed,0,1966,50.2578332693,98806.9002074438,0.0
2018-04-30,NVDA,True,Completed,0,17455,5.6584034443,98767.4321202565,0.0
2018-04-30,ON,True,Completed,0,4088,24.33,99461.04,0.0
2018-04-30,ORLY,False,Completed,0,-6142,16.3653333333,99758.364,0.0
2018-05-31,ABBV,False,Completed,0,-1226,72.606177087,100013.0701368798,0.0
2018-05-31,ALLE,True,Completed,0,1439,69.4968465192,100005.96214112881,0.0
2018-05-31,BA,True,Completed,0,313,318.4515744721,99675.3428097673,0.0
2018-05-31,KMB,True,Completed,0,1282,77.5470362283,99415.3004446806,0.0
2018-05-31,LII,False,Completed,0,-960,175.291829798,99795.06465264001,0.0
2018-05-31,LMT,True,Completed,0,388,257.0771705334,99745.94216695921,0.0
2018-05-31,MU,False,Completed,0,-1966,44.4558521293,98806.9002074438,0.0
2018-05-31,NVDA,False,Completed,0,-17455,5.5552490229,98767.4321202565,0.0
2018-05-31,ODFL,True,Completed,0,2322,43.0426823296,99945.1083693312,0.0
2018-05-31,ON,False,Completed,0,-4088,22.0,99461.04,0.0
2018-06-30,ABBV,True,Completed,0,1421,69.6407729885,98959.5384166585,0.0
2018-06-30,ALLE,False,Completed,0,-1439,69.3798636104,100005.96214112881,0.0
2018-06-30,LYB,True,Completed,0,1726,59.107998117,102020.404749942,0.0
2018-06-30,ODFL,False,Completed,0,-2322,50.680635896,99945.1083693312,0.0
2018-06-30,ORLY,True,Completed,0,5567,17.994,100172.598,0.0
2018-06-30,WYNN,False,Completed,0,-860,176.8374960175,102405.992754718,0.0
2018-07-31,ABBV,False,Completed,0,-1421,65.4664511521,98959.5384166585,0.0
2018-07-31,LYB,False,Completed,0,-1726,56.7797051063,102020.404749942,0.0
2018-07-31,MU,True,Completed,0,1955,50.2383308117,98215.93673687351,0.0
2018-07-31,ON,True,Completed,0,4497,22.02,99023.94,0.0
2018-08-31,ABBV,True,Completed,0,1509,66.2889878117,100030.0826078553,0.0
2018-08-31,GWW,True,Completed,0,320,311.5599530757,99699.18498422399,0.0
2018-08-31,LMT,False,Completed,0,-388,262.8287087896,99745.94216695921,0.0
2018-08-31,MU,False,Completed,0,-1955,51.3499708956,98215.93673687351,0.0
2018-08-31,ON,False,Completed,0,-4497,22.0,99023.94,0.0
2018-08-31,STX,True,Completed,0,2557,39.1051595122,99991.89287269539,0.0
2018-09-30,GWW,False,Completed,0,-320,321.0267608658,99699.18498422399,0.0
2018-09-30,LULU,True,Completed,0,645,154.86,99884.70000000001,0.0
2018-10-31,CTAS,True,Completed,0,2194,45.8374101897,100567.2779562018,0.0
2018-10-31,LULU,False,Completed,0,-645,163.8,99884.70000000001,0.0
2018-10-31,POOL,True,Completed,0,658,152.2194780826,100160.4165783508,0.0
2018-10-31,TPL,False,Completed,0,-1837,88.2473358987,101348.2505160477,0.0
2018-11-30,BA,False,Completed,0,-313,345.779835299,99675.3428097673,0.0
2018-11-30,CTAS,False,Completed,0,-2194,42.0089878702,100567.2779562018,0.0
2018-11-30,LMT,True,Completed,0,418,240.21469337729997,100409.74183171139,0.0
2018-11-30,MCO,True,Completed,0,737,135.5989498053,99936.42600650611,0.0
2018-11-30,POOL,False,Completed,0,-658,133.0078408344,100160.4165783508,0.0
2018-11-30,TPL,True,Completed,0,1295,76.8342831837,99500.3967228915,0.0
2018-12-31,CLX,True,Completed,0,759,131.4140429262,99743.25858098581,0.0
2018-12-31,TPL,False,Completed,0,-1295,60.410696250200004,99500.3967228915,0.0
2019-01-31,CLX,False,Completed,0,-759,121.5613666321,99743.25858098581,0.0
2019-01-31,NRG,True,Completed,0,3054,32.320914348,98708.07241879201,0.0
2019-01-31,SBUX,True,Completed,0,1829,54.0473718701,98852.6431504129,0.0
2019-01-31,STX,False,Completed,0,-2557,29.0270306605,99991.89287269539,0.0
2019-03-31,ABBV,False,Completed,0,-1509,58.6337357804,100030.0826078553,0.0
2019-03-31,AES,True,Completed,0,7573,13.2490474273,100335.03616694291,0.0
2019-03-31,KMB,False,Completed,0,-1282,90.408464375,99415.3004446806,0.0
2019-03-31,MSCI,True,Completed,0,583,173.5843631991,101199.68374507531,0.0
2019-03-31,NRG,False,Completed,0,-3054,34.5367700946,98708.07241879201,0.0
2019-03-31,PEP,True,Completed,0,1069,93.6472955051,100108.95889495191,0.0
2019-04-30,AES,False,Completed,0,-7573,13.892725844799998,100335.03616694291,0.0
2019-04-30,FTNT,True,Completed,0,5954,16.918,100729.772,0.0
2019-04-30,PEP,False,Completed,0,-1069,99.0870184357,100108.95889495191,0.0
2019-04-30,STX,True,Completed,0,2691,37.51988427,100966.00857056999,0.0
2019-05-31,FIX,True,Completed,0,1926,52.2673311876,100666.8798673176,0.0
2019-05-31,FTNT,False,Completed,0,-5954,18.728,100729.772,0.0
2019-05-31,INTU,True,Completed,0,417,240.68243875819996,100364.57696216939,0.0
2019-05-31,SBUX,False,Completed,0,-1829,66.2658442941,98852.6431504129,0.0
2019-05-31,STX,False,Completed,0,-2691,38.5825727432,100966.00857056999,0.0
2019-05-31,TPL,True,Completed,0,1224,81.4224415551,99661.0684634424,0.0
2019-06-30,FIX,False,Completed,0,-1926,45.2383872407,100666.8798673176,0.0
2019-06-30,GIS,True,Completed,0,2611,38.2782878108,99944.6094739988,0.0
2019-06-30,HD,False,Completed,0,-820,159.6139607463,100240.006882978,0.0
2019-06-30,HLT,True,Completed,0,1138,87.5641304349,99647.98043491619,0.0
2019-06-30,INTU,False,Completed,0,-417,233.7333517506,100364.57696216939,0.0
2019-06-30,LULU,True,Completed,0,603,165.83,99995.49,0.0
2019-06-30,SPG,True,Completed,0,898,111.3670870276,100007.64415078479,0.0
2019-06-30,TPL,False,Completed,0,-1224,74.8068681788,99661.0684634424,0.0
2019-06-30,TSN,True,Completed,0,1613,62.16669791470001,100274.88373641111,0.0
2019-06-30,UPS,False,Completed,0,-1340,69.7732958788,100489.60552874599,0.0
2019-07-31,CLX,True,Completed,0,811,123.72581914919999,100341.6393300012,0.0
2019-07-31,ERIE,True,Completed,0,451,223.7061282896,100891.4638586096,0.0
2019-07-31,GIS,False,Completed,0,-2611,40.9576905182,99944.6094739988,0.0
2019-07-31,HLT,False,Completed,0,-1138,97.2389109709,99647.98043491619,0.0
2019-07-31,HSY,True,Completed,0,879,114.1974648772,100379.5716270588,0.0
2019-07-31,LLY,True,Completed,0,984,102.0241136246,100391.7278066064,0.0
2019-07-31,LULU,False,Completed,0,-603,182.33,99995.49,0.0
2019-07-31,PEP,True,Completed,0,936,107.4568140617,100579.5779617512,0.0
2019-07-31,SPG,False,Completed,0,-898,110.37108211680001,100007.64415078479,0.0
2019-07-31,TSN,False,Completed,0,-1613,66.5605081457,100274.88373641111,0.0
2019-08-31,CDW,True,Completed,0,924,108.43408858830001,100193.0978555892,0.0
2019-08-31,CLX,False,Completed,0,-811,124.46316112889998,100341.6393300012,0.0
2019-08-31,DECK,True,Completed,0,3839,26.05,100005.95,0.0
2019-08-31,HLT,True,Completed,0,1054,94.7244502428,99839.57055591121,0.0
2019-08-31,HSY,False,Completed,0,-879,129.2129604817,100379.5716270588,0.0
2019-08-31,LLY,False,Completed,0,-984,99.9251537809,100391.7278066064,0.0
2019-08-31,MTD,True,Completed,0,132,758.86,100169.52,0.0
2019-08-31,PEP,False,Completed,0,-936,104.9900048594,100579.5779617512,0.0
2019-09-30,CDW,False,Completed,0,-924,105.9850775808,100193.0978555892,0.0
2019-09-30,DECK,False,Completed,0,-3839,24.3133333333,100005.95,0.0
2019-09-30,ERIE,False,Completed,0,-451,190.0635380752,100891.4638586096,0.0
2019-09-30,HSY,True,Completed,0,740,135.0237182424,99917.551499376,0.0
2019-09-30,IDXX,True,Completed,0,345,288.89,99667.04999999999,0.0
2019-09-30,LLY,True,Completed,0,960,103.7547550445,99604.56484272,0.0
2019-09-30,MA,True,Completed,0,369,269.5801716763,99475.08334855469,0.0
2019-09-30,MSCI,False,Completed,0,-583,217.2588870417,101199.68374507531,0.0
2019-09-30,MTD,False,Completed,0,-132,654.98,100169.52,0.0
2019-09-30,PEP,True,Completed,0,898,111.0064141019,99683.7598635062,0.0
2019-10-31,FDS,True,Completed,0,441,226.9676681354,100092.7416477114,0.0
2019-10-31,LLY,False,Completed,0,-960,103.2015930308,99604.56484272,0.0
2019-10-31,MA,False,Completed,0,-369,261.3961956085,99475.08334855469,0.0
2019-10-31,MU,True,Completed,0,2393,42.0277961565,100572.5162025045,0.0
2019-10-31,PEP,False,Completed,0,-898,112.2615330858,99683.7598635062,0.0
2019-10-31,UPS,True,Completed,0,1101,91.1255584414,100329.2398439814,0.0
2019-11-30,BLDR,True,Completed,0,4422,23.5,103917.0,0.0
2019-11-30,FDS,False,Completed,0,-441,237.5854929458,100092.7416477114,0.0
2019-11-30,HSY,False,Completed,0,-740,125.4643661558,99917.551499376,0.0
2019-11-30,LLY,True,Completed,0,951,105.1653181796,100012.21758879961,0.0
2019-11-30,MU,False,Completed,0,-2393,46.2988343738,100572.5162025045,0.0
2019-11-30,NVR,True,Completed,0,27,3651.9,98601.3,0.0
2019-11-30,STX,True,Completed,0,2164,44.1764279076,95597.7899920464,0.0
2019-11-30,UPS,False,Completed,0,-1101,88.2534930236,100329.2398439814,0.0
2019-12-31,BLDR,False,Completed,0,-4422,25.46,103917.0,0.0
2019-12-31,NTAP,True,Completed,0,1959,50.6106598768,99146.2826986512,0.0
2019-12-31,NVR,False,Completed,0,-27,3771.11,98601.3,0.0
2019-12-31,QCOM,True,Completed,0,1385,72.5419163961,100470.5542085985,0.0
2020-01-31,QCOM,False,Completed,0,-1385,77.5024157675,100470.5542085985,0.0
2020-01-31,UPS,True,Completed,0,1118,89.8699271182,100474.5785181476,0.0
2020-02-29,QCOM,True,Completed,0,1346,74.456279269,100218.151896074,0.0
2020-02-29,UPS,False,Completed,0,-1118,79.5449660829,100474.5785181476,0.0
2020-03-31,BLDR,True,Completed,0,4403,23.24,102325.71999999999,0.0
2020-03-31,HLT,False,Completed,0,-1054,95.7574579686,99839.57055591121,0.0
2020-03-31,LOW,True,Completed,0,1051,95.6194418827,100496.0334187177,0.0
2020-03-31,MA,True,Completed,0,356,288.5108255606,102709.85389957359,0.0
2020-03-31,NTAP,False,Completed,0,-1959,39.9156533275,99146.2826986512,0.0
2020-03-31,STX,False,Completed,0,-2164,39.4368092897,95597.7899920464,0.0
2020-04-30,BLDR,False,Completed,0,-4403,11.525,102325.71999999999,0.0
2020-04-30,GEN,True,Completed,0,6101,15.8976120128,96991.3308900928,0.0
2020-04-30,GNRC,True,Completed,0,1073,88.04,94466.92000000001,0.0
2020-04-30,IDXX,False,Completed,0,-345,237.81,99667.04999999999,0.0
2020-04-30,NTAP,True,Completed,0,2826,34.052193198,96231.49797754799,0.0
2020-04-30,QCOM,False,Completed,0,-1346,56.9998849567,100218.151896074,0.0
2020-05-31,CPB,True,Completed,0,2486,39.9393572229,99289.2420561294,0.0
2020-05-31,EBAY,True,Completed,0,2782,34.9888473842,97338.9734228444,0.0
2020-05-31,GNRC,False,Completed,0,-1073,95.29,94466.92000000001,0.0
2020-05-31,IDXX,True,Completed,0,360,277.51,99903.59999999999,0.0
2020-05-31,LOW,False,Completed,0,-1051,91.9700882721,100496.0334187177,0.0
2020-05-31,MA,False,Completed,0,-356,259.7520988575,102709.85389957359,0.0
2020-05-31,NTAP,False,Completed,0,-2826,36.5612736321,96231.49797754799,0.0
2020-05-31,WAT,True,Completed,0,534,184.39,98464.26,0.0
2020-06-30,CLX,True,Completed,0,587,170.2519287871,99937.88219802771,0.0
2020-06-30,CPB,False,Completed,0,-2486,41.4278304473,99289.2420561294,0.0
2020-06-30,IDXX,False,Completed,0,-360,308.65,99903.59999999999,0.0
2020-06-30,LOW,True,Completed,0,855,116.5462903967,99647.0782891785,0.0
2020-07-31,CLX,False,Completed,0,-587,180.1759294855,99937.88219802771,0.0
2020-07-31,EBAY,False,Completed,0,-2782,47.7241301363,97338.9734228444,0.0
2020-07-31,IDXX,True,Completed,0,302,331.74,100185.48,0.0
2020-07-31,MA,True,Completed,0,349,286.1043214658,99850.4081915642,0.0
2020-08-31,EBAY,True,Completed,0,1997,50.4222501857,100693.2336208429,0.0
2020-08-31,GEN,False,Completed,0,-6101,18.8903693468,96991.3308900928,0.0
2020-08-31,MA,False,Completed,0,-349,301.0441364098,99850.4081915642,0.0
2020-08-31,NTAP,True,Completed,0,2598,38.3661113749,99675.1573519902,0.0
2020-08-31,ORLY,False,Completed,0,-5567,31.974,100172.598,0.0
2020-08-31,ROK,True,Completed,0,507,198.2232808527,100499.20339231889,0.0
2020-08-31,STX,True,Completed,0,2672,37.5880529885,100435.27758527201,0.0
2020-08-31,WAT,False,Completed,0,-534,214.18,98464.26,0.0
2020-09-30,AAPL,True,Completed,0,798,128.7854207854,102770.7657867492,0.0
2020-09-30,NRG,True,Completed,0,3415,29.210836617899997,99755.0070501285,0.0
2020-09-30,NTAP,False,Completed,0,-2598,41.050088829,99675.1573519902,0.0
2020-09-30,ORLY,True,Completed,0,3221,31.1566666667,100355.6233334407,0.0
2020-09-30,ROK,False,Completed,0,-507,208.1670500071,100499.20339231889,0.0
2020-09-30,STX,False,Completed,0,-2672,39.7314492289,100435.27758527201,0.0
2020-10-31,AAPL,False,Completed,0,-798,114.1180845224,102770.7657867492,0.0
2020-10-31,CLX,True,Completed,0,573,173.8331765527,99606.4101646971,0.0
2020-10-31,GEN,True,Completed,0,5416,18.6316557488,100909.0475355008,0.0
2020-10-31,IDXX,False,Completed,0,-302,396.29,100185.48,0.0
2020-10-31,LMT,False,Completed,0,-418,328.3814409531,100409.74183171139,0.0
2020-10-31,NTAP,True,Completed,0,2626,38.5398315984,101205.5977773984,0.0
2020-11-30,CL,True,Completed,0,1442,70.4408802313,101575.7492935346,0.0
2020-11-30,CLX,False,Completed,0,-573,178.3712736068,99606.4101646971,0.0
2020-11-30,GEN,False,Completed,0,-5416,18.2772733285,100909.0475355008,0.0
2020-11-30,KMB,True,Completed,0,923,109.6298549892,101188.3561550316,0.0
2020-11-30,LLY,False,Completed,0,-951,124.7300993231,100012.21758879961,0.0
2020-11-30,LMT,True,Completed,0,333,304.5395800839,101411.6801679387,0.0
2020-12-31,ABBV,True,Completed,0,1182,84.9728450565,100437.90285678301,0.0
2020-12-31,GEN,True,Completed,0,6149,16.3150019069,100320.9467255281,0.0
2020-12-31,LMT,False,Completed,0,-333,317.345359802,101411.6801679387,0.0
2020-12-31,MCO,False,Completed,0,-737,270.1751728878,99936.42600650611,0.0
2021-01-31,ABBV,False,Completed,0,-1182,86.6957594779,100437.90285678301,0.0
2021-01-31,IDXX,True,Completed,0,200,503.0,100600.0,0.0
2021-02-28,ABBV,True,Completed,0,1192,84.2848912674,100467.59039074079,0.0
2021-02-28,GEN,False,Completed,0,-6149,18.9107731233,100320.9467255281,0.0
2021-02-28,NTAP,False,Completed,0,-2626,59.0868745673,101205.5977773984,0.0
2021-02-28,QCOM,True,Completed,0,717,140.4072981661,100672.03278509369,0.0
2021-03-31,ABBV,False,Completed,0,-1192,88.8100897986,100467.59039074079,0.0
2021-03-31,ALGN,True,Completed,0,176,567.5737,99892.9712,0.0
2021-03-31,GNRC,True,Completed,0,303,335.0,101505.0,0.0
2021-03-31,NRG,False,Completed,0,-3415,36.3420005714,99755.0070501285,0.0
2021-03-31,NTAP,True,Completed,0,1806,55.6964628973,100587.8119925238,0.0
2021-03-31,QCOM,False,Completed,0,-717,122.6790588921,100672.03278509369,0.0
2021-04-30,ADSK,True,Completed,0,360,277.84,100022.4,0.0
2021-04-30,ALGN,False,Completed,0,-176,546.24,99892.9712,0.0
2021-04-30,GNRC,False,Completed,0,-303,330.0,101505.0,0.0
2021-04-30,HD,True,Completed,0,370,271.476869068,100446.44155516,0.0
2021-04-30,IDXX,False,Completed,0,-200,487.49,100600.0,0.0
2021-04-30,TPL,True,Completed,0,602,165.0891383436,99383.66128284721,0.0
2021-05-31,EBAY,False,Completed,0,-1997,51.3304553325,100693.2336208429,0.0
2021-05-31,GNRC,True,Completed,0,308,325.84,100358.71999999999,0.0
2021-05-31,MAS,True,Completed,0,1724,58.6206893034,101062.0683590616,0.0
2021-05-31,TPL,False,Completed,0,-602,164.5803134083,99383.66128284721,0.0
2021-06-30,GNRC,False,Completed,0,-308,331.57,100358.71999999999,0.0
2021-06-30,MTD,True,Completed,0,76,1315.57,99983.31999999999,0.0
2021-06-30,NTAP,False,Completed,0,-1806,68.5792180449,100587.8119925238,0.0
2021-06-30,WAT,True,Completed,0,310,323.03,100139.29999999999,0.0
2021-07-31,ADSK,False,Completed,0,-360,291.78,100022.4,0.0
2021-07-31,GDDY,True,Completed,0,1149,86.87,99813.63,0.0
2021-07-31,MOS,True,Completed,0,3532,28.8210740364,101796.03349656479,0.0
2021-07-31,MTD,False,Completed,0,-76,1384.39,99983.31999999999,0.0
2021-08-31,MOS,False,Completed,0,-3532,27.8630327942,101796.03349656479,0.0
2021-08-31,ORCL,True,Completed,0,1223,82.2848727665,100634.3993934295,0.0
2021-09-30,ADSK,True,Completed,0,322,311.8,100399.6,0.0
2021-09-30,GDDY,False,Completed,0,-1149,73.94,99813.63,0.0
2021-09-30,ORCL,False,Completed,0,-1223,83.7199104427,100634.3993934295,0.0
2021-09-30,TPR,True,Completed,0,2814,36.1320834158,101675.68273206119,0.0
2021-10-31,ADSK,False,Completed,0,-322,283.8,100399.6,0.0
2021-10-31,COR,True,Completed,0,887,113.0043901161,100234.8940329807,0.0
2021-10-31,MTD,True,Completed,0,72,1369.77,98623.44,0.0
2021-10-31,TPR,False,Completed,0,-2814,32.95063502,101675.68273206119,0.0
2021-11-30,EBAY,True,Completed,0,1418,70.252441172,99617.961581896,0.0
2021-11-30,MAS,False,Completed,0,-1724,60.0954542869,101062.0683590616,0.0
2021-11-30,MTD,False,Completed,0,-72,1484.11,98623.44,0.0
2021-11-30,ORCL,True,Completed,0,1107,90.3468377135,100013.9493488445,0.0
2021-11-30,SPGI,False,Completed,0,-1225,455.5901412241,100812.039449555,0.0
2021-11-30,STX,True,Completed,0,1291,77.834417369,100484.23282337899,0.0
2021-12-31,COR,False,Completed,0,-887,111.39037715849999,100234.8940329807,0.0
2021-12-31,EBAY,False,Completed,0,-1418,63.22733351050001,99617.961581896,0.0
2021-12-31,FICO,True,Completed,0,283,358.0,101314.0,0.0
2021-12-31,MTD,True,Completed,0,66,1516.03,100057.98,0.0
2022-01-31,BX,True,Completed,0,904,111.1360800375,100467.01635389999,0.0
2022-01-31,FANG,True,Completed,0,1135,87.8208919304,99676.712341004,0.0
2022-01-31,FICO,False,Completed,0,-283,437.15,101314.0,0.0
2022-01-31,KKR,True,Completed,0,1394,71.7005605676,99950.58143123439,0.0
2022-01-31,KMB,False,Completed,0,-923,120.8029362806,101188.3561550316,0.0
2022-01-31,MCK,True,Completed,0,411,242.0064831444,99464.6645723484,0.0
2022-01-31,MTD,False,Completed,0,-66,1690.87,100057.98,0.0
2022-01-31,WAT,False,Completed,0,-310,372.24,100139.29999999999,0.0
2022-02-28,BX,False,Completed,0,-904,115.1198810604,100467.01635389999,0.0
2022-02-28,FANG,False,Completed,0,-1135,101.8944388432,99676.712341004,0.0
2022-02-28,KKR,False,Completed,0,-1394,68.9950606992,99950.58143123439,0.0
2022-02-28,KMB,True,Completed,0,853,117.4397307668,100176.0903440804,0.0
2022-02-28,MTD,True,Completed,0,67,1485.36,99519.12,0.0
2022-02-28,NOC,True,Completed,0,290,344.1334270151,99798.693834379,0.0
2022-03-31,COR,True,Completed,0,730,136.733282179,99815.29599067001,0.0
2022-03-31,MCK,False,Completed,0,-411,269.0575794558,99464.6645723484,0.0
2022-03-31,MO,True,Completed,0,2729,36.6097986131,99908.14041514989,0.0
2022-03-31,NOC,False,Completed,0,-290,414.9741980741,99798.693834379,0.0
2022-04-30,CF,True,Completed,0,1061,93.2880801104,98978.6529971344,0.0
2022-04-30,LOW,False,Completed,0,-855,187.707798243,99647.0782891785,0.0
2022-04-30,MOS,True,Completed,0,1683,59.2694150347,99750.42550340011,0.0
2022-04-30,ORCL,False,Completed,0,-1107,78.4396602635,100013.9493488445,0.0
2022-05-31,CF,False,Completed,0,-1061,87.9779620988,98978.6529971344,0.0
2022-05-31,EBAY,True,Completed,0,2082,48.0721993666,100086.3190812612,0.0
2022-05-31,MO,False,Completed,0,-2729,40.7461079705,99908.14041514989,0.0
2022-05-31,MOS,False,Completed,0,-1683,55.3758690116,99750.42550340011,0.0
2022-05-31,NUE,True,Completed,0,686,145.4792102939,99798.73826161539,0.0
2022-05-31,WAT,True,Completed,0,330,301.18,99389.40000000001,0.0
2022-06-30,CF,True,Completed,0,1103,90.7664713182,100115.41786397461,0.0
2022-06-30,EBAY,False,Completed,0,-2082,45.6024113151,100086.3190812612,0.0
2022-06-30,HD,False,Completed,0,-370,274.179268596,100446.44155516,0.0
2022-06-30,IT,True,Completed,0,381,264.05,100603.05,0.0
2022-06-30,MOS,True,Completed,0,1787,55.3293862725,98873.6132689575,0.0
2022-06-30,NRG,True,Completed,0,2402,41.58950533,99897.99180266,0.0
2022-06-30,NUE,False,Completed,0,-686,125.3920044707,99798.73826161539,0.0
2022-06-30,ORLY,False,Completed,0,-3221,42.6666666667,100355.6233334407,0.0
2022-07-31,AAPL,True,Completed,0,746,133.3742947507,99497.2238840222,0.0
2022-07-31,CDW,True,Completed,0,670,148.0114069372,99167.642647924,0.0
2022-07-31,CF,False,Completed,0,-1103,77.8391532057,100115.41786397461,0.0
2022-07-31,MOS,False,Completed,0,-1787,41.6671462317,98873.6132689575,0.0
2022-08-31,BG,True,Completed,0,1211,82.6381969653,100074.8565249783,0.0
2022-08-31,CDW,False,Completed,0,-670,170.3550726519,99167.642647924,0.0
2022-08-31,NRG,False,Completed,0,-2402,34.2188342875,99897.99180266,0.0
2022-08-31,OXY,True,Completed,0,1612,61.4755630816,99098.6076875392,0.0
2022-09-30,BG,False,Completed,0,-1211,88.4295850722,100074.8565249783,0.0
2022-09-30,CF,True,Completed,0,1049,94.1807429562,98795.59936105381,0.0
2022-09-30,ON,True,Completed,0,1454,66.712,96999.248,0.0
2022-09-30,OXY,False,Completed,0,-1612,65.3148379281,99098.6076875392,0.0
2022-09-30,SMCI,True,Completed,0,15365,6.39,98182.34999999999,0.0
2022-09-30,WAT,False,Completed,0,-330,298.96,99389.40000000001,0.0
2022-10-31,AMGN,True,Completed,0,498,203.0079685713,101097.9683485074,0.0
2022-10-31,CF,False,Completed,0,-1049,93.0571315108,98795.59936105381,0.0
2022-10-31,ON,False,Completed,0,-1454,63.01,96999.248,0.0
2022-10-31,QCOM,True,Completed,0,959,106.0901343437,101740.4388356083,0.0
2022-10-31,SMCI,False,Completed,0,-15365,5.655,98182.34999999999,0.0
2022-10-31,WAT,True,Completed,0,371,271.97,100900.87000000001,0.0
2022-11-30,AAPL,False,Completed,0,-746,152.252693364,99497.2238840222,0.0
2022-11-30,AMGN,False,Completed,0,-498,239.7640878206,101097.9683485074,0.0
2022-11-30,AON,True,Completed,0,365,275.2240381213,100456.7739142745,0.0
2022-11-30,CF,True,Completed,0,1021,99.4672427075,101556.05480435751,0.0
2022-11-30,DVA,True,Completed,0,1369,73.04,99991.76000000001,0.0
2022-11-30,DVN,True,Completed,0,1475,68.941864925,101689.250764375,0.0
2022-11-30,QCOM,False,Completed,0,-959,110.47249922880002,101740.4388356083,0.0
2022-11-30,WAT,False,Completed,0,-371,303.86,100900.87000000001,0.0
2022-12-31,AAPL,True,Completed,0,686,145.7497895266,99984.35561524761,0.0
2022-12-31,AMGN,True,Completed,0,389,257.8788324858,100314.8658369762,0.0
2022-12-31,CF,False,Completed,0,-1021,100.3911073886,101556.05480435751,0.0
2022-12-31,DVA,False,Completed,0,-1369,74.35,99991.76000000001,0.0
2022-12-31,DVN,False,Completed,0,-1475,60.9341302013,101689.250764375,0.0
2022-12-31,OXY,True,Completed,0,1522,66.4461437376,101131.0307686272,0.0
2023-01-31,AAPL,False,Completed,0,-686,128.1174183896,99984.35561524761,0.0
2023-01-31,AMGN,False,Completed,0,-389,233.58628830060002,100314.8658369762,0.0
2023-01-31,EQT,True,Completed,0,3113,31.0193930361,96563.3705213793,0.0
2023-01-31,TPL,True,Completed,0,398,247.017785172,98313.078498456,0.0
2023-02-28,AMGN,True,Completed,0,442,223.1010066047,98610.6449192774,0.0
2023-02-28,EQT,False,Completed,0,-3113,30.4497072136,96563.3705213793,0.0
2023-02-28,KLAC,True,Completed,0,263,380.2844176272,100014.8018359536,0.0
2023-02-28,OXY,False,Completed,0,-1522,60.8633891041,101131.0307686272,0.0
2023-02-28,SMCI,True,Completed,0,13825,7.2,99540.0,0.0
2023-02-28,STX,False,Completed,0,-1291,61.9874213272,100484.23282337899,0.0
2023-02-28,TPL,False,Completed,0,-398,208.7783523812,98313.078498456,0.0
2023-02-28,VLO,True,Completed,0,792,126.9026234198,100506.8777484816,0.0
2023-03-31,APA,True,Completed,0,2936,34.0302331374,99912.76449140641,0.0
2023-03-31,KLAC,False,Completed,0,-263,363.3294572952,100014.8018359536,0.0
2023-03-31,MRNA,True,Completed,0,720,138.39,99640.79999999999,0.0
2023-03-31,SMCI,False,Completed,0,-13825,9.916,99540.0,0.0
2023-03-31,VLO,False,Completed,0,-792,120.22486667050002,100506.8777484816,0.0
2023-03-31,WAT,True,Completed,0,321,308.7,99092.7,0.0
2023-04-30,HD,True,Completed,0,365,273.2285858506,99728.433835469,0.0
2023-04-30,MRNA,False,Completed,0,-720,153.5,99640.79999999999,0.0
2023-04-30,SMCI,True,Completed,0,9385,10.657,100015.945,0.0
2023-04-30,WAT,False,Completed,0,-321,307.47,99092.7,0.0
2023-05-31,AON,False,Completed,0,-365,315.1833723927,100456.7739142745,0.0
2023-05-31,BLDR,True,Completed,0,1055,93.78,98937.9,0.0
2023-05-31,MAR,True,Completed,0,609,163.6981990984,99692.20325092561,0.0
2023-05-31,SMCI,False,Completed,0,-9385,10.544,100015.945,0.0
2023-06-30,AAPL,True,Completed,0,572,175.2598311833,100248.6234368476,0.0
2023-06-30,BKNG,True,Completed,0,1015,98.2944823548,99768.89959012199,0.0
2023-06-30,BLDR,False,Completed,0,-1055,115.65,98937.9,0.0
2023-06-30,MTD,False,Completed,0,-67,1324.88,99519.12,0.0
2023-07-31,AAPL,False,Completed,0,-572,191.1190213095,100248.6234368476,0.0
2023-07-31,KLAC,True,Completed,0,211,473.0120128834,99805.53471839741,0.0
2023-08-31,BKNG,False,Completed,0,-1015,115.5366206911,99768.89959012199,0.0
2023-08-31,BLDR,True,Completed,0,692,144.43,99945.56,0.0
2023-08-31,KLAC,False,Completed,0,-211,501.2246088192,99805.53471839741,0.0
2023-08-31,MA,True,Completed,0,257,387.4941784139,99586.00385237229,0.0
2023-09-30,BKNG,True,Completed,0,820,123.1260988642,100963.401068644,0.0
2023-09-30,BLDR,False,Completed,0,-692,146.65,99945.56,0.0
2023-09-30,MA,False,Completed,0,-257,407.233965145,99586.00385237229,0.0
2023-09-30,MSI,True,Completed,0,363,275.7792710241,100107.87538174831,0.0
2023-10-31,AAPL,True,Completed,0,591,169.096771494,99936.191952954,0.0
2023-10-31,AMGN,False,Completed,0,-442,246.0890782325,98610.6449192774,0.0
2023-11-30,AAPL,False,Completed,0,-591,168.8794996231,99936.191952954,0.0
2023-11-30,SMCI,True,Completed,0,4175,24.13,100742.75,0.0
2023-12-31,BLDR,True,Completed,0,745,133.64,99561.79999999999,0.0
2023-12-31,FTNT,True,Completed,0,1902,52.048,98995.296,0.0
2023-12-31,IT,False,Completed,0,-381,434.31999999999994,100603.05,0.0
2023-12-31,JBL,True,Completed,0,871,114.2307753847,99495.0053600737,0.0
2023-12-31,MAR,False,Completed,0,-609,198.0229053863,99692.20325092561,0.0
2023-12-31,SMCI,False,Completed,0,-4175,26.226,100742.75,0.0
2024-01-31,BLDR,False,Completed,0,-745,163.87,99561.79999999999,0.0
2024-01-31,CVNA,True,Completed,0,9444,10.322,97480.968,0.0
2024-01-31,JBL,False,Completed,0,-871,125.32645571870002,99495.0053600737,0.0
2024-01-31,ORCL,True,Completed,0,975,101.5903535752,99050.59473581999,0.0
2024-02-29,AAPL,True,Completed,0,548,181.9374309769,99701.7121753412,0.0
2024-02-29,CVNA,False,Completed,0,-9444,8.696,97480.968,0.0
2024-03-31,AAPL,False,Completed,0,-548,177.7774297596,99701.7121753412,0.0
2024-03-31,APA,False,Completed,0,-2936,27.5485574039,99912.76449140641,0.0
2024-03-31,BKNG,False,Completed,0,-820,136.7555089347,100963.401068644,0.0
2024-03-31,FTNT,False,Completed,0,-1902,69.09,98995.296,0.0
2024-03-31,LII,True,Completed,0,216,460.589096408,99487.24482412799,0.0
2024-03-31,NVDA,True,Completed,0,1264,79.9517560594,101059.01965908159,0.0
2024-03-31,SMCI,True,Completed,0,1154,88.188,101768.952,0.0
2024-03-31,VRSK,True,Completed,0,419,236.5862354318,99129.6326459242,0.0
2024-04-30,APA,True,Completed,0,3189,31.487973755599995,100415.14830660839,0.0
2024-04-30,SMCI,False,Completed,0,-1154,101.0,101768.952,0.0
2024-04-30,VRSK,False,Completed,0,-419,232.2473811959,99129.6326459242,0.0
2024-04-30,VST,True,Completed,0,1454,69.0915936034,100459.1770993436,0.0
2024-05-31,META,True,Completed,0,234,425.7494995329,99625.3828906986,0.0
2024-05-31,NVDA,False,Completed,0,-1264,85.0296507179,101059.01965908159,0.0
2024-05-31,VST,False,Completed,0,-1454,74.6880126852,100459.1770993436,0.0
2024-05-31,WSM,True,Completed,0,718,138.619448262,99528.763852116,0.0
2024-06-30,APA,False,Completed,0,-3189,28.1657228257,100415.14830660839,0.0
2024-06-30,COR,False,Completed,0,-730,221.1294723517,99815.29599067001,0.0
2024-06-30,CVNA,True,Completed,0,5001,20.656,103300.65599999999,0.0
2024-06-30,META,False,Completed,0,-234,467.7284399208,99625.3828906986,0.0
2024-06-30,MPC,True,Completed,0,590,169.2007728079,99828.455956661,0.0
2024-06-30,SMCI,True,Completed,0,1274,80.2,102174.8,0.0
2024-06-30,VLO,True,Completed,0,673,148.3333457265,99828.3416739345,0.0
2024-06-30,WSM,False,Completed,0,-718,142.8712212549,99528.763852116,0.0
2024-07-31,APA,True,Completed,0,3696,27.3386706057,101043.7265586672,0.0
2024-07-31,COR,True,Completed,0,451,222.79246989660004,100479.40392336661,0.0
2024-07-31,MPC,False,Completed,0,-590,167.886461651,99828.455956661,0.0
2024-07-31,NRG,True,Completed,0,1323,76.5191013021,101234.7710226783,0.0
2024-07-31,ORCL,False,Completed,0,-975,138.6973400368,99050.59473581999,0.0
2024-07-31,SMCI,False,Completed,0,-1274,83.144,102174.8,0.0
2024-07-31,VLO,False,Completed,0,-673,149.561192587,99828.3416739345,0.0
2024-07-31,WSM,True,Completed,0,729,136.8139008266,99737.3337025914,0.0
2024-08-31,LII,False,Completed,0,-216,575.0405339229,99487.24482412799,0.0
2024-08-31,NRG,False,Completed,0,-1323,73.2050043038,101234.7710226783,0.0
2024-08-31,NVDA,True,Completed,0,854,117.47430416699999,100323.055758618,0.0
2024-08-31,ORCL,True,Completed,0,730,136.730065138,99812.94755073999,0.0
2024-09-30,APA,False,Completed,0,-3696,25.8435965849,101043.7265586672,0.0
2024-09-30,LII,True,Completed,0,172,579.6262155028,99695.7090664816,0.0
2024-09-30,NRG,True,Completed,0,1205,82.7704581995,99738.4021303975,0.0
2024-09-30,NTAP,True,Completed,0,857,118.5331216328,101582.8852393096,0.0
2024-09-30,ORCL,False,Completed,0,-730,137.8687461313,99812.94755073999,0.0
2024-09-30,WSM,False,Completed,0,-729,129.6560989035,99737.3337025914,0.0
2024-10-31,AON,True,Completed,0,293,343.7479317266,100718.1439958938,0.0
2024-10-31,CLX,True,Completed,0,657,154.9930051881,101830.4044085817,0.0
2024-10-31,CVNA,False,Completed,0,-5001,34.862,103300.65599999999,0.0
2024-10-31,NRG,False,Completed,0,-1205,88.6366192111,99738.4021303975,0.0
2024-10-31,NTAP,False,Completed,0,-857,119.3156141228,101582.8852393096,0.0
2024-10-31,VRSK,True,Completed,0,377,266.4275506522,100443.18659587941,0.0
2024-11-30,AON,False,Completed,0,-293,360.9681718135,100718.1439958938,0.0
2024-11-30,DVA,True,Completed,0,715,141.64,101272.59999999999,0.0
2024-11-30,GDDY,True,Completed,0,599,167.79,100506.20999999999,0.0
2024-11-30,LII,False,Completed,0,-172,597.2829520524,99695.7090664816,0.0
2024-12-31,COR,False,Completed,0,-451,248.1057845224,100479.40392336661,0.0
2024-12-31,DVA,False,Completed,0,-715,166.46,101272.59999999999,0.0
2024-12-31,FTNT,True,Completed,0,1052,95.36,100318.72,0.0
2024-12-31,LII,True,Completed,0,152,661.2793146375,100514.4558249,0.0
2024-12-31,MSI,False,Completed,0,-363,490.7896824328,100107.87538174831,0.0
2024-12-31,ORCL,True,Completed,0,549,182.2994208754,100082.3820605946,0.0
2025-01-31,LII,False,Completed,0,-152,607.2707059393,100514.4558249,0.0
2025-01-31,LYV,True,Completed,0,772,130.6,100823.2,0.0
2025-01-31,ORCL,False,Completed,0,-549,165.8000885419,100082.3820605946,0.0
2025-01-31,VST,True,Completed,0,730,138.6604745317,101222.14640814101,0.0
2025-02-28,LII,True,Completed,0,170,567.9766028744,96556.022488648,0.0
2025-02-28,MSI,True,Completed,0,216,459.2232861734,99192.22981345441,0.0
2025-02-28,NVDA,False,Completed,0,-854,114.7131559668,100323.055758618,0.0
2025-02-28,VST,False,Completed,0,-730,156.4063936027,101222.14640814101,0.0
2025-03-31,AAPL,True,Completed,0,415,240.5336843791,99821.4790173265,0.0
2025-03-31,LII,False,Completed,0,-170,592.928061985,96556.022488648,0.0
2025-03-31,MA,True,Completed,0,174,573.0739078636,99714.85996826639,0.0
2025-03-31,MSI,False,Completed,0,-216,433.07892223249996,99192.22981345441,0.0
2025-04-30,AAPL,False,Completed,0,-415,218.6629161461,99821.4790173265,0.0
2025-04-30,DVA,True,Completed,0,653,152.97,99889.41,0.0
2025-04-30,MA,False,Completed,0,-174,542.7689758367,99714.85996826639,0.0
2025-04-30,MMM,True,Completed,0,697,142.3037653034,99185.7244164698,0.0
2025-05-31,MA,True,Completed,0,183,546.7503801963,100055.31957592288,0.0
2025-05-31,MMM,False,Completed,0,-697,135.0567238583,99185.7244164698,0.0
2025-06-30,APP,True,Completed,0,254,392.31,99646.74,0.0
2025-06-30,COR,True,Completed,0,345,288.1152555721,99399.7631723745,0.0
2025-06-30,FTNT,False,Completed,0,-1052,101.1,100318.72,0.0
2025-06-30,MA,False,Completed,0,-183,577.0701740072,100055.31957592288,0.0
2025-09-30,DVA,False,Completed,0,-653,136.46,99889.41,0.0
2025-09-30,MA,True,Completed,0,168,592.8971381988,99606.71921739841,0.0
2025-10-31,AAPL,True,Completed,0,393,254.31851102429997,99947.17483254989,0.0
2025-10-31,APP,False,Completed,0,-254,714.835,99646.74,0.0
2025-10-31,LYV,False,Completed,0,-772,161.0,100823.2,0.0
2025-10-31,NTAP,True,Completed,0,856,115.767164808,99096.693075648,0.0
2025-11-30,APP,True,Completed,0,156,646.985,100929.66,0.0
2025-11-30,NTAP,False,Completed,0,-856,116.0019378339,99096.693075648,0.0
2025-12-31,HD,False,Completed,0,-365,349.3446298252,99728.433835469,0.0
2025-12-31,NVDA,True,Completed,0,565,174.7410774153,98728.7087396445,0.0
2026-01-31,AAPL,False,Completed,0,-393,271.7467939773,99947.17483254989,0.0
2026-01-31,COR,False,Completed,0,-345,335.8383584417,99399.7631723745,0.0
2026-01-31,KLAC,True,Completed,0,82,1256.4388593325,103027.986465265,0.0
2026-01-31,KMB,False,Completed,0,-853,99.96646703190001,100176.0903440804,0.0
2026-01-31,LRCX,True,Completed,0,584,177.6428734602,103743.4381007568,0.0
2026-01-31,NEM,True,Completed,0,1006,100.5251979962,101128.3491841772,0.0
2026-01-31,NVDA,False,Completed,0,-565,189.8247960116,98728.7087396445,0.0
2026-01-31,WDC,True,Completed,0,580,177.1145299145,102726.42735041,0.0
2026-02-28,ABBV,True,Completed,0,452,222.9989864383,100795.5418701116,0.0
2026-02-28,CCI,True,Completed,0,1165,85.6002123514,99724.24738938101,0.0
2026-02-28,HD,True,Completed,0,268,371.684824474,99611.53295903199,0.0
2026-02-28,KLAC,False,Completed,0,-82,1396.3944846284,103027.986465265,0.0
2026-02-28,KMB,True,Completed,0,1012,99.2205960703,100411.24322314361,0.0
2026-02-28,LRCX,False,Completed,0,-584,233.0582606943,103743.4381007568,0.0
2026-02-28,NEM,False,Completed,0,-1006,110.5488512671,101128.3491841772,0.0
2026-02-28,WDC,False,Completed,0,-580,243.63742798709998,102726.42735041,0.0
2026-03-31,ABBV,False,Completed,0,-452,231.7364606234,100795.5418701116,0.0
2026-03-31,APP,False,Completed,0,-156,418.69,100929.66,0.0
2026-03-31,CCI,False,Completed,0,-1165,87.8627295061,99724.24738938101,0.0
2026-03-31,FIX,True,Completed,0,70,1404.1874907976,98293.124355832,0.0
2026-03-31,MU,True,Completed,0,242,401.2829507688,97110.4740860496,0.0
2026-03-31,SPG,True,Completed,0,496,200.1870263036,99292.7650465856,0.0
2026-03-31,VRSK,False,Completed,0,-377,209.4794765021,100443.18659587941,0.0
2026-03-31,WDC,True,Completed,0,357,270.3695278887,96521.9214562659,0.0
2026-04-30,APP,True,Completed,0,251,402.005,100903.255,0.0
2026-04-30,HD,False,Completed,0,-268,329.37,99611.53295903199,0.0
2026-04-30,KMB,False,Completed,0,-1012,96.18,100411.24322314361,0.0
2026-04-30,LRCX,True,Completed,0,468,215.45,100830.59999999999,0.0
2026-04-30,SPG,False,Completed,0,-496,186.66,99292.7650465856,0.0
2026-04-30,VRSK,True,Completed,0,527,187.69,98912.63,0.0
2026-05-31,FIX,False,Completed,0,-70,1851.2667954493,98293.124355832,0.0
2026-05-31,LRCX,False,Completed,0,-468,255.14,100830.59999999999,0.0
2026-05-31,SPG,True,Completed,0,490,203.82,99871.8,0.0
2026-05-31,STX,True,Completed,0,148,667.01,98717.48,0.0
2026-05-31,TER,True,Completed,0,291,343.2787374494,99894.1125977754,0.0
2026-05-31,VRSK,False,Completed,0,-527,187.36,98912.63,0.0
