simulation,annualized_sharpe,cumulative_return,max_drawdown
0,1.1142618579316808,2.9799586607980517,-0.07879835190325468
1,1.3057751640763613,5.119132907894959,-0.12576885360074552
2,0.83558926977843,1.8562702207181863,-0.12354643591194803
3,0.8770984100391539,2.0021425516017692,-0.11400376291951808
4,0.7649739756483959,1.233951470225454,-0.07129652071650694
5,1.2359560183330314,4.061575256236549,-0.09817242322514674
6,1.214413237082057,4.925434353087362,-0.09607571534788695
7,1.4618998962076053,4.851712857048899,-0.0900397292325954
8,1.006913067294855,2.2874340344357305,-0.11900302176937294
9,0.7511323427870156,1.3735362613317026,-0.13171159870796068
10,0.8815521266734674,1.9208749616652017,-0.13341511419707774
11,1.3651690918282364,4.790969429254421,-0.075544080863308
12,0.8282832851779116,1.6254872121352624,-0.12590852696956323
13,1.3843515986981476,4.915882880078254,-0.08173410509170542
14,0.8839524125451128,2.226508782883878,-0.2010676697963767
15,0.6050257848080679,0.9667277091645192,-0.15011009183350432
16,0.9377984362560224,2.4543159636004193,-0.11959548818754862
17,1.3024060931907127,4.850169666286508,-0.16144672056967502
18,0.9093482363698768,2.0605528967787867,-0.12268340454317417
19,1.1526440262788133,3.1067014530390047,-0.07975668800078461
20,0.847342183809243,1.603579794370503,-0.11777019493766672
21,0.9838121117268953,2.2943615537917874,-0.1324445600642068
22,0.5593775182145077,0.9466094181932163,-0.13514254908486
23,1.1418588998521946,3.83619499811436,-0.0975409235406165
24,0.9823185044456441,2.135956280125407,-0.15858906887934376
25,1.2455563509500276,4.200434175351966,-0.11333841861948435
26,1.0929582777336626,2.119368565044586,-0.11989959313045506
27,0.8196035766984151,1.6053231566910724,-0.16513070381490957
28,0.8837166950479605,1.9464817783276573,-0.19857175250486825
29,0.8607738049085538,1.5727114831305196,-0.09509194126191733
30,0.9780199080960034,2.0680476634838616,-0.12181961353488968
31,1.0150633296027907,3.231290356750166,-0.1533324349037759
32,0.9738046172671386,2.355181671146918,-0.1429051356030272
33,0.808870468580706,1.469743545830592,-0.11329613825222207
34,1.0284220546214526,2.2841503242508105,-0.1578941698755295
35,1.1405298617568773,3.2181311587247565,-0.10942783827269154
36,0.8803089677496938,1.67494322865624,-0.20152327429929295
37,1.0628270627047547,2.679327175840355,-0.12549942250788737
38,0.8183802418768258,1.7846929524002029,-0.15181659091439126
39,1.5116456016544952,6.1678381534775415,-0.09792247030047407
40,1.1380963746588404,2.4898047610496796,-0.11124973287570283
41,1.3696176762166654,4.805278227210663,-0.10260540935437745
42,0.8169247332428471,1.7896266324231873,-0.17592853375107176
43,0.7899996855078026,1.5630624150369523,-0.11079267579573249
44,1.3986969373003302,5.983639473998875,-0.08924269931566609
45,1.1226389246079498,3.529571859579188,-0.08854477145555517
46,1.0526607351834902,2.185943065240494,-0.13455138663010036
47,1.140393505267255,3.389803292764551,-0.16467599630928165
48,1.1474028820845563,3.6525145681164455,-0.1137711571143516
49,0.7724944239872379,1.400988697386425,-0.09063847137297587
50,1.0782439220782538,3.4163049230318228,-0.10942783827269142
51,0.883956505203541,2.198610676487695,-0.11391984373295949
52,0.8177710852196757,1.6800993433662375,-0.1556908423323946
53,0.8272209742197,1.698712456218734,-0.10314767539641001
54,0.6579340932444393,1.3334223141190162,-0.1649482649896814
55,0.9154111649167266,2.274691258244768,-0.1347785383112481
56,0.9822446085732386,2.03516372071158,-0.09531445557390095
57,1.0548254240503256,3.3242174662226445,-0.14915567392934348
58,0.7996051283080977,2.066923343573693,-0.15395644635905714
59,0.7151273967923683,1.3344876438391182,-0.1664179851201607
60,1.2773649327165053,4.494444828798319,-0.11773169468068145
61,0.9020963896855794,2.2472291700968214,-0.14696285744916415
62,1.1715001332782558,3.2909084479527007,-0.15314817313296702
63,0.6237013100753087,0.9840136791920773,-0.13249163840360512
64,1.2046819953683552,3.448621000594029,-0.07359700597574459
65,1.0577203304090828,2.983788837962585,-0.1906035787405993
66,1.0689257133292125,3.0166480302765466,-0.2296600960295393
67,1.0377766449281784,1.8980902734258018,-0.13005861839187915
68,0.7419684538290119,1.5112648908172361,-0.17761473631023417
69,1.2007609341500096,3.581602504599786,-0.09947858879306426
70,0.8983298295804599,2.027098182300259,-0.16132100453161125
71,1.1642653798553684,3.6424827189127855,-0.08178063833591709
72,0.8010384473671718,1.7070338400151264,-0.1637250127347274
73,0.8950872356454784,1.8476399805470596,-0.15395644635905725
74,0.9747410528808529,2.3270157242705825,-0.1823106609255125
75,0.6193749655519171,1.1135814469406276,-0.1854279992799457
76,0.9928339385261724,2.598790211928342,-0.15417652607161625
77,1.2438202839850907,3.2562993839590986,-0.087313873878344
78,1.1814045199350107,2.766515976563107,-0.07879835190325468
79,0.8982750944131338,1.9598268835717736,-0.1833351743772378
80,0.582084658078047,0.918849311645799,-0.16343572149330343
81,1.0944243970554322,1.9272662102513838,-0.12495765857739383
82,1.1787750312060048,3.6826321046144432,-0.09933240892872974
83,0.8290126823692391,1.5980102371342042,-0.22978203035253442
84,1.2413924396552465,3.6147940495183173,-0.07879835190325468
85,0.9915552460683559,2.6894611406088917,-0.09607571534788706
86,0.7516179548803891,1.3495705902553174,-0.11322155384560872
87,0.796222714812216,1.612203335598677,-0.15417652607161647
88,1.024538895952101,2.5517044340169863,-0.12246472216708815
89,1.3942909010593463,5.014684543463091,-0.1056339222144167
90,1.1113437360768506,3.1866861578102803,-0.12206089700672595
91,0.9824505070864844,2.679887965064044,-0.11785135395512558
92,0.8450005778524833,1.803562097715631,-0.13750984756673412
93,0.7599263579108817,1.5470516640091247,-0.11061211256467829
94,1.0631493219973258,2.5232693738995,-0.09770741366770963
95,1.0092157969385478,2.9265671762044265,-0.10154623886407277
96,0.9831902643383322,2.4645189548017217,-0.19156670712723967
97,1.1657748735938298,3.6784526370982116,-0.12355494852500282
98,0.9308966626770205,2.2051692645042267,-0.14285414485504278
99,0.9287442722279801,2.490670508556687,-0.12762846322725585
100,1.2143855193029378,4.265970420125414,-0.10305787253322307
101,0.9506773353135616,2.321084948732401,-0.1400480363112243
102,0.8820728823701328,2.129862972007895,-0.11727509473315378
103,1.119058658711641,3.3808120673938475,-0.09578254927322705
104,0.6204515291922995,1.0648701189793432,-0.14004803631122442
105,1.2217012656771085,4.181359734846231,-0.10084549937847698
106,1.3873669223379723,4.350055641539365,-0.17960345686772217
107,1.1941085583821258,4.415189423534648,-0.10942783827269176
108,0.8683169779516534,1.842837123347571,-0.12354643591194803
109,0.6473323438020483,1.05326151663539,-0.14853190803609784
110,1.5049295093222836,7.052857272997997,-0.08158701692629766
111,0.7038236750852078,1.3234445658059344,-0.11501663742191459
112,0.35409699925987087,0.44581132673170787,-0.1573484546553331
113,0.8126193863820336,1.6176609964472783,-0.17466181078080667
114,0.9146382891306061,1.928052038103861,-0.12214623681539005
115,1.170656539942396,2.862842811267414,-0.10942783827269176
116,1.112621845310359,2.2675960116419964,-0.12667256791731552
117,0.703322100510635,1.0542204535902306,-0.13096923887334877
118,0.9491019019326093,1.7269823634238621,-0.08921743223951795
119,1.0931908319276147,2.882498636001437,-0.1803704502465604
120,1.1425691020309,3.154296438573672,-0.07975668800078461
121,1.0481554843166019,2.8933212362607637,-0.10942783827269154
122,0.809209795722183,1.9440290503857631,-0.2048033603862609
123,0.9510200558578504,2.126506621637314,-0.16711928588485192
124,1.3792718021952655,4.82241730591337,-0.11773169468068168
125,0.9480133294563204,2.1059121431113814,-0.14004803631122453
126,1.2404532184554877,3.8387562304043135,-0.1484316823805878
127,1.03427584840033,2.776224520807347,-0.13272007287648468
128,0.9261031462000605,1.877618828527385,-0.1698718991388395
129,0.890991594811307,2.4612314329899774,-0.11900302176937305
130,1.0404434992877005,2.8487042899856734,-0.15431040841645582
131,0.6127681311780119,0.9833686928245571,-0.1615896319746335
132,0.8727567781879164,1.875014864889485,-0.13726587944710023
133,1.024550445566445,2.962720311632657,-0.15534125569416868
134,0.8406341135202158,1.5566334134417552,-0.14814858255151564
135,1.2004063069333648,3.500834268572752,-0.07879835190325457
136,1.2737978804396741,4.420111835315843,-0.11766068414320541
137,0.8415448098820668,1.7825464655555048,-0.11655807558926057
138,1.0542156216309504,2.375494759444815,-0.07207525809607185
139,0.9502958878844552,2.6119155167105603,-0.08717839855678777
140,1.0212393503222785,2.8389326479306605,-0.11852900978655223
141,1.1460080094933154,2.9920746368002473,-0.08091380648967317
142,0.87742769208718,2.001616029594036,-0.12653740464475727
143,0.9979665239019926,2.4530622812541036,-0.10567321745512803
144,0.5542281026476946,0.7742228440154408,-0.12753254458933583
145,0.8818026608964593,1.758994376446513,-0.08950939954430748
146,0.6900986162548054,1.3714434883749766,-0.14234278300779635
147,0.7595983739045739,1.3786126856583771,-0.19390159419714392
148,1.007570087829751,2.1989734688853626,-0.08847682260169076
149,0.8359535659889169,1.8257029378610863,-0.13263019451316216
150,1.3539132037885628,6.315964651339335,-0.0756688057292566
151,1.2854330690808708,5.458019157259401,-0.15227870778893404
152,0.5768793592493064,0.9477017956641094,-0.15809581947236662
153,0.9359921865753381,1.9624731087093727,-0.10728396283883723
154,1.0707646870463705,2.5495749111843704,-0.12438918157391365
155,1.012621192340314,2.557942040710066,-0.11773169468068145
156,0.7498430221495601,1.3708517557842468,-0.08362207954205747
157,1.1547321468243668,3.333266719719182,-0.09556816530182832
158,0.6244082607088355,1.0969827010295643,-0.1889049019206246
159,1.0197980641398479,2.400927265615001,-0.16099942847398585
160,0.9434374887264523,2.323948428808235,-0.12339379571045683
161,0.9778872687983788,2.5489921907331006,-0.09947858879306415
162,0.6153672662455506,0.8988654531339475,-0.14934110211202345
163,0.7113778263421493,1.2718755436064457,-0.1231930464764831
164,0.9257573295028048,1.5373095074191574,-0.09162493866097465
165,0.6349785584955459,1.136580408864551,-0.2736034959914506
166,1.0076797667151385,2.510973642755872,-0.1469478493793328
167,1.1957681935362325,4.52986230544862,-0.08794765268692417
168,1.5570946523851779,7.278876284347884,-0.09201308235618899
169,0.9173893186857092,1.9704176169321523,-0.09440525262731303
170,0.957153471102086,2.502497784009198,-0.10336971993109367
171,1.1626641771083073,3.3349947799507413,-0.08623508793965962
172,0.7415466886483839,1.4865323487082809,-0.1352679816675164
173,0.9433149021974846,2.0876685742287564,-0.1137711571143516
174,1.297803519357407,5.120949198825083,-0.09256993112074252
175,0.7885690053403658,1.3689170686493255,-0.21656498526167423
176,1.1502574636278506,3.466302792694547,-0.07879835190325457
177,1.3550873622659645,4.1042035592259865,-0.08854477145555528
178,0.5090638657689359,0.7390876212591861,-0.17616185628628334
179,0.9969182515392935,2.1726024410376032,-0.19052944916985526
180,1.3020144266183429,3.2727674810630143,-0.08924269931566609
181,1.0831557104056397,3.019432269442147,-0.15245458484927588
182,0.8833349359332822,1.8258093223047807,-0.1201486923361782
183,0.4420507390241524,0.5978413465768524,-0.16866157794809966
184,1.1705589174075366,2.8786852389244166,-0.08712523023865493
185,0.9375370402078778,1.7916377383561568,-0.09646848334042646
186,1.0970360852565675,3.2069984907758142,-0.09607571534788684
187,1.1454776100014787,3.254893197658274,-0.10473180270185967
188,0.9987159096833813,2.904235199623644,-0.12362698284344542
189,1.1134005171414234,3.4485047178768164,-0.08924269931566597
190,0.823312361376067,1.626004936971571,-0.10192386153089872
191,1.0469318904529836,2.6074675806982404,-0.07879835190325457
192,1.023383908382398,3.0664482271574283,-0.09499054946533303
193,1.310243358304275,4.961395610890367,-0.17268858373452167
194,0.7429473792003701,1.6583089732942757,-0.28870875429054
195,1.2871604539419923,4.3106336446215625,-0.10435708959649237
196,0.8688555057639668,1.8236869571707457,-0.15056291454710846
197,0.8486201309647641,1.9688213641403038,-0.0830568242552423
198,0.9317273948945838,2.160044535548625,-0.09936016826882377
199,1.1126669131634292,2.9209690937826402,-0.07975668800078461
200,0.6721649706267753,1.2585899659962112,-0.19099675267339233
201,1.2789293273062161,4.7189907972712195,-0.08926333945367959
202,0.7891530900677651,1.751550690113696,-0.13902610957775952
203,1.0232958409430333,2.5578695826478772,-0.08924269931566609
204,0.9732294840137065,1.8465818558830436,-0.10481074573646365
205,0.9683141881962759,2.3455810763801517,-0.1257643604326325
206,1.3526434164026815,5.603383195836756,-0.13478056434988273
207,0.9891167013909058,2.6946796357392224,-0.10942783827269176
208,0.7736092517509829,1.2266226542070702,-0.14305411180371785
209,1.0869488100138414,2.0448091096136247,-0.10922004542655173
210,1.0481280390226833,2.8841066617942275,-0.13886198013803608
211,0.7172767026635746,1.197882466359736,-0.11616435943460013
212,1.111940733870048,3.439515255735528,-0.13645907564431026
213,0.8206986337952663,1.7903487879682332,-0.17173922175062173
214,0.5031099174974665,0.8343263747412706,-0.15976239063075437
215,1.306841851318239,4.15081427710067,-0.07879835190325468
216,0.9570490512202603,2.5527185317061267,-0.13478056434988284
217,1.37301243037234,4.904522656586944,-0.16480983994499476
218,0.813867737971535,1.8771679197448812,-0.12620142697946912
219,0.5520563563648456,0.8254699445739362,-0.17147497085472874
220,0.9632515750873776,2.5260855322920754,-0.15395644635905714
221,0.9603438077960517,2.1951320502054186,-0.1204538017426321
222,1.1933568442713214,3.320706740888534,-0.11075077794775279
223,0.7948444030808234,1.4457642700747515,-0.10942783827269176
224,0.7482578570307195,1.379725208595847,-0.14086190125678433
225,1.3593245755388714,4.8240300575992885,-0.08311834306894772
226,0.8704071324720515,1.9819546816760019,-0.10168003695062788
227,0.6597668324976987,1.1820158654856558,-0.12619525932235665
228,1.4340201250636837,6.661210641363874,-0.10663290137988934
229,1.020507510372606,2.7761992018230823,-0.1682133129126685
230,1.0401764784395482,3.5535456194829154,-0.15122560138889718
231,1.2867098989603813,4.774594867151779,-0.08006346988468116
232,1.307252724888922,4.6230782379529884,-0.07467600094754634
233,0.9299097335698073,2.33901297807451,-0.14423067674454726
234,1.1531273789345475,3.4591343160289654,-0.12109850119751997
235,1.394727461616132,4.3969209641021285,-0.09239295986495
236,1.1408758752134343,3.795833290033653,-0.165593499779234
237,0.9275713680754334,2.5521765800625964,-0.24628597703061728
238,1.0249635756380007,2.8470213174206997,-0.15125403386955694
239,1.2308672879597191,4.525782534938317,-0.1312434380122206
240,0.9547631166497551,1.8361031082028645,-0.14536683435896358
241,0.9972598136269386,2.1942442635576063,-0.09646555895079745
242,1.1076417616821301,3.629365912468457,-0.09952516281635715
243,0.6462031160477324,0.957009105503321,-0.19359606394535844
244,0.7192559710065098,1.2065071558530946,-0.13665189069678896
245,0.6695403709698925,1.1971445646420924,-0.11205368377946656
246,0.8948908557112546,2.1515497381152637,-0.17268858373452178
247,1.2895682790951433,4.355733473126068,-0.11018703810915953
248,0.9776775392740544,2.155026004161291,-0.10442508347831958
249,0.5845537944744523,0.9669278396616592,-0.17752755848104984
250,0.8425933955900693,1.7142791521122756,-0.2052365452725775
251,1.252236287849523,4.666775074084518,-0.09605042419676013
252,1.0755085653744494,2.502728068987537,-0.09750000000000014
253,1.1451222308307332,3.0444364193366322,-0.09375395729998304
254,0.9110276847373358,2.2918135238839112,-0.15395644635905725
255,1.3164726855861622,4.096127486999313,-0.06520406545590818
256,1.2157397583153315,3.628119097893748,-0.09369218774932009
257,0.7304680469945373,1.3721460102149372,-0.12522457019763844
258,1.0591692114176825,2.9742203078358878,-0.15588675776827254
259,1.0084164495781163,2.1778957013031652,-0.10340425549938903
260,0.8156858794800704,1.7175532641857245,-0.10137211080537756
261,0.7569954128666989,1.1739167532286765,-0.11852900978655234
262,1.2245431037264396,2.9488249291114492,-0.08924269931566597
263,1.0473794062372113,3.858591516855971,-0.11762599856661526
264,1.0754455648379149,2.586666960535219,-0.12881437413554409
265,1.402805312999947,4.932627974323852,-0.07975668800078473
266,1.0143064929304602,2.5812354310142105,-0.11157216746914389
267,1.345063124620114,3.7674048303877505,-0.10819987059982406
268,1.0154587814919318,2.7579610523805997,-0.1610088735934485
269,0.45440211084153925,0.69262009995454,-0.1325532121577
270,0.4988955800179271,0.7208714097307698,-0.1546744571776838
271,0.7995532660762366,1.8652851001152864,-0.16723653592715548
272,1.0370937541433953,2.520456285200756,-0.10942783827269154
273,1.6168476451685498,6.420797542811062,-0.05578361760853723
274,1.1858240534780944,2.892797210858002,-0.11430831455338242
275,1.1447815332094966,3.707599205586133,-0.07975668800078473
276,1.1963308029597777,3.776475790772148,-0.10129783137494752
277,1.1766946820524697,3.1774396650159247,-0.07879835190325468
278,0.6797830840025919,1.2571850746864746,-0.11329613825222196
279,1.1955964437157252,3.951763148542386,-0.11402384190719073
280,1.0514693639385186,2.1802740248827193,-0.12915266643563073
281,0.7945815939107767,1.3763295100895792,-0.13514254908486012
282,0.9916801148278837,2.0757636711173175,-0.12495765857739372
283,0.595664104824626,0.8987259119021682,-0.20290259404460576
284,1.2358031156588252,4.453968978539567,-0.1796034568677224
285,1.0150516323493237,2.4372141975481547,-0.1310911890241626
286,1.300911420658205,4.981551876410636,-0.10942783827269187
287,0.9374163496717295,2.1153273306945195,-0.09500284133207326
288,0.9564321395970554,1.7417411194941113,-0.09171791367557935
289,1.1606637777223512,2.805398639498018,-0.07879835190325457
290,0.930177133191535,2.146571612360891,-0.12347732549873869
291,1.0866381890347587,2.81294929254945,-0.13280195398556138
292,0.7850205215827237,1.3768575717860916,-0.15127787236863033
293,1.0583792090476065,2.9944176440333745,-0.09978912415511121
294,0.7761494853163824,1.4768392268404873,-0.1268766861331565
295,1.000156348613411,1.9680508719162422,-0.12686811616518945
296,0.598319738554638,1.0113635604836198,-0.11236777941084009
297,1.0917910503241766,3.1107051220915345,-0.1610088735934484
298,0.9051250452821911,1.774473188935342,-0.2164984882140718
299,0.9374219688352017,2.3599098269965713,-0.15710991754067294
300,0.8487712564929576,1.6970025945846583,-0.09357314619456392
301,0.8407663293207054,1.8018102842919883,-0.11300164570729965
302,1.0839491742934644,3.271030492476977,-0.12702376782416724
303,0.9575039315675835,1.843980720750364,-0.14004803631122442
304,1.2965117483256758,5.040006750794279,-0.12568074829558296
305,1.3567185908103798,4.196011287573266,-0.10108062681419416
306,0.9933660382204473,2.5005393404632414,-0.11515861847979836
307,0.6624135983220402,1.0284099195126406,-0.10942783827269176
308,1.3518991057166612,5.114861734881939,-0.05578361760853723
309,0.7722478071267931,1.5920991783712695,-0.18890490192062437
310,1.1209816955345515,3.2105576819374955,-0.07228874441367195
311,0.8762625565898164,1.7385223034283839,-0.10897721898909751
312,0.6375374481771304,0.9941106103547357,-0.25718579707187894
313,1.07654911612836,3.232404172910271,-0.12978259164250927
314,0.8953041450014126,2.4147118771682625,-0.25359516059710707
315,0.5467416159824029,0.6976230978742901,-0.12576885360074552
316,1.1513621432412446,3.39018064620885,-0.09294478853831922
317,1.1317678823238082,3.4251924978513655,-0.10133448631686126
318,0.5867120429333993,1.0453302527839647,-0.21016498814413043
319,0.9529880251742481,2.455982874025661,-0.12794434403203236
320,1.015106351625559,2.4225262475273595,-0.12791874519203306
321,0.8455457049420644,1.843036840520679,-0.20266259802755515
322,0.673864216641558,1.1594852980794963,-0.15262125871532295
323,0.8042696198628723,1.544983738471445,-0.1473569017755486
324,0.9886191846770365,2.2925624448137363,-0.11943686945173249
325,0.677329639933693,1.2903924540871023,-0.12199934642598775
326,1.0122394561941717,2.540311521664155,-0.11571905098347202
327,0.8590034936019201,1.998302713567249,-0.13263019451316227
328,1.27085128197294,3.7605884920519133,-0.10232717481384002
329,0.6890518540938855,1.2591543114460615,-0.16188168519078305
330,0.8223291591851307,1.881451440149457,-0.18452178915276118
331,0.45081753969772054,0.6719583350466105,-0.1511978892230207
332,0.8112313064027101,1.651074571970455,-0.13245549838275594
333,0.8542139795748,2.0055520497933896,-0.14621568623223624
334,1.0842865811424258,2.43426302107968,-0.10767648885361092
335,1.3376563054564639,5.803984331614802,-0.10773308613263366
336,1.0984209907713598,3.1405238129488335,-0.1123677794108402
337,1.4857247245052,7.48846029011229,-0.11822155220550479
338,0.8089940729202724,1.524785134656811,-0.13750984756673446
339,1.1718836039383298,3.8718322235469422,-0.1273830844627568
340,0.9760059979622061,2.6381742061182205,-0.07129652071650683
341,1.3194121193139459,4.484573513598924,-0.07975668800078473
342,0.9791597154655564,2.218973215493636,-0.1507081260868509
343,0.6655335003967925,1.160864482880903,-0.17616185628628334
344,1.1278917397438333,2.7798947200771646,-0.10217543915823235
345,0.4411936717433235,0.5348989464255096,-0.1531522467207148
346,0.8557806364985674,1.9886342698012367,-0.20292594262730024
347,0.8216244366643799,1.6071691270239454,-0.10845542322357882
348,0.4916685502476983,0.6831194311760342,-0.11980027325923226
349,1.0383680319721587,2.5405369964732984,-0.08924269931566597
350,1.3168782109768267,5.130950161479365,-0.07589131454063935
351,1.1248971750258532,3.953880133903583,-0.17339148421226258
352,0.8478607333199812,1.2805104739360065,-0.12964497308047118
353,1.0558385769335603,2.982237602691576,-0.1082670627136686
354,0.7480780397888579,1.4230913862096557,-0.1231930464764831
355,1.4814247517685444,5.546481858513301,-0.12443506622386169
356,0.9364675873330882,1.7522656421680645,-0.11105355879924572
357,0.5342418683811241,0.8209468765654577,-0.14456959920372003
358,1.016330933589506,2.578383572634979,-0.10260540935437734
359,0.6109111058535815,0.9582921758238334,-0.12348299021807696
360,0.7183334021339393,1.2302461766379982,-0.1542933233260041
361,1.4840734841043433,6.819382821333416,-0.10747232414724883
362,1.1463760153203655,3.5046172265337736,-0.07962007287465811
363,0.7767250341987703,1.478491554292792,-0.19914471661867228
364,1.0503654536529468,3.1354182223836853,-0.10477711519849953
365,1.027257076806711,2.611293670818019,-0.08860367111881495
366,0.6839289308787392,1.361860862092497,-0.14470887102618124
367,1.3825987333348952,5.0996350855638255,-0.16380589597016582
368,0.8744491018528289,1.9321681306237828,-0.15329139829764593
369,0.9445380733145229,2.600658597112799,-0.13673074346960445
370,0.7594027698489672,1.4788531645323562,-0.13631261056876165
371,0.8499298391347054,1.604301619956881,-0.14937473617057417
372,1.1106741584465702,3.4722676828212187,-0.13003475355933203
373,1.2597355509806418,3.42921555146233,-0.11314822157006776
374,1.239180496957346,4.556686976446184,-0.12328582911924457
375,0.7007392927810381,1.2603079352631892,-0.0892426993156662
376,0.7072454031529283,1.2868817804130783,-0.16982092101234292
377,1.1376951555569472,3.1968352521808567,-0.14411946061245584
378,1.0137247143002601,2.236808975965396,-0.1326301945131625
379,1.0175519607788734,2.8762716545152904,-0.09294478853831911
380,1.239416377960459,3.3126987993474275,-0.12929159677778645
381,0.7354437456945025,1.2242474642858467,-0.1311865569628018
382,0.8481740694796575,1.78319188276978,-0.18988415987324292
383,1.4339143456726842,6.732045173460161,-0.12206089700672584
384,0.8011522097276403,1.5523154058489799,-0.10906863799965338
385,0.831221203540888,1.5668523311665288,-0.12134238313815526
386,0.9585148343068555,1.9705314096292867,-0.07325840861847199
387,1.0214152427669456,2.5648949777952836,-0.08700883764639233
388,1.1591693239186338,2.549954845042995,-0.0797566880007845
389,0.552935896910713,0.812122422493889,-0.17389284403750183
390,0.7318361424873401,1.1696206048131552,-0.12762846322725585
391,0.7917686618239348,1.8196184490891705,-0.14555029962174804
392,0.7542779090071182,1.4893749767439264,-0.1195148016736286
393,0.8319355342780452,1.666019593113087,-0.13075530308118344
394,0.919880293381444,2.0064606166440973,-0.0797566880007845
395,0.7785599482673304,1.5575220060811725,-0.11785135395512547
396,0.9342653989506777,1.8570875497846333,-0.1231029604765751
397,1.380464510154156,4.164754288088655,-0.09883185660738014
398,0.6860131094311198,1.2507196074970484,-0.12881437413554386
399,0.9748195513446709,2.285521736592829,-0.1338554833270298
400,1.1257321515004788,2.88396183170102,-0.10406665245496527
401,0.6523647396579979,1.054981725696003,-0.16579813500083262
402,0.6603344392635997,1.134917548343651,-0.12587081444134107
403,0.8660620623726089,1.7667880148601744,-0.10942783827269154
404,0.8242537431451673,1.5088258285205365,-0.11392270871151655
405,0.9815765352474864,2.583476181045696,-0.10942783827269176
406,1.2386605327580922,4.803091267454156,-0.08962373587880001
407,1.511150346924823,7.043136310043595,-0.10942783827269165
408,0.9376390021300848,2.2682581371164545,-0.0797566880007845
409,0.5309245698422442,0.6637047995701366,-0.19625122796617211
410,0.8564759931342363,1.648293029813209,-0.14870248941975006
411,1.0802291890670683,3.9396898785181502,-0.0971583623349277
412,1.1933319463187002,4.064135457987512,-0.13313405825727842
413,1.4483042952268534,7.373471034200431,-0.08964436738153037
414,1.411521790688471,4.440779944782052,-0.10897721898909751
415,0.9870663276192934,2.543007486827571,-0.1468690646586387
416,1.3361616841877506,5.957834122825274,-0.10674800801754225
417,0.7120845464198388,1.1029039881856946,-0.15417652607161636
418,1.0877016665207995,3.349152240844826,-0.13497132213703222
419,1.2413494010315684,4.076296169201526,-0.09882202541716545
420,0.7381529767625414,1.6600319803173549,-0.12579145711087558
421,0.7717136679812192,1.5135569376627647,-0.12617272287579273
422,0.7828418494994867,1.3280374238511903,-0.08477137465070794
423,0.9859294986950211,2.311432612936228,-0.08428781247308126
424,1.302754367470806,5.41656717947791,-0.09787758192876439
425,0.8003494013010103,1.835313056897851,-0.19729154203765387
426,0.729494265049484,1.3128542007786423,-0.11773169468068156
427,1.2163854970906474,3.594859621361846,-0.1196331638080479
428,0.9733472201551719,2.6076048035509767,-0.1332752217698654
429,0.9472439406656694,2.25155296000264,-0.08388540798318767
430,1.1370671010305997,3.3442251956559756,-0.1204538017426321
431,1.0009566394046172,2.5964024512570734,-0.12915266643563095
432,0.5109092774476629,0.8407716366530562,-0.12181986254704424
433,0.653657248961109,1.1006712254202746,-0.11952491644457675
434,0.9531767496336824,2.3615222197021124,-0.210193048453161
435,0.8340644623810399,1.6992390547007066,-0.14970915973500554
436,1.4195965941995858,5.848414442816938,-0.07129652071650672
437,1.0769646483970419,3.054002530629285,-0.07975668800078461
438,1.490912508064536,4.742912257737081,-0.07975668800078461
439,0.9158809460538054,2.220432975115195,-0.10299443672811026
440,1.359691552563165,5.347283737562354,-0.1409523653142042
441,1.018307023005502,2.7638644137227066,-0.12036948543943804
442,1.2544574410657685,3.5444632636853877,-0.09355639747754019
443,1.4215785380517478,5.839493053693624,-0.10230420640019111
444,0.9862515913721419,2.5281847107366047,-0.10942783827269165
445,0.9137446308719716,1.76057931130859,-0.1610088735934485
446,0.9042358905679951,1.8604625898189733,-0.18571568598367083
447,0.737540931673135,1.4608838832855593,-0.14519166921926563
448,0.9472048485899348,2.213931974713314,-0.11329613825222207
449,0.7415974864455351,1.2248181850053919,-0.13005861839187915
450,0.9599103171977171,2.172523874712571,-0.10435708959649248
451,1.2073545470938807,4.156806460142984,-0.05611154412681196
452,0.6533625666488355,1.154734262484332,-0.15763133133961116
453,0.8795533170138227,1.7019456910329365,-0.15191540593309916
454,0.7096653352268796,1.2779435431721202,-0.12952030087372002
455,0.9468016876071373,2.2042343706191483,-0.12663521884853646
456,1.1825626854287223,3.423450235892701,-0.10942783827269176
457,1.224404026216319,3.548609855281037,-0.08924269931566597
458,1.024424602627021,3.043985576729522,-0.129360339158747
459,1.4805296976827078,4.611330363890078,-0.07129652071650683
460,0.7892442461771655,1.5087306210544482,-0.12619525932235676
461,0.9322120984501266,2.127539496906128,-0.12417802658349852
462,1.2485418792458798,3.861657468964566,-0.19997265670660525
463,0.7839482497518137,1.6019284216207192,-0.15844804972645887
464,1.0894128503855152,3.1044639604926596,-0.07879835190325457
465,0.8628778468658561,1.653627523403629,-0.1422687305310033
466,0.7246276416461653,1.2249652963733726,-0.14621568623223646
467,1.1256302565244647,3.17259781656382,-0.1147177890497828
468,0.3221711960249559,0.3861070189641769,-0.21050332227759438
469,1.1218895638820692,2.7718653924246373,-0.0797566880007845
470,0.8023416715866843,1.4182058267279767,-0.17340150663800868
471,0.9632779062566891,2.152225732521798,-0.11059807032767255
472,1.1253268425421352,3.8541994425482926,-0.13750984756673434
473,1.060037804616303,2.296059913978192,-0.1335760891768628
474,0.7873832716429521,1.5418086294530573,-0.14377677239314401
475,0.9420000971930396,2.5547820625092656,-0.18890490192062448
476,0.8402289774929242,1.7179022658717917,-0.10090565824248765
477,0.7577152035626269,1.5134483167851855,-0.10076506735988655
478,1.2600952644424386,4.492080636753039,-0.12686435710545862
479,1.2627453216495401,4.065191991613061,-0.13514254908486023
480,1.3932982208511409,6.924998105627162,-0.08542370582042802
481,0.8007893992191644,1.3245845212322478,-0.14647405617281295
482,0.8906253282348074,2.1369581603933154,-0.12671877697569034
483,0.9125358361528741,1.9642519263610114,-0.13424378145496185
484,0.7261053023910016,1.4063429326082542,-0.131507657715919
485,1.2674897137211898,4.532664092386764,-0.0849867799206343
486,0.8286601376573921,1.6642844307765272,-0.11995493432336046
487,0.5701014635225407,0.8756069937658844,-0.135080580523818
488,0.8939192312581797,2.026777094643834,-0.1434316003252042
489,1.042388105381864,1.9165291013224603,-0.12410519829021782
490,1.0854127529618238,2.718881799086023,-0.10942783827269165
491,0.912892412398284,1.9184694427335645,-0.11515861847979825
492,1.135014245142691,3.542152651297295,-0.096160849737568
493,0.6235768882106775,1.114380178488148,-0.1485703865833553
494,1.1552099750270628,3.595749033329981,-0.16731049779190676
495,0.8514385833266739,2.1719619386065587,-0.09510178713876949
496,0.7018499490846382,1.2284215079367455,-0.23972166722492227
497,1.0792983442046298,2.6954570338242263,-0.11211669948468361
498,1.196516925140438,4.1258865229180595,-0.08866963896718494
499,1.286057144044465,3.3725808523472294,-0.07129652071650672
500,0.9454721871921475,2.028723255956674,-0.1753701016270759
501,1.0406784317150153,2.9588263649876,-0.09268282875737177
502,1.1219147136768337,2.835504420032326,-0.11773169468068134
503,0.7363128905051075,1.503184054999974,-0.14352266353017018
504,0.9105716951600116,1.7751512217896646,-0.12310296047657521
505,1.1197040657636232,3.688043043317137,-0.10942783827269165
506,0.7980585969924375,1.498565433028555,-0.1284776038676131
507,1.3698861766340258,5.517313663722295,-0.11363841359618487
508,1.0022340994491736,2.3652162558388015,-0.17052113925018553
509,1.1397532930105345,3.355541003317061,-0.09502385136292268
510,1.0484836521880028,3.0906414016143726,-0.15165711462078635
511,1.1683433847503522,4.161525489047708,-0.08924269931566609
512,1.0997151439053017,2.9687675764552357,-0.16223292127473388
513,1.0805193545431024,1.8780811009725302,-0.08924269931566609
514,1.0034873639603583,2.5430051315304802,-0.1392630707672905
515,1.2360523988089611,4.639009448642414,-0.1179585353457252
516,0.8199260011898925,1.6473341383010047,-0.14004803631122453
517,0.10038633632138148,0.05168445706161284,-0.26853120799033503
518,0.9738915795195768,2.019819861422633,-0.11360483501107155
519,1.222404264721959,3.6779361477979746,-0.09953166807376557
520,0.9629667208273435,2.6156407336190335,-0.11762431459632239
521,1.0481790641616364,2.297680746261042,-0.14317596467705374
522,0.9618306178052771,2.392367564204853,-0.2222826094976149
523,1.0928702631419678,3.045025662585153,-0.11584426885725208
524,1.0469374564294354,3.473004556804945,-0.12121579211053135
525,1.0189075483521919,2.8283318149653094,-0.11686894547311633
526,0.9629444247961324,2.3502946894917764,-0.23290242723789478
527,1.060349828517755,2.980775636973034,-0.09616084973756789
528,0.7713538495068717,1.5017556878212708,-0.17759428424529755
529,0.7193708472776286,1.320900735467366,-0.1591988893835864
530,1.2180495782681793,3.896674356546252,-0.09655109545237328
531,1.0614543795782923,2.8316658360372293,-0.15234643182600205
532,1.2101570916280675,4.005537523098495,-0.1257688536007454
533,1.0073258866486536,2.517091557047123,-0.13697400772382906
534,0.7443251175051995,1.2525788631487949,-0.12171286089029798
535,0.6586870413913695,1.174188259953994,-0.14327320468189209
536,0.7265161188237935,1.299390538281937,-0.1472349491073579
537,1.3435722403089927,4.527796573366414,-0.10294362649282296
538,0.79477312000565,1.4489224648074246,-0.11108470417771854
539,1.0899794177692412,2.564026348556597,-0.11943686945173226
540,0.9713531649879538,2.54616797531675,-0.11387348115826734
541,0.8478810356270327,1.8793816366387,-0.15516538707320648
542,1.371601272135355,5.15479609660727,-0.08411531557419527
543,1.2225829199928142,4.803219121982289,-0.13397053094864142
544,0.7499604300351459,1.3544739855234478,-0.11931398909928881
545,0.8409689058109573,1.8306572971043997,-0.12175831590608133
546,1.2280948923873078,3.3942353261633817,-0.11130166041242018
547,1.419777048668843,5.5677812507701745,-0.09003972923259551
548,0.8776251837216607,2.039710278080563,-0.14536683435896358
549,0.9436821017943117,2.28612870194038,-0.16982361144150848
550,0.9735667636763023,2.787502007163687,-0.11709412815290343
551,0.9989198695167869,2.5272883292697594,-0.12347732549873869
552,0.8104064527657914,1.7487365867252125,-0.19185644829311166
553,0.6305440070098922,1.0274088488431814,-0.13261184536681792
554,0.8310227148454699,1.4557198801592128,-0.10237582629604647
555,1.2784774467900144,3.8809399960526774,-0.08830808166654103
556,1.2546380912201556,4.4862157629677535,-0.1469373214543913
557,0.6192896083564317,1.0617514619921766,-0.15393727236895738
558,0.6784399864542334,1.356625559269394,-0.1520614364382612
559,0.8814606249431731,1.744245924495214,-0.13970044770437706
560,1.2209917719291088,3.7998670159084744,-0.10739595330484564
561,1.0160545239515701,2.52910742671359,-0.08730813199977283
562,1.0502252391000835,3.0385555333411425,-0.22695499667066144
563,0.8674202135194259,1.9315487780426954,-0.14135440057246373
564,0.6319164626101441,0.9905943590517874,-0.1268841446384933
565,0.9017711408078616,2.4269807850790506,-0.13313405825727842
566,0.6315953677286177,0.9160204309876692,-0.10942783827269165
567,1.1143215066026488,3.653915141663541,-0.12328582911924446
568,0.8983668387178714,1.5172743163244986,-0.12522457019763833
569,1.0866518160465641,2.8439337073092044,-0.1317332622641223
570,0.4774623170667674,0.69709155599932,-0.22226862947256376
571,1.1462188321717282,2.9581717598639417,-0.07894838022702455
572,1.045699310231455,2.202037220577579,-0.07129652071650672
573,1.030978886764,2.2601214710484903,-0.1214530955358647
574,1.0745138647746455,3.9621212284277583,-0.12762846322725585
575,0.6863748781769926,1.328284934523209,-0.18045692431776095
576,0.7535700769221534,1.331705785498532,-0.1081230264590779
577,0.7469368690558618,1.3162958405684733,-0.1941061463040703
578,0.8420802828981535,1.9451408049882617,-0.11363841359618498
579,0.732130985967382,1.3979439378760237,-0.16916664185344576
580,0.6825560668152358,1.0450417629133506,-0.14225905914493464
581,0.9722204522900889,2.7643676740706504,-0.14702460119674154
582,1.0182002112270403,2.497042065048645,-0.07129652071650683
583,1.239075626685565,4.068184329570042,-0.10743845617883763
584,0.9295017223103496,2.0868345886570547,-0.10151396941435842
585,0.9456011466032813,2.120845797673231,-0.19904634686788714
586,1.185211215243129,3.3982921824462613,-0.07966999494974758
587,1.272681865432268,4.902131939642868,-0.1273701397618232
588,0.7782662507960124,1.6216399292859718,-0.18025243316639794
589,0.8132328064663021,1.3651536358713892,-0.11502252411437364
590,0.8485243188958166,1.7179781501792468,-0.10168003695062777
591,1.1375607340057146,3.835441832956099,-0.11699981506308721
592,0.8725297070503294,2.433941143846223,-0.18482297408292137
593,0.8654841684533362,1.7451810841570112,-0.1236941475873069
594,0.6870051957935457,1.0795622148332504,-0.12910135888867513
595,1.3011192325714318,4.3732244133543965,-0.08052990080539979
596,0.7487566301584438,1.3025893878670192,-0.17616185628628334
597,0.9415044341662655,2.2790814958570107,-0.11673682466356694
598,1.1601286866249905,3.9412596717906396,-0.07193027932843388
599,1.0467765183765674,2.321153471294261,-0.12199934642598798
600,1.2243865359011283,3.5639084736605913,-0.0830347778926277
601,0.40527691005343675,0.5448758716989486,-0.2269472807735935
602,0.8131515580052096,1.7541654034648637,-0.09750000000000003
603,0.992305500248694,2.5981215123205548,-0.11276682218950018
604,1.045753499518485,2.7563897019428794,-0.13514254908486012
605,1.0895817343829064,2.6991997761732223,-0.13870405383048834
606,0.8627204623031594,1.629250052440391,-0.10942783827269154
607,1.1088591133566335,2.661633344179462,-0.12299682335392004
608,0.6903641553634429,1.231552598678559,-0.1093717557346382
609,1.2154888564801776,3.890162849701074,-0.08924269931566597
610,1.0593602406946452,1.6148936689427278,-0.07879835190325468
611,0.8276116895953858,1.6726848213389798,-0.17891491947486937
612,0.9907170255685862,2.658918070996498,-0.14531170683579953
613,1.1175285720050088,3.074473037896393,-0.12952030087372013
614,1.0204824859225838,2.2560471378950835,-0.07975668800078461
615,1.4212100363210507,4.932671291591372,-0.12460340913453083
616,1.129202973303063,3.268411427340429,-0.15262125871532284
617,1.300020994471507,5.104487019143199,-0.12800322449848778
618,0.7409969981074945,1.4726421540478833,-0.11205368377946645
619,0.6637559734050591,1.185529153787003,-0.2482142260265835
620,0.9453754261396266,1.775348270653656,-0.10312762993824875
621,0.888593403931631,2.1072369684799725,-0.14630350526510882
622,1.312935932178756,5.552921869201121,-0.11329613825222207
623,1.1626850851542172,3.626671157029416,-0.12829140882141943
624,1.4038280627079682,4.957704671934045,-0.09156597240277575
625,0.9622323137835044,2.247727219167215,-0.09302224491866751
626,1.151722904377148,3.7831936379232047,-0.09616496931327989
627,1.0703819394022227,2.7335240621680055,-0.09617985788001837
628,1.106392368465956,2.6941373534935957,-0.1300782826475354
629,0.8320877362986265,1.873874056276502,-0.1524545848492761
630,1.2315602498272946,5.486837454311285,-0.12688414463849318
631,0.8938710941948476,2.07451993450595,-0.0865559528548473
632,0.7719515466782915,1.5577272368478794,-0.11282924878742662
633,1.1378565113131212,3.1772816546933234,-0.10942783827269165
634,1.1478028134627212,3.6289730039289188,-0.1642816472811942
635,0.7187575534193141,1.6491613895084218,-0.19402377725369835
636,0.5801682578601629,0.7699009104418195,-0.12351310004199056
637,0.9477419117114967,1.980461584065849,-0.13869354377243748
638,0.8312585779279678,1.7972325735866312,-0.1247858290103595
639,0.9393248380801933,2.0837854394841355,-0.12007098403525862
640,0.7577004468657434,1.3284709929350993,-0.11655505430444657
641,1.0571438106472337,3.0520881720675366,-0.13345001117144029
642,1.5337842681482874,6.486257720207385,-0.07460284642388926
643,0.9745998366444183,2.5046905798015944,-0.10942783827269154
644,1.3438943406230806,4.28430272740575,-0.08390795946633034
645,0.9951922906899938,2.311757818807353,-0.09394694967675321
646,1.3564253165281317,5.003636898306273,-0.06255561923441211
647,0.8916554859935893,2.017570755181565,-0.13478056434988273
648,0.5796755411814808,0.9126503798939802,-0.13569120150831082
649,0.8481340556404652,1.6412172768354645,-0.16697020087074765
650,0.8855564375744401,2.1519143187935295,-0.1445976927254472
651,0.893639899149757,2.05117346128965,-0.11637404033458232
652,0.8270949174712796,1.9363487222311995,-0.12935534530743864
653,1.0100471297474938,2.4591338108060015,-0.11844364474782676
654,0.6680199314419069,1.1927523038901602,-0.08750715269437426
655,0.9966115090153854,2.4507333792063637,-0.10942783827269165
656,0.9357651617838407,1.7238248593231202,-0.12849217266823487
657,0.7652990869308325,1.320709522457089,-0.14470367231790304
658,1.3001953699143693,4.888869676129742,-0.12769160641912114
659,0.4346134580706532,0.567565533379043,-0.22775718571464432
660,0.9884739137195135,1.865152819898829,-0.12549041623529988
661,1.1084220239127862,2.1288417290999817,-0.10942783827269165
662,0.994357097018429,2.818624361474581,-0.11333841861948435
663,0.6873140849032227,1.0682613682078013,-0.13902610957775952
664,0.8495969581503239,1.8566386913207906,-0.12758891242572667
665,0.6578332685501712,1.2034664447420407,-0.2416253168275434
666,1.14882510230447,3.085253762639004,-0.12485843430809196
667,0.8774977274710845,1.9426514469152476,-0.12801495719638323
668,1.048886611921951,2.994220134384835,-0.12339379571045683
669,1.3214915207303015,4.034336897984999,-0.11329613825222196
670,1.1607478355884118,3.0257933019127012,-0.07975668800078473
671,0.7326244260597071,1.088001161711102,-0.2007390119636735
672,1.100292073962921,2.563178324562801,-0.14536683435896347
673,0.5292232455194744,0.782054787623709,-0.1647726319641386
674,0.9361902567667855,1.745386015996059,-0.10364243678440765
675,1.416297897154061,5.229291122399775,-0.08924269931566597
676,0.9796749355865598,2.4247551543376225,-0.12240388608854269
677,0.9482897032803235,1.983742300684356,-0.11846056373508784
678,0.9138709456129731,2.0947856893826122,-0.08937673505665056
679,1.4460692951089382,6.6231098299938,-0.13478056434988284
680,0.9682685267239151,2.397992938011417,-0.12578148055265637
681,0.7731420137971919,1.524599026574287,-0.14621568623223624
682,0.6916912273896751,1.2782271132154248,-0.08924269931566609
683,0.9678609504783795,2.8030644198889134,-0.14623293980620022
684,0.4474350674451827,0.5029065469978329,-0.1267212468879605
685,0.7570909194617919,1.6270952725935413,-0.11975128061081908
686,1.2383215397502758,4.273363857421565,-0.08850346164293632
687,0.9884210634067889,2.251597541813617,-0.15417652607161658
688,1.609903096648443,6.603055871627235,-0.09256993112074241
689,0.852329884225402,2.0659896833602835,-0.1336524650386275
690,1.1126574373292595,3.9331100113779582,-0.14019810158838963
691,0.9807997709208094,2.322878898735687,-0.14127398004906233
692,0.7567330362877102,1.2862453964925717,-0.14536683435896347
693,1.064184494265253,3.303848448590637,-0.185915664829304
694,0.5197717730188421,0.7497212858771762,-0.16113977824861658
695,0.8765229783123097,1.642705595048311,-0.13786535732528737
696,1.0981108098963426,3.0222048506423,-0.12753254458933583
697,0.7841388188183138,1.5935470875125959,-0.17779016423380356
698,0.8843005286346791,1.999518833264974,-0.09480792112386471
699,0.7846770355868279,1.586647932112264,-0.18913380508435151
700,1.008615256574815,3.2062252376858087,-0.12568074829558296
701,1.401540265137625,4.855385350144047,-0.07852990435213769
702,0.6362305070264617,0.901525229458014,-0.1164906174722421
703,0.8743651462363744,2.1861526661759116,-0.12686435710545851
704,0.8848524929011937,1.96364593059416,-0.14282950247304327
705,0.6371874173736033,0.9649278555077274,-0.12524212564465043
706,1.041382859193741,2.8856694596706314,-0.12437016440535786
707,1.4135302781935746,5.009389667552515,-0.10014744085868021
708,0.8720743325564624,2.321576771610223,-0.13513054145160108
709,0.6550519564685263,1.1936766451822298,-0.13478056434988273
710,0.5275645360341481,0.6829802443155393,-0.16811148319024383
711,1.3179403728821673,3.681791791550139,-0.1100104291087296
712,0.920871346214709,1.887327554964977,-0.0797566880007845
713,1.0278319075898703,2.6556389992655434,-0.15776117554127045
714,0.8308131559061027,1.6861635605344305,-0.1447486107902275
715,1.15585917375937,3.453713306121763,-0.09733170802812141
716,0.5275625828822352,0.7199268173273952,-0.17321331953114738
717,0.9458202083928685,1.8776206302553047,-0.11658438666142368
718,1.055366188452669,2.7830007220084774,-0.13991921141372476
719,1.2352453229816833,3.9248574433919883,-0.08924269931566597
720,0.9093385438245686,2.495749411738535,-0.1560213020594673
721,1.131008608252412,3.649068580817058,-0.11400376291951819
722,0.9077108224975932,1.898101371623158,-0.08282273877292445
723,0.6287592188155893,1.0434427715800227,-0.14255196323074615
724,1.0718943375658148,2.4739371586441026,-0.12599635870554904
725,0.7693439207912062,1.4124683873614154,-0.1544948947156668
726,1.364273848623488,5.2046860837552416,-0.10612055344109428
727,1.111815539031382,2.8438676224778856,-0.10904615183255095
728,0.9229742712486816,1.7162417429823553,-0.11810081220800572
729,0.9117405552589817,2.0154641905031285,-0.10809041779801487
730,0.9008678813403451,1.6957070248960058,-0.1019238615308985
731,0.9110816181931256,2.355338869193358,-0.08180144758371244
732,0.9752781350009168,2.561278803546839,-0.1343031128105926
733,0.9320309977031981,2.2828124104362546,-0.12472061977664561
734,1.1868277632149298,3.2885488934234806,-0.11510086766755656
735,0.5264413032220614,0.8121684421592565,-0.18117819546383596
736,1.1272578815788188,3.035481082814779,-0.12903444783574236
737,0.9933721857016728,2.4176455223489928,-0.0936469986792986
738,1.1710010407364662,4.1532120113290905,-0.12479712722976433
739,1.1485766248679545,3.2965135209382295,-0.10746561556051049
740,0.830389722881137,1.8463576264125248,-0.12769160641912103
741,0.7610444313158317,1.7838472617119572,-0.13640551962612624
742,1.210518907386613,4.227515514870619,-0.09026309302331392
743,0.8450447121093693,1.8036735294213266,-0.26370081514671795
744,1.3505487745824505,5.1738457236663375,-0.08712523023865493
745,0.7078146635598751,1.003584413905867,-0.1293376804913826
746,1.0287813552026186,2.4363004363658005,-0.08753408605780522
747,0.30219903034570644,0.3146890643184739,-0.240133291463283
748,0.6096751816897548,1.1320659986619654,-0.2533544131590838
749,0.9182201095450985,2.3774469700745273,-0.11231830471617443
750,0.7566143940178,1.3957744030349466,-0.18243158855342845
751,1.1062232665765843,3.2375464514374075,-0.1440678479989541
752,0.9648394739868393,2.7660028595299337,-0.07714297802025738
753,1.2683854674794268,3.6374909206921426,-0.14913923511666782
754,1.3060078814499632,3.309547022388384,-0.07504029064868756
755,0.7599550247395817,1.5112944963664519,-0.11364593182425897
756,1.120418889910612,2.84005064880279,-0.09256993112074252
757,1.164417975799283,3.72979202009218,-0.11953784738551299
758,0.9815113866450128,1.8697861291578484,-0.1590646536932382
759,0.661026109126091,1.2620024989374974,-0.18890490192062448
760,0.5773586626840884,1.0348233231867798,-0.13999015873821086
761,1.3299492979425442,4.786279908346434,-0.12522457019763844
762,1.1388525828795124,2.8613618085290997,-0.08717839855678766
763,0.9768948836223627,2.1709202719790124,-0.12915266643563073
764,0.8261600709960741,1.6004934540299014,-0.10350433442844731
765,1.2225138693463566,3.7161691856127614,-0.08025829409624163
766,1.1703972435414762,3.224841773322365,-0.13478056434988284
767,1.2695713227149277,3.265949797403083,-0.07879835190325468
768,0.6477858371416052,0.8534907443161575,-0.274709559366036
769,0.8750755652343857,1.6602504853755788,-0.15118925725269017
770,1.1090636501229987,2.721809201234255,-0.12753254458933572
771,0.9532265712667282,2.1595811094339563,-0.19420750000705822
772,0.8297837331648575,1.8200335931934828,-0.15069270545251334
773,1.0613453722740758,2.689754299493972,-0.10942783827269154
774,1.373953311068455,5.978275018321588,-0.07129652071650672
775,1.0788214099829347,2.514644105707885,-0.10764712735288173
776,0.8865643367319401,2.0485498829261037,-0.11906381629927743
777,1.1442754348031525,3.977974554572759,-0.11825108063609302
778,1.0101231494400738,2.6351372124486283,-0.14256657663682937
779,0.4509772240722566,0.6108182771122503,-0.13949534913882689
780,1.3545738975471155,4.6082726333629775,-0.08034127467166041
781,1.012317100213479,2.7863419700108785,-0.09158361960723238
782,1.160696508083902,4.073387027362466,-0.11580270713793028
783,1.0872918945358134,3.03689365158045,-0.10942783827269176
784,1.1069183245401593,3.4496358047123117,-0.09979112687077563
785,0.9845480563895725,2.1636258691488184,-0.10942783827269176
786,1.0855893917711332,3.2771860435495457,-0.12410519829021815
787,0.5175188628427984,0.6199529095786078,-0.1540676920057925
788,0.7637460904425425,1.5263758005816368,-0.1364246914397076
789,1.0246078176767663,2.7079132486068485,-0.17425263636280075
790,1.1245953996882951,3.500463548394463,-0.11680026838839774
791,1.0192698691197806,2.3422171275904695,-0.0830034088239272
792,0.7856140584013961,1.4337620156422703,-0.10330532548953919
793,1.1225701555983163,3.0456457664239336,-0.11316669619713948
794,0.9821614219737046,2.4791719617665953,-0.12610191842655183
795,1.2169176413577023,3.3591522053819736,-0.08705477747834856
796,1.2372045202473905,3.0402351790045934,-0.07879835190325468
797,0.8394713964267917,2.051656319370423,-0.1780415361323887
798,0.947972268414222,1.982100388929687,-0.11608026374408631
799,0.6304335498478795,1.2138593481305464,-0.16988736074103938
800,0.9565249897284758,2.12860173420111,-0.14090830428235268
801,0.8070388551667942,1.5668146223147899,-0.16927157185467512
802,1.2142141587993196,4.142517472818305,-0.08332997488626426
803,0.514919182640128,0.7614680182719029,-0.11379402876866263
804,1.3532351196649555,4.917170480470166,-0.05721798904893949
805,1.2347837567528401,3.114495635310857,-0.1029863933083216
806,1.2404581745078254,4.553548663211711,-0.09598426425241668
807,0.7418313437310231,1.4327091399134928,-0.151759394710424
808,0.9032378767358766,1.8391308364105607,-0.08197638648549654
809,1.1740454559968236,3.8809977704136402,-0.12686811616518945
810,0.64415628800519,1.1716139365197833,-0.15887011630008008
811,1.2192483335951065,3.9053418668159914,-0.1400135304291238
812,1.3267271674742531,4.893387855023234,-0.13354562008516901
813,1.0254260676300955,2.562718420996883,-0.15077158692539172
814,0.8839293518950131,1.5152046521094231,-0.14348540634343088
815,1.0860053867330433,2.910639556910908,-0.1257688536007454
816,0.7875328965342949,1.7214379438794674,-0.13341511419707797
817,0.9413196802731554,2.2261550962745718,-0.1610088735934485
818,0.9625449440119533,2.3943737858180474,-0.1889049019206246
819,0.9545079831735405,2.015784100468225,-0.12121579211053146
820,0.8449393742301207,1.8511591303302177,-0.11215352794921674
821,0.9145494721914449,2.4023965348833287,-0.15233558208343467
822,0.9110439082862073,2.2003289565434385,-0.2083834559521437
823,1.138663221141743,2.852515655311135,-0.09685225272388553
824,1.0916139553152957,3.1098108586416426,-0.15363455805350712
825,0.9104648809463514,2.154198539828377,-0.09817242322514663
826,0.6876257456262316,1.2326742708955787,-0.13511158821318325
827,1.0185287629083375,2.3840420084640916,-0.10942783827269176
828,1.153380420396581,3.0599615710606702,-0.1257914571108758
829,1.386749351094597,4.889360238051833,-0.08430270622841973
830,1.0131670107455915,2.042439923709623,-0.11665874122696995
831,0.5608696590479101,0.824242061938615,-0.1484694513527398
832,1.0445615734393137,2.7643927169997924,-0.12666052194046873
833,1.2057614270761585,4.4368507562220225,-0.17052113925018575
834,0.8175571050230139,1.9375061614751008,-0.15262125871532284
835,1.2207284297190013,4.782544066611365,-0.16704296304313182
836,1.1263112989172595,3.124000433788633,-0.10976489003534684
837,0.295074414258452,0.30457896670720963,-0.16540592588791259
838,1.4081916887409278,4.664125881685215,-0.08211721249063508
839,0.50410737756288,0.7555848215379415,-0.2212878404267291
840,1.1038173768553743,2.513712287955448,-0.08799230178653572
841,0.4845517737190596,0.6711065418304407,-0.15881452939263108
842,1.0417696921175288,2.5973992588381374,-0.1361457754063944
843,1.176015706564353,3.904305596028495,-0.10942783827269176
844,0.932992984565325,2.3492627382176687,-0.15822784933133482
845,1.0456790611682556,2.9610182906389553,-0.10802237759507671
846,0.8683871449740915,1.885783913812717,-0.12061602642738745
847,1.0520567847039821,3.0254913735642397,-0.12064195840534886
848,1.3499823465831644,4.129160518382371,-0.07975668800078461
849,1.263037478386783,4.723516371489095,-0.10942783827269165
850,0.7445749977775161,1.4269336558927859,-0.17208572510279907
851,1.0559259952392168,2.7749387200654287,-0.12006971469742211
852,1.2368238462525802,5.071841988760486,-0.0797566880007845
853,0.6261384118064942,1.0645878698555746,-0.18890490192062448
854,0.5906786450587374,0.9852371519917014,-0.22118295734121507
855,1.1511507252962656,3.8432295277657484,-0.08128366551086219
856,0.7910765898305863,1.4234292493252276,-0.15798020539240254
857,0.7647069519534817,1.6916698033387152,-0.12479712722976444
858,1.2084153283032748,4.041039705071123,-0.125151142583797
859,1.0976428501103361,2.3505522376567902,-0.10847364428203521
860,0.9859938031467391,2.6323844577266944,-0.11656192403349797
861,1.3491564203247917,3.9537779955350416,-0.08924269931566597
862,0.6610824979808763,1.1592958737277583,-0.20953915460778094
863,0.832081755756631,1.6501915107377614,-0.20770871552773074
864,0.7950530868196571,1.2466555846393672,-0.10728396283883734
865,1.1575552060698868,2.7401936922245236,-0.09125373226052802
866,0.6109520600127664,0.9310545870145244,-0.14514006881574615
867,1.1627534426450328,3.4748729850594247,-0.08924269931566597
868,0.652014634202284,1.0423508469353409,-0.14282204298432422
869,1.3713517469771792,4.582753007377143,-0.10467800080057121
870,0.974932150541325,2.407504959178055,-0.12686435710545851
871,0.9222426776087358,2.01154140128929,-0.09911000463355246
872,1.1145143679828386,3.593591863863285,-0.08712523023865493
873,0.5544983869125741,0.7995477407083167,-0.12896242591550056
874,0.9461955861854281,2.3374059077708162,-0.15395644635905692
875,1.1493188462227066,3.1127054888282233,-0.13827791047267946
876,1.051440261666766,2.7443297208321975,-0.1329481801844269
877,0.8190847431767129,1.5585111656721136,-0.10942783827269176
878,0.8122935525657593,1.3919824548348734,-0.08924269931566597
879,1.0949378576363646,2.7232968051894817,-0.09104556701096655
880,1.3319034719033664,5.102597307051546,-0.09058013849899271
881,0.9741113867162042,2.6839842334014405,-0.11249978062403387
882,0.896908038524565,1.910948237593816,-0.18572083517265758
883,0.8087300148892212,1.397136799577353,-0.14536554252918343
884,0.9076143861849841,2.1790815124335827,-0.10638716616880572
885,0.9519973659470514,2.475130260213948,-0.14193420255896005
886,0.9077948901750174,2.190334753788178,-0.1394515278619085
887,1.148134819672118,2.9195524451026573,-0.0692135880359922
888,0.8115080077252336,1.8474520125267921,-0.17938872837283804
889,1.3070027418416996,3.76163325762559,-0.11648621871950171
890,0.7592209093460963,1.3802442348659953,-0.12100340146039701
891,0.9591937768950214,2.4639599262459,-0.12904687625376543
892,1.1145528787797305,3.1135513340089656,-0.12118717588246852
893,1.1521390626743837,3.3726830817810427,-0.07129652071650683
894,1.2784369032513783,4.74467425401967,-0.12959501962096598
895,1.3321346773139677,5.661726390283119,-0.08909384025772726
896,1.0647076792244254,2.175025506770919,-0.09321133092456102
897,1.0806449173879538,2.782310928864058,-0.10922004542655173
898,0.8992881173526193,1.855551408404403,-0.14514006881574637
899,1.0461525630016208,2.732472185191427,-0.16283045288599207
900,0.756042386634765,1.4446834576305614,-0.14090415240549348
901,0.8783057698312078,1.6550492256866876,-0.09607571534788695
902,1.375823134989832,5.673667846949532,-0.10942783827269165
903,1.1525963631295701,3.818342273768944,-0.11400376291951797
904,0.8980285875761388,2.502576125391816,-0.11083654083029126
905,1.1217947191871231,3.4154723658180144,-0.12325541875674084
906,0.7992501986653316,1.4841155226760483,-0.1461987517572243
907,0.9891409702754963,2.4816178842757117,-0.17304428583003428
908,1.1841681298745357,2.8847015829416485,-0.11152530300259544
909,0.9272364695981594,2.0066963747207214,-0.15019407246179983
910,0.9937353255001437,2.484841112195807,-0.15763133133961094
911,1.0777056442428234,2.3627600311807466,-0.10404753778815978
912,0.9820998962441746,1.5975549854269575,-0.07879835190325468
913,0.8899482243522294,1.9307720649003302,-0.09632407900383044
914,1.0359209940600946,2.489796860703029,-0.08229340688065179
915,0.879397631752073,1.9136791182872521,-0.17268858373452167
916,1.3005762704247832,5.805623878483762,-0.1257688536007453
917,1.0769856345926758,2.9977082424912775,-0.13486140953420522
918,0.7929849601078323,1.7226921260722672,-0.20551899328995515
919,0.6423994122326645,1.1741029233603228,-0.15894013333995816
920,0.8048682008736437,1.6189402018512684,-0.13944625035605906
921,1.026527560664265,2.826359219727838,-0.11779018856815682
922,1.1473052194740037,3.0428837760006573,-0.10942783827269165
923,0.6628679884857508,1.1141186073996328,-0.3490536304917855
924,0.8974542900859319,2.0625632103649,-0.16149210880971654
925,0.6457180888050355,1.1051383797778813,-0.19257310249234993
926,0.6342040120741528,1.064930018647682,-0.20847922803459473
927,0.6330704409004433,1.0607130007952614,-0.14004803631122453
928,1.1855536226128809,3.322706231703746,-0.07995693035481444
929,1.215779820472576,3.0577188231343317,-0.0838825450813182
930,0.7890073033868514,1.497247241520682,-0.15163124879560408
931,1.101538309405394,3.007904910026345,-0.14536683435896347
932,0.5453516243391209,0.7209426596726247,-0.13206519346249956
933,1.0288742527008206,2.440505658461014,-0.12753254458933583
934,1.0025091051372825,2.3139633655422522,-0.09441698113205865
935,0.6496851600315667,0.9766290383828595,-0.18890490192062437
936,1.390618920913333,5.387427115840267,-0.14088786589799585
937,1.3312207188546197,4.770310842140065,-0.13005861839187915
938,0.6967879103628775,0.9165066227392866,-0.11693717010127846
939,0.9007115614476966,2.23964450157183,-0.1498660958533311
940,1.3236826755173596,4.669031373575901,-0.08586870476149089
941,1.1783947098338148,2.6596644246287005,-0.13069803800274127
942,0.8840291544973816,1.8934651080595377,-0.11855323509185411
943,0.7934830209812681,1.3448449830941684,-0.1557713821706732
944,1.1630293560485097,3.5055759953475807,-0.14749587392827523
945,1.1930074882119974,4.389328844278227,-0.10942783827269165
946,1.0503862961429709,2.964227841104039,-0.15359220132814821
947,0.8512943571510252,1.3887207037315288,-0.12260888571317852
948,0.7448370955160258,1.3002287553222396,-0.1925079343492503
949,1.330863968509348,5.215793696466127,-0.07879835190325457
950,1.0986948506609404,3.309149215091,-0.18960412008654792
951,0.827496168763251,1.8397764684618956,-0.17268858373452167
952,0.9241355857400612,2.068938401867989,-0.11924422947923774
953,1.1082928952296485,3.032650142915613,-0.10049640315303932
954,1.17594059081349,3.7737026916376744,-0.09739944264318345
955,1.1643623105844363,3.1213776774335296,-0.09504639616252519
956,1.0866989481378468,2.8378770785433227,-0.09499054946533303
957,1.1282199489363558,2.5940369579728464,-0.07595289657602544
958,1.1227367493491445,3.6322519089026564,-0.17292253485082687
959,0.8355685033494843,2.0313176749653943,-0.2467331603838977
960,1.0556974520422324,2.491538617705995,-0.09646555895079767
961,1.2954257164917187,4.450463782935619,-0.12206089700672584
962,1.1995368658930716,3.1292424230675646,-0.1257688536007454
963,1.0610079626915765,2.4751550552080457,-0.08924269931566609
964,0.7856447771657331,1.5840039408993798,-0.13055248646808104
965,1.132928024409843,3.5021891614735567,-0.11244226713951921
966,0.840502365827891,2.092414012090176,-0.14639516485124937
967,0.7041028055683866,1.2906654869278356,-0.1072210578078372
968,1.2402522767371686,4.149233512141381,-0.07879835190325468
969,0.6387213223503829,1.2803488902806106,-0.162878926332093
970,0.6152736140586389,1.0644594115581718,-0.09299754153437734
971,0.975953897310686,1.8581932246399653,-0.07879835190325457
972,1.265709012400159,4.42399498800897,-0.07975668800078461
973,0.3537284383321182,0.42788481817013335,-0.14409312731049506
974,0.9010572899427235,1.4456175842731591,-0.1713104539394401
975,1.5503359182024328,6.420543041380622,-0.08909384025772737
976,0.6824473932823032,1.235051176356421,-0.14147305027888324
977,0.8333366980821673,1.3997998172804476,-0.09987189832437271
978,0.8726612237454852,1.9983795203700931,-0.10942783827269165
979,1.1125543234275437,3.5783999126733397,-0.11373165838535337
980,0.9000503894347194,2.1856580243203347,-0.11825108063609302
981,1.3426037078901116,6.068024184740473,-0.10942783827269165
982,0.5893682002790511,1.0440961539790639,-0.23479351262255632
983,0.8862781313125544,2.168140403167336,-0.14790577442245967
984,0.9446219770888991,2.1347715323649084,-0.19205923592842356
985,0.8494865030063564,2.0819565933318596,-0.15542166375450195
986,1.2658084831503689,4.230177751056582,-0.09564713433972238
987,1.3486985648892522,5.169336238364122,-0.11339590543083133
988,1.1578611626520363,3.934551344511922,-0.09331285403036083
989,1.1070793193170858,3.2896788314440215,-0.1249046328669482
990,1.1375299967416834,2.7371991106627527,-0.09304748241356786
991,1.356427403038574,4.143372913964851,-0.09683673228881717
992,1.2387946940830272,3.2745428493669344,-0.10192147617760972
993,1.0186189892823896,2.0833651282936065,-0.08237137120031601
994,1.1432880161834724,2.9860675242315957,-0.09534783553139448
995,1.046396625637048,3.159412758762252,-0.11733803421287914
996,1.3032898963230173,4.996857686221236,-0.09825500588732039
997,0.8063559651503263,1.2944872266890806,-0.14979328354052202
998,1.2073380470317212,4.462655926410729,-0.16171237661954851
999,0.9949649524814175,2.72114238458012,-0.1760012693104812
