year,cost_dollars,pnl,gross_pnl,avg_equity_start,avg_round_trip_bps,avg_positions,cost_drag_pct_of_avg_equity,strategy_label,cost_scenario
2006,0.0,0.0,0.0,1000000.0,0.0,0.0,0.0,improved_4,zero
2007,0.0,0.0,0.0,1000000.0,0.0,0.0,0.0,improved_4,zero
2008,0.0,0.0,0.0,1000000.0,0.0,0.0,0.0,improved_4,zero
2009,0.0,0.0,0.0,1000000.0,0.0,0.0,0.0,improved_4,zero
2010,0.0,0.0,0.0,1000000.0,0.0,0.0,0.0,improved_4,zero
2011,0.0,0.0,0.0,1000000.0,0.0,0.0,0.0,improved_4,zero
2012,0.0,0.0,0.0,1000000.0,0.0,0.0,0.0,improved_4,zero
2013,0.0,0.0,0.0,1000000.0,0.0,0.0,0.0,improved_4,zero
2014,0.0,0.0,0.0,1000000.0,0.0,0.0,0.0,improved_4,zero
2015,0.0,0.0,0.0,1000000.0,0.0,0.0,0.0,improved_4,zero
2016,0.0,45477.46536168606,45477.46536168606,1032592.1860600836,0.0,5.833333333333333,0.0,improved_4,zero
2017,0.0,217408.27269815357,217408.27269815357,1120170.7195264017,0.0,5.0,0.0,improved_4,zero
2018,0.0,-4797.380416177504,-4797.380416177504,1295216.7453022155,0.0,5.833333333333333,0.0,improved_4,zero
2019,0.0,172649.84295872474,172649.84295872474,1326762.0444008824,0.0,5.833333333333333,0.0,improved_4,zero
2020,0.0,284240.47724328144,284240.47724328144,1583243.878624263,0.0,9.166666666666666,0.0,improved_4,zero
2021,0.0,-877.6421347328105,-877.6421347328105,1726388.01150484,0.0,10.0,0.0,improved_4,zero
2022,0.0,15160.290379164131,15160.290379164131,1718621.376334902,0.0,10.0,0.0,improved_4,zero
2023,0.0,267248.43906490155,267248.43906490155,1786280.8686942009,0.0,10.0,0.0,improved_4,zero
2024,0.0,187504.1603931688,187504.1603931688,2115417.7914627832,0.0,10.0,0.0,improved_4,zero
2025,0.0,254838.26759971416,254838.26759971416,2212918.903568242,0.0,10.0,0.0,improved_4,zero
2026,0.0,312698.6714291794,312698.6714291794,2524907.567293255,0.0,8.0,0.0,improved_4,zero
2006,0.0,0.0,0.0,1000000.0,26.0,0.0,0.0,improved_4,central
2007,0.0,0.0,0.0,1000000.0,21.999999999999996,0.0,0.0,improved_4,central
2008,0.0,0.0,0.0,1000000.0,28.0,0.0,0.0,improved_4,central
2009,0.0,0.0,0.0,1000000.0,20.0,0.0,0.0,improved_4,central
2010,0.0,0.0,0.0,1000000.0,16.0,0.0,0.0,improved_4,central
2011,0.0,0.0,0.0,1000000.0,15.0,0.0,0.0,improved_4,central
2012,0.0,0.0,0.0,1000000.0,11.999999999999998,0.0,0.0,improved_4,central
2013,0.0,0.0,0.0,1000000.0,10.999999999999998,0.0,0.0,improved_4,central
2014,0.0,0.0,0.0,1000000.0,9.0,0.0,0.0,improved_4,central
2015,0.0,0.0,0.0,1000000.0,8.0,0.0,0.0,improved_4,central
2016,4900.0,40577.46536168603,45477.46536168603,1031075.5193934169,7.0,5.833333333333333,0.00475231921215885,improved_4,central
2017,3599.999999999999,213808.27269815357,217408.27269815357,1113970.7195264015,5.999999999999999,5.0,0.003231682787434951,improved_4,central
2018,3500.0,-8297.38041617749,-4797.38041617749,1284883.411968882,5.0,5.833333333333333,0.0027239825554575413,improved_4,central
2019,3500.0,169149.8429587247,172649.8429587247,1313512.0444008824,5.0,5.833333333333333,0.0026646120337605397,improved_4,central
2020,7039.999999999999,277200.47724328144,284240.47724328144,1564810.5452909295,6.3999999999999995,9.166666666666666,0.0044989471864091525,improved_4,central
2021,4800.0,-5677.642134732818,-877.6421347328178,1701648.01150484,3.9999999999999996,10.0,0.00282079488093143,improved_4,central
2022,6000.0,9160.290379164146,15160.290379164146,1688531.376334902,5.0,10.0,0.003553383777222725,improved_4,central
2023,4800.0,262448.4390649015,267248.4390649015,1750740.8686942009,3.9999999999999996,10.0,0.002741696435966623,improved_4,central
2024,3600.000000000001,183904.1603931688,187504.1603931688,2075627.7914627835,3.0000000000000004,10.0,0.0017344150115965286,improved_4,central
2025,3600.000000000001,251238.26759971413,254838.26759971413,2169528.9035682427,3.0000000000000004,10.0,0.0016593464111397873,improved_4,central
2026,1200.0000000000002,311498.6714291794,312698.6714291794,2478967.5672932556,3.0000000000000004,8.0,0.00048407248881850466,improved_4,central
2006,0.0,0.0,0.0,1000000.0,52.0,0.0,0.0,improved_4,pessimistic
2007,0.0,0.0,0.0,1000000.0,43.99999999999999,0.0,0.0,improved_4,pessimistic
2008,0.0,0.0,0.0,1000000.0,56.0,0.0,0.0,improved_4,pessimistic
2009,0.0,0.0,0.0,1000000.0,40.0,0.0,0.0,improved_4,pessimistic
2010,0.0,0.0,0.0,1000000.0,32.0,0.0,0.0,improved_4,pessimistic
2011,0.0,0.0,0.0,1000000.0,30.0,0.0,0.0,improved_4,pessimistic
2012,0.0,0.0,0.0,1000000.0,23.999999999999996,0.0,0.0,improved_4,pessimistic
2013,0.0,0.0,0.0,1000000.0,21.999999999999996,0.0,0.0,improved_4,pessimistic
2014,0.0,0.0,0.0,1000000.0,18.0,0.0,0.0,improved_4,pessimistic
2015,0.0,0.0,0.0,1000000.0,16.0,0.0,0.0,improved_4,pessimistic
2016,9800.0,35677.46536168606,45477.46536168606,1029558.8527267502,14.0,5.833333333333333,0.009518639924318116,improved_4,pessimistic
2017,7199.999999999998,210208.27269815357,217408.27269815357,1107770.7195264015,11.999999999999998,5.0,0.006499539907570558,improved_4,pessimistic
2018,7000.0,-11797.38041617749,-4797.38041617749,1274550.0786355487,10.0,5.833333333333333,0.00549213413998903,improved_4,pessimistic
2019,7000.0,165649.84295872474,172649.84295872474,1300262.0444008824,10.0,5.833333333333333,0.005383530212346825,improved_4,pessimistic
2020,14079.999999999998,270160.47724328144,284240.47724328144,1546377.2119575962,12.799999999999999,9.166666666666666,0.00910515228181343,improved_4,pessimistic
2021,9600.0,-10477.642134732821,-877.6421347328214,1676908.01150484,7.999999999999999,10.0,0.005724822073802998,improved_4,pessimistic
2022,12000.0,3160.2903791641456,15160.290379164146,1658441.376334902,10.0,10.0,0.0072357094867709975,improved_4,pessimistic
2023,9600.0,257648.4390649015,267248.4390649015,1715200.8686942009,7.999999999999999,10.0,0.005597012090664677,improved_4,pessimistic
2024,7200.000000000002,180304.16039316883,187504.16039316883,2035837.791462783,6.000000000000001,10.0,0.003536627539872262,improved_4,pessimistic
2025,7200.000000000002,247638.2675997141,254838.2675997141,2126138.903568242,6.000000000000001,10.0,0.003386420326497217,improved_4,pessimistic
2026,2400.0000000000005,310298.6714291794,312698.6714291794,2433027.5672932556,6.000000000000001,8.0,0.0009864253213826104,improved_4,pessimistic
2006,0.0,0.0,0.0,1000000.0,0.0,0.0,0.0,improved_6,zero
2007,0.0,0.0,0.0,1000000.0,0.0,0.0,0.0,improved_6,zero
2008,0.0,0.0,0.0,1000000.0,0.0,0.0,0.0,improved_6,zero
2009,0.0,0.0,0.0,1000000.0,0.0,0.0,0.0,improved_6,zero
2010,0.0,0.0,0.0,1000000.0,0.0,0.0,0.0,improved_6,zero
2011,0.0,-9765.886902396982,-9765.886902396982,964683.762374065,0.0,6.0,0.0,improved_6,zero
2012,0.0,88466.53412219978,88466.53412219978,1043141.949057679,0.0,9.916666666666666,0.0,improved_6,zero
2013,0.0,252476.2850131892,252476.2850131892,1202639.1273967128,0.0,10.0,0.0,improved_6,zero
2014,0.0,55104.74508558115,55104.74508558115,1396319.0600795278,0.0,10.0,0.0,improved_6,zero
2015,0.0,41929.58923343136,41929.58923343136,1420649.078343584,0.0,10.0,0.0,improved_6,zero
2016,0.0,126773.93128722749,126773.93128722749,1503508.0695767151,0.0,10.0,0.0,improved_6,zero
2017,0.0,242644.9910640379,242644.9910640379,1639067.5251852742,0.0,10.0,0.0,improved_6,zero
2018,0.0,6506.106723123419,6506.106723123419,1774137.0401156906,0.0,10.0,0.0,improved_6,zero
2019,0.0,202184.1588856614,202184.1588856614,1908054.781623951,0.0,10.0,0.0,improved_6,zero
2020,0.0,253152.5428909917,253152.5428909917,2150187.0260224207,0.0,10.0,0.0,improved_6,zero
2021,0.0,2780.3507936188835,2780.3507936188835,2281514.5635116384,0.0,10.0,0.0,improved_6,zero
2022,0.0,-58893.19010404856,-58893.19010404856,2217732.6232745578,0.0,10.0,0.0,improved_6,zero
2023,0.0,257310.28630596865,257310.28630596865,2254041.6611569324,0.0,10.0,0.0,improved_6,zero
2024,0.0,211286.19256091418,211286.19256091418,2619345.9282226344,0.0,10.0,0.0,improved_6,zero
2025,0.0,175308.8872898443,175308.8872898443,2678685.7667501764,0.0,10.0,0.0,improved_6,zero
2026,0.0,206316.06470994782,206316.06470994782,2906825.2954244176,0.0,8.0,0.0,improved_6,zero
2006,0.0,0.0,0.0,1000000.0,26.0,0.0,0.0,improved_6,central
2007,0.0,0.0,0.0,1000000.0,21.999999999999996,0.0,0.0,improved_6,central
2008,0.0,0.0,0.0,1000000.0,28.0,0.0,0.0,improved_6,central
2009,0.0,0.0,0.0,1000000.0,20.0,0.0,0.0,improved_6,central
2010,0.0,0.0,0.0,1000000.0,16.0,0.0,0.0,improved_6,central
2011,10800.0,-20565.88690239699,-9765.88690239699,961483.762374065,15.0,6.0,0.011232638992605537,improved_6,central
2012,14159.999999999996,63625.80229445189,77785.80229445189,1019691.5221581594,11.999999999999998,9.833333333333334,0.01388655264096989,improved_6,central
2013,13199.999999999996,239276.28501318913,252476.28501318913,1160948.3955689648,10.999999999999998,10.0,0.011370014421296357,improved_6,central
2014,10800.0,44304.745085581126,55104.745085581126,1342528.3282517798,9.0,10.0,0.00804452298899614,improved_6,central
2015,9600.0,32329.589233431347,41929.58923343134,1356608.346515836,8.0,10.0,0.00707647127828425,improved_6,central
2016,8400.0,118373.93128722746,126773.93128722746,1430417.337748967,7.0,10.0,0.005872412042501521,improved_6,central
2017,7199.999999999998,235444.9910640379,242644.9910640379,1558126.7933575262,5.999999999999999,10.0,0.00462093330959613,improved_6,central
2018,6000.0,506.1067231234265,6506.1067231234265,1686546.3082879425,5.0,10.0,0.003557566116337925,improved_6,central
2019,6000.0,196184.1588856614,202184.1588856614,1814464.049796203,5.0,10.0,0.0033067615755042975,improved_6,central
2020,7679.999999999998,245472.54289099164,253152.54289099164,2049826.2941946732,6.3999999999999995,10.0,0.0037466589348329553,improved_6,central
2021,4800.0,-2019.6492063811202,2780.3507936188835,2174793.8316838904,3.9999999999999996,10.0,0.002207105763346531,improved_6,central
2022,6000.0,-64893.190104048525,-58893.19010404853,2105661.8914468098,5.0,10.0,0.0028494603166690606,improved_6,central
2023,4800.0,252510.28630596862,257310.28630596862,2136520.9293291843,3.9999999999999996,10.0,0.0022466430981825593,improved_6,central
2024,3600.000000000001,207686.1925609142,211286.1925609142,2497575.1963948864,3.0000000000000004,10.0,0.0014413980428683007,improved_6,central
2025,3600.000000000001,171708.88728984425,175308.88728984425,2553315.0349224284,3.0000000000000004,10.0,0.0014099317752653939,improved_6,central
2026,1200.0000000000002,205116.0647099478,206316.0647099478,2778904.5635966696,3.0000000000000004,8.0,0.0004318248333245633,improved_6,central
2006,0.0,0.0,0.0,1000000.0,52.0,0.0,0.0,improved_6,pessimistic
2007,0.0,0.0,0.0,1000000.0,43.99999999999999,0.0,0.0,improved_6,pessimistic
2008,0.0,0.0,0.0,1000000.0,56.0,0.0,0.0,improved_6,pessimistic
2009,0.0,0.0,0.0,1000000.0,40.0,0.0,0.0,improved_6,pessimistic
2010,0.0,0.0,0.0,1000000.0,32.0,0.0,0.0,improved_6,pessimistic
2011,21600.0,-31365.886902397004,-9765.886902397004,958283.762374065,30.0,6.0,0.022540296359074133,improved_6,pessimistic
2012,26879.999999999993,32793.2358596021,59673.2358596021,995301.228098015,23.999999999999996,9.333333333333334,0.0270068992593998,improved_6,pessimistic
2013,26179.999999999996,221062.31404915213,247242.31404915213,1109087.5199974177,21.999999999999996,9.916666666666666,0.02360499016350031,improved_6,pessimistic
2014,21600.0,33504.74508558113,55104.74508558113,1277731.7908528931,18.0,10.0,0.016904956231527962,improved_6,pessimistic
2015,19200.0,22729.58923343139,41929.58923343138,1281561.8091169496,16.0,10.0,0.01498171985417513,improved_6,pessimistic
2016,16800.0,109973.93128722749,126773.93128722749,1346320.800350081,14.0,10.0,0.012478452383437536,improved_6,pessimistic
2017,14399.999999999996,228244.9910640379,242644.9910640379,1466180.2559586398,11.999999999999998,10.0,0.009821439036215076,improved_6,pessimistic
2018,12000.0,-5493.893276876603,6506.106723123397,1587949.7708890557,10.0,10.0,0.007556914091357866,improved_6,pessimistic
2019,12000.0,190184.1588856614,202184.1588856614,1709867.512397316,10.0,10.0,0.007018087607954739,improved_6,pessimistic
2020,15359.999999999996,237792.5428909917,253152.5428909917,1938459.756795786,12.799999999999999,10.0,0.007923816806694817,improved_6,pessimistic
2021,9600.0,-6819.649206381166,2780.3507936188325,2057067.2942850038,7.999999999999999,10.0,0.004666838088705684,improved_6,pessimistic
2022,12000.0,-70893.19010404855,-58893.190104048546,1982585.354047923,10.0,10.0,0.006052702838492741,improved_6,pessimistic
2023,9600.0,247710.28630596862,257310.28630596862,2007994.3919302972,7.999999999999999,10.0,0.004780889846396165,improved_6,pessimistic
2024,7200.000000000002,204086.1925609142,211286.1925609142,2364798.6589959986,6.000000000000001,10.0,0.003044656665636322,improved_6,pessimistic
2025,7200.000000000002,168108.8872898443,175308.8872898443,2416938.497523541,6.000000000000001,10.0,0.0029789752645246505,improved_6,pessimistic
2026,2400.0000000000005,203916.06470994782,206316.06470994782,2639978.0261977823,6.000000000000001,8.0,0.0009090984758901917,improved_6,pessimistic
