Date,GTAA_Trend,SPY_BuyHold,Portfolio_60_40
2007-06-30,1.0038663298592152,0.9853791521222175,0.9893567660399001
2007-07-31,1.0078777214204597,0.9545267768820188,0.9797020048127675
2007-08-31,1.012169493536306,0.9667762895393217,0.9961143124250685
2007-09-30,1.0140915490938591,1.0042038401456423,1.019604147726463
2007-10-31,1.01808258263558,1.0178276074730088,1.0322953629846419
2007-11-30,1.0221085156393412,0.9784047618338914,1.0250189091425523
2007-12-31,1.0245174402352346,0.9673871245143761,1.0183008856318374
2008-01-31,1.0285453120979982,0.9088978507311808,0.9950299421121783
2008-02-29,1.030226949139274,0.8854095131505636,0.9845335176206468
2008-03-31,1.0271709863392329,0.8774920458216239,0.9845182440160924
2008-04-30,1.023346350550433,0.9193152128170601,1.0031522539472386
2008-05-31,1.0298293264722194,0.9332124703600817,1.0051188083512175
2008-06-30,1.0219747829207213,0.8552180785040946,0.9593236347307172
2008-07-31,1.0103537830973908,0.8475332089693456,0.9569165517855475
2008-08-31,0.9978164085663609,0.8606308318652461,0.9716325597688347
2008-09-30,0.9905038610282962,0.7795821233924922,0.9161859653849344
2008-10-31,0.9509434810267933,0.6508055098321116,0.8222187962718971
2008-11-30,0.9738125370530096,0.6055054239509394,0.8133811226487264
2008-12-31,0.9943941980640427,0.6114369511857881,0.8349380827355427
2009-01-31,0.9829671470123006,0.5612292431982154,0.7808196967679981
2009-02-28,0.9820416884398082,0.500925713707409,0.7281851699648091
2009-03-31,0.987262389471903,0.5426583078871914,0.7742366396256691
2009-04-30,0.9733696542031683,0.596569189622765,0.8118850944323381
2009-05-31,1.0023602232261224,0.6314408575814054,0.8336136497775061
2009-06-30,0.9960270819872112,0.6310271141559075,0.8314281132223573
2009-07-31,1.0374869327481016,0.6781055597109439,0.8714117706479201
2009-08-31,1.0553160029708488,0.7031544711575194,0.8933867527287528
2009-09-30,1.097048758586916,0.7280862332580262,0.9164105226854409
2009-10-31,1.0940363965126492,0.7140884809946626,0.9053343428535306
2009-11-30,1.1493240510552798,0.7580813559331646,0.9461036864061605
2009-12-31,1.1477317326354997,0.7725613836351225,0.9402846452526483
2010-01-31,1.1055088793492143,0.744484519489952,0.92869625580523
2010-02-28,1.125263429948239,0.7677085800521244,0.9473113795372071
2010-03-31,1.163826634433723,0.8144464916641121,0.9779095170710741
2010-04-30,1.1861445897299712,0.8270461766861607,0.9934515544987803
2010-05-31,1.1297881712876496,0.7613336145484607,0.9577472919080793
2010-06-30,1.1319116290594529,0.7219411724601379,0.9396918410776834
2010-07-31,1.1436690612730247,0.7712505582843158,0.9816200916236539
2010-08-31,1.1479361172747247,0.7365593981202528,0.968305502817577
2010-09-30,1.1759177843171948,0.8025214961608609,1.020323083818281
2010-10-31,1.202787579234426,0.8331795438106664,1.0436813517978165
2010-11-30,1.1870598177239857,0.8331795438106664,1.039931763729433
2010-12-31,1.2329778454341787,0.8888795575737656,1.0673731414456058
2011-01-31,1.2363517495816119,0.9095906122906604,1.082204351616733
2011-02-28,1.268345598591263,0.941187130382474,1.1038573538907457
2011-03-31,1.2776485992185678,0.9413004527081628,1.1032547236272967
2011-04-30,1.3232171655715332,0.9685616654172153,1.1305511732872122
2011-05-31,1.3060446807416204,0.9576998728720527,1.1342752892522656
2011-06-30,1.2807545345947773,0.941543751985267,1.120505669199009
2011-07-31,1.2986233576136494,0.9227082916081807,1.1212621001997354
2011-08-31,1.290315908053467,0.8719819869237802,1.1051384652638712
2011-09-30,1.274760426724248,0.8114483046795813,1.0689957645621813
2011-10-31,1.2753179702987842,0.9000156199128091,1.133501504333727
2011-11-30,1.272335704737282,0.8963581223617478,1.133366803867061
2011-12-31,1.264511173948804,0.9057238334214256,1.1494827229112572
2012-01-31,1.27584565628382,0.9477263742794747,1.1854304622152743
2012-02-29,1.2737131803239912,0.9888625911167486,1.211087404177996
2012-03-31,1.2674146684877776,1.020667965302249,1.2267507301957468
2012-04-30,1.2751079738673838,1.0138543098698716,1.2341495418332915
2012-05-31,1.2257395252868164,0.9529669825942861,1.2038449701065317
2012-06-30,1.241626627806237,0.9916392361437413,1.2311619213176868
2012-07-31,1.2546303778004302,1.003369904056599,1.246800381844641
2012-08-31,1.2578348121724716,1.0285067661011604,1.2649567482665356
2012-09-30,1.264841105543457,1.054580539431279,1.2824357297449716
2012-10-31,1.2521166740888416,1.0353888118051386,1.2664009711100521
2012-11-30,1.2614157023011432,1.0412489013262325,1.2756613478089394
2012-12-31,1.2755835334143433,1.0505516082911404,1.2777014746123898
2013-01-31,1.294320843243242,1.104330103469874,1.3103364102125334
2013-02-28,1.2870513539531123,1.1184197042223516,1.3263029912232724
2013-03-31,1.298103994807326,1.160887298927286,1.3580412978026462
2013-04-30,1.324597257008812,1.1831910319588799,1.381981950063998
2013-05-31,1.2893226973595073,1.211125800254766,1.384393837881744
2013-06-30,1.2777301077174255,1.1949637262251673,1.3592097675687982
2013-07-31,1.2937623630531578,1.2567159601065725,1.3994368283959955
2013-08-31,1.274633882446732,1.219024203352555,1.366290117535216
2013-09-30,1.2909770685716049,1.2576017027122377,1.4023228384200164
2013-10-31,1.3057202133838866,1.3158377553136404,1.4456483288046968
2013-11-30,1.3030885305808382,1.3548360851735985,1.4662881081757
2013-12-31,1.309848347822401,1.3899617538922568,1.4768353517362254
2014-01-31,1.2851592928664453,1.3409678137664158,1.463697787387934
2014-02-28,1.3118671986142876,1.402003402646342,1.50576362062657
2014-03-31,1.3083025465998186,1.4136335758388578,1.5098789858320505
2014-04-30,1.3238734460292603,1.4234605137250413,1.5207564471527661
2014-05-31,1.3441871168042776,1.4564937944864538,1.5530347422030526
2014-06-30,1.3572646985120669,1.4865629770930149,1.570925808743184
2014-07-31,1.3377163079628942,1.4665872063842633,1.556874561314044
2014-08-31,1.3663843089001078,1.5244639442944579,1.6054476524876713
2014-09-30,1.3202444672419713,1.5034319159609,1.5854186209708505
2014-10-31,1.3439179825657572,1.5388392250312075,1.6175641810347985
2014-11-30,1.3531465531708422,1.5811141930436956,1.6525645235374316
2014-12-31,1.3602453715542886,1.5771037591687254,1.6509047703090118
2015-01-31,1.3872958954667016,1.5303751316246959,1.6499665834984991
2015-02-28,1.367767404986269,1.6163888320741724,1.6892945042054652
2015-03-31,1.367058031503488,1.5910027884804416,1.6791602056453567
2015-04-30,1.3602686279057912,1.6066483565002718,1.6848162655240377
2015-05-31,1.3519514303432836,1.6273036359386692,1.6950065841212247
2015-06-30,1.3342284719792483,1.594249944401898,1.6632920074454505
2015-07-31,1.340144611004778,1.6302626313996815,1.6959371829298309
2015-08-31,1.319981202372471,1.5308977325187731,1.6344526029232394
2015-09-30,1.318962907873541,1.4918360442103062,1.6197547525788196
2015-10-31,1.3176265340912026,1.618730543322083,1.6982934335281428
2015-11-30,1.3165185714291199,1.6246471168291519,1.6991123899776708
2015-12-31,1.3158142388914864,1.596569402235008,1.6784145809450324
2016-01-31,1.3035886400022445,1.5170813384989603,1.6506578556011888
2016-02-29,1.3093944587018784,1.5158283436783364,1.6596515222457893
2016-03-31,1.3230166816808215,1.6177923563630665,1.7261955213014297
2016-04-30,1.3268380928672272,1.6241680305742079,1.7291991990596136
2016-05-31,1.3204789213699921,1.651798267266914,1.7461629763672373
2016-06-30,1.3710251667323619,1.6575395065439928,1.7713706813222232
2016-07-31,1.3891748020513488,1.7179923961357306,1.8118798308558262
2016-08-31,1.381658089363358,1.7200492069775946,1.805851121248023
2016-09-30,1.3921489140249932,1.7201492764734496,1.8076289890014563
2016-10-31,1.360199625129268,1.6903268658106338,1.778018227929251
2016-11-30,1.3456743719724016,1.752596030926294,1.7872534407514575
2016-12-31,1.3571343299197205,1.7881236785263201,1.8081445819978383
2017-01-31,1.3754639675775429,1.8201222463702493,1.8291459093655824
2017-02-28,1.388306660712036,1.891637209240356,1.8775614994464207
2017-03-31,1.3899695974987338,1.8940021660935358,1.8795752926700136
2017-04-30,1.3952752468772984,1.9128020493552402,1.8991056554489203
2017-05-31,1.4087131372766806,1.9397977093723882,1.921467133697488
2017-06-30,1.4079872479786157,1.9521638044097773,1.924900758898686
2017-07-31,1.4273395476895738,1.9922885539348374,1.95152524272678
2017-08-31,1.4455491195093062,1.998101514408662,1.9663195689251152
2017-09-30,1.4419456130803245,2.03836219402795,1.9787535024692724
2017-10-31,1.456709554693313,2.0863939928820265,2.0052342106300487
2017-11-30,1.4687041891977202,2.1501666100409396,2.039769012994308
2017-12-31,1.4900799265920521,2.1762432182009697,2.05611911566744
2018-01-31,1.5195621384750222,2.2988946856435857,2.107963779690351
2018-02-28,1.4854780315340987,2.2153056152169137,2.0541107847700055
2018-03-31,1.4859770852967964,2.1545832750421434,2.0298239367385196
2018-04-30,1.4894423391994842,2.165718912156701,2.025754249478447
2018-05-31,1.4894342196888872,2.2183649636567724,2.0632913103599972
2018-06-30,1.4951084238912318,2.231123115670841,2.0720405285650845
2018-07-31,1.4968219902726203,2.313778534866353,2.1137235297763914
2018-08-31,1.5058475596561987,2.387633791569414,2.1627783358770682
2018-09-30,1.5025011878414707,2.4018292023483165,2.160068372894469
2018-10-31,1.4744881931406564,2.2358528876357053,2.067888187937728
2018-11-30,1.4832947455470744,2.277326165749386,2.101904813026675
2018-12-31,1.4617769281683384,2.076811275592667,2.014440286327158
2019-01-31,1.4695206461778458,2.243092476262197,2.116471151958981
2019-02-28,1.4664539924855307,2.3158028869057365,2.1531856103451936
2019-03-31,1.4914299232456152,2.3577210915739357,2.1994386200580425
2019-04-30,1.503215532276855,2.454039682232576,2.2487881841228625
2019-05-31,1.4887215002060639,2.297543605708044,2.1901665610018717
2019-06-30,1.5140383462668185,2.457420783867323,2.2922726303717282
2019-07-31,1.5122755488846407,2.494575482094718,2.313418142024091
2019-08-31,1.546112538285517,2.452808232119275,2.326744721524918
2019-09-30,1.546866443868829,2.5005342945674593,2.342869729359413
2019-10-31,1.5617744810870564,2.55580752468747,2.375703559196544
2019-11-30,1.5611186448168926,2.6483233327621147,2.420771396113215
2019-12-31,1.5887909185732534,2.7252716723809742,2.453986652122217
2020-01-31,1.5865236540089078,2.7241714748925485,2.4874122014647586
2020-02-29,1.5533768382468174,2.508510938970788,2.3987299208403567
2020-03-31,1.5541902230305251,2.195269320889563,2.2547286574381356
2020-04-30,1.5689331273448806,2.4740331706282697,2.429000134029792
2020-05-31,1.570761920762468,2.591908800119969,2.5016199639446164
2020-06-30,1.5791224907996366,2.6378738662274936,2.5286649693012846
2020-07-31,1.6320491024333064,2.7932248132095125,2.62665581220543
2020-08-31,1.6466050727159482,2.9881825862918667,2.7264650114709537
2020-09-30,1.6201308291938392,2.8762938340890267,2.6687866859786844
2020-10-31,1.5973619410932798,2.804577740036741,2.6141207419779504
2020-11-30,1.654488351450681,3.10965136269565,2.7882724964037524
2020-12-31,1.7019232838659013,3.2248579998262237,2.847593420691834
2021-01-31,1.7038908041846272,3.191995234083952,2.817742761966257
2021-02-28,1.7398470847075327,3.280750073315787,2.8381150310088805
2021-03-31,1.7629384605627303,3.429694021216149,2.8883407807088775
2021-04-30,1.8134121642763976,3.6111608387524634,2.991602291202009
2021-05-31,1.8344755795611407,3.634872206576322,3.008472878802075
2021-06-30,1.8391239726143849,3.716393693807469,3.0612614386615324
2021-07-31,1.84417003167835,3.8071195902763626,3.13047181376691
2021-08-31,1.8532325489132373,3.920419237325864,3.1814302700567114
2021-09-30,1.8193053772206194,3.737706228560712,3.0721432458008557
2021-10-31,1.8647305308348538,3.9999566271023617,3.1960317697717335
2021-11-30,1.8341294420336127,3.967817593436347,3.1945855289451006
2021-12-31,1.871354159556652,4.151319818848697,3.2765345185955126
2022-01-31,1.8295624539656457,3.9323739985431794,3.145155269451594
2022-02-28,1.828347255032903,3.8163030217727685,3.0856284749453846
2022-03-31,1.8498169501578163,3.9597590224485915,3.1051008963565265
2022-04-30,1.830190542533869,3.6122145450303504,2.8890645667540262
2022-05-31,1.8329997157351583,3.620368366303112,2.900123742722059
2022-06-30,1.818786947179687,3.3218315779357797,2.746620189812299
2022-07-31,1.8153495891366904,3.6277298526157735,2.9309140324410436
2022-08-31,1.8154627565309764,3.4797111931983338,2.813980078619635
2022-09-30,1.804603786249082,3.1580266011934333,2.6045992614378584
2022-10-31,1.807264987859772,3.414697204021431,2.7164652977364496
2022-11-30,1.812960667898879,3.604525352379986,2.8463222600602345
2022-12-31,1.7979388301344497,3.396802623691777,2.7309636507058688
2023-01-31,1.8310062768042379,3.6104189637647757,2.8731291822408713
2023-02-28,1.771289059205967,3.5196437412554324,2.7921969634102313
2023-03-31,1.8075664972361212,3.6501437187894057,2.8958738529650514
2023-04-30,1.8203020623717452,3.708454752641953,2.9330685692324843
2023-05-31,1.7955776001475887,3.7255740069909713,2.9243173325624223
2023-06-30,1.8250861023564933,3.9669898231023586,3.023330963463348
2023-07-31,1.8545859438357089,4.09684260896767,3.0748288292708614
2023-08-31,1.8211407904497519,4.03026039188405,3.0358553989671417
2023-09-30,1.7971313580674986,3.8390868332497745,2.911336868096962
2023-10-31,1.7918773250432376,3.7557456686988124,2.850966843599997
2023-11-30,1.7981705367008427,4.098809697442854,3.0591563599364733
2023-12-31,1.8470521102917952,4.285942773005103,3.1891166148244006
2024-01-31,1.8230486228014944,4.354202925912994,3.2205180002373583
2024-02-29,1.8380329063027325,4.581434670565123,3.29453028579994
2024-03-31,1.8840599512574427,4.731255998322913,3.3688348770862713
2024-04-30,1.8380587201880894,4.540494623957685,3.245162820652814
2024-05-31,1.870928650875413,4.770151282115609,3.3670130034754155
2024-06-30,1.8871100510961427,4.938442093708987,3.4546766861090776
2024-07-31,1.9372979635171492,4.998242830679718,3.5198125853721716
2024-08-31,1.9787428290554288,5.115029885485626,3.5881055752038336
2024-09-30,2.028177930769228,5.222468238211322,3.653167211138034
2024-10-31,1.9882715009830065,5.175865902339824,3.584109412275786
2024-11-30,2.008439203684778,5.4845204821422,3.7269857343684447
2024-12-31,1.9580114149357188,5.3525619846190615,3.6395145045495103
2025-01-31,1.9883211225297823,5.49631280760562,3.7071370249426097
2025-02-28,2.0099853645139314,5.4265380050763286,3.7204156522213085
2025-03-31,2.016079889009771,5.124175046778236,3.601124847389855
2025-04-30,2.0218436653965424,5.079747592414391,3.597604099095028
2025-05-31,2.045708138730137,5.398984592274209,3.7154209818688124
2025-06-30,2.0895467654168205,5.676417489369741,3.853781398862355
2025-07-31,2.0973257348495205,5.807154742167257,3.897881272902311
2025-08-31,2.1361663046132544,5.9263145496086,3.9715680532644324
2025-09-30,2.202036520794313,6.137411859822762,4.066793006115875
2025-10-31,2.2308695440752406,6.283711761865214,4.136528115440639
2025-11-30,2.2550301027711948,6.295965030672149,4.157717751019717
2025-12-31,2.2605105899131956,6.30098608141036,4.147048014791721
2026-01-31,2.358185789229739,6.3938488726661005,4.1799239026161805
2026-02-28,2.446173974267375,6.3385929350085455,4.199547508604024
2026-03-31,2.3604239678121255,6.025595962748632,4.036149186236088
2026-04-30,2.4282061419907666,6.658601008604132,4.288127152358335
2026-05-31,2.449840768175874,7.009014900858199,4.423200624689287
2026-06-30,2.391340895369471,6.771712422947549,4.346420188935295
