simulation,annualized_sharpe,final_equity,strategy_sharpe,p_value,evaluation_start
0,0.9566648510257912,1705412.050761812,1.1503776548860136,0.088,2016-05-31T00:00:00
1,0.8264732542899494,1632772.2728981373,1.1503776548860136,0.088,2016-05-31T00:00:00
2,1.1100291423023727,1984124.908964701,1.1503776548860136,0.088,2016-05-31T00:00:00
3,0.9983188402278158,1740211.8956898537,1.1503776548860136,0.088,2016-05-31T00:00:00
4,0.9491702066743067,1605621.7298589663,1.1503776548860136,0.088,2016-05-31T00:00:00
5,0.9479141508005904,1698107.622024545,1.1503776548860136,0.088,2016-05-31T00:00:00
6,0.825677541593632,2175574.8783831554,1.1503776548860136,0.088,2016-05-31T00:00:00
7,0.8476370025568376,1638696.4934892654,1.1503776548860136,0.088,2016-05-31T00:00:00
8,0.8820591753976674,1626243.600854706,1.1503776548860136,0.088,2016-05-31T00:00:00
9,0.9943372306633277,1733853.5614762316,1.1503776548860136,0.088,2016-05-31T00:00:00
10,0.6700230475910216,1487335.1649251217,1.1503776548860136,0.088,2016-05-31T00:00:00
11,1.214471696781231,1869622.585538624,1.1503776548860136,0.088,2016-05-31T00:00:00
12,0.8235719468658779,1731606.5716871726,1.1503776548860136,0.088,2016-05-31T00:00:00
13,1.1077249348747127,1977396.1279374664,1.1503776548860136,0.088,2016-05-31T00:00:00
14,0.7770050743353487,1653281.036981978,1.1503776548860136,0.088,2016-05-31T00:00:00
15,1.0803008709682105,1928182.4889660678,1.1503776548860136,0.088,2016-05-31T00:00:00
16,1.1472411959393198,1738736.029767025,1.1503776548860136,0.088,2016-05-31T00:00:00
17,0.8021620237038666,1540127.7430841692,1.1503776548860136,0.088,2016-05-31T00:00:00
18,0.7190547095154918,1578445.8993789488,1.1503776548860136,0.088,2016-05-31T00:00:00
19,1.0383021596695419,1673868.9330380722,1.1503776548860136,0.088,2016-05-31T00:00:00
20,0.9313276179773737,1713647.1788557973,1.1503776548860136,0.088,2016-05-31T00:00:00
21,0.6623209292278844,1438749.2168443464,1.1503776548860136,0.088,2016-05-31T00:00:00
22,0.9264440604965605,1532036.8684655395,1.1503776548860136,0.088,2016-05-31T00:00:00
23,1.0920054036141318,1806264.151622451,1.1503776548860136,0.088,2016-05-31T00:00:00
24,1.0157993640232639,1705400.382753626,1.1503776548860136,0.088,2016-05-31T00:00:00
25,0.8178831442214437,1564597.7965202117,1.1503776548860136,0.088,2016-05-31T00:00:00
26,0.8992678506477302,1702749.803745009,1.1503776548860136,0.088,2016-05-31T00:00:00
27,0.40766847420421415,1267262.7391427446,1.1503776548860136,0.088,2016-05-31T00:00:00
28,0.9598857116409971,1677204.4954092044,1.1503776548860136,0.088,2016-05-31T00:00:00
29,0.8706534233770679,1643214.4906002304,1.1503776548860136,0.088,2016-05-31T00:00:00
30,0.8102894355394217,1807770.8620664787,1.1503776548860136,0.088,2016-05-31T00:00:00
31,1.0182791779752136,1884142.7150503565,1.1503776548860136,0.088,2016-05-31T00:00:00
32,0.9900794018796903,1798482.711392751,1.1503776548860136,0.088,2016-05-31T00:00:00
33,1.067866676012972,1807157.9416872596,1.1503776548860136,0.088,2016-05-31T00:00:00
34,0.9723744303601876,1745191.7981596922,1.1503776548860136,0.088,2016-05-31T00:00:00
35,0.9857264258573095,1724521.4743760277,1.1503776548860136,0.088,2016-05-31T00:00:00
36,0.7078652547811446,1495382.9663301415,1.1503776548860136,0.088,2016-05-31T00:00:00
37,0.9792815990237955,1865847.1512762276,1.1503776548860136,0.088,2016-05-31T00:00:00
38,1.3303859222912189,2076015.1576026292,1.1503776548860136,0.088,2016-05-31T00:00:00
39,0.7959080456875597,1667572.3774944558,1.1503776548860136,0.088,2016-05-31T00:00:00
40,0.8862627171138177,1567055.9291030464,1.1503776548860136,0.088,2016-05-31T00:00:00
41,0.8199060707307503,1813971.8404380658,1.1503776548860136,0.088,2016-05-31T00:00:00
42,1.1488113255407562,1886811.4873918956,1.1503776548860136,0.088,2016-05-31T00:00:00
43,0.9528670364084509,1819514.5968839035,1.1503776548860136,0.088,2016-05-31T00:00:00
44,0.7156554722867959,1483082.6574689923,1.1503776548860136,0.088,2016-05-31T00:00:00
45,1.0472854148818913,1797786.3986574179,1.1503776548860136,0.088,2016-05-31T00:00:00
46,1.1110179464870613,1785444.9198813196,1.1503776548860136,0.088,2016-05-31T00:00:00
47,1.0427442274873786,2014155.017145809,1.1503776548860136,0.088,2016-05-31T00:00:00
48,0.8586315267484701,1774421.0111879606,1.1503776548860136,0.088,2016-05-31T00:00:00
49,0.8454175246312355,1845650.262770461,1.1503776548860136,0.088,2016-05-31T00:00:00
50,1.0338547038908856,1950149.514125599,1.1503776548860136,0.088,2016-05-31T00:00:00
51,1.1180219698493,1706623.0795083945,1.1503776548860136,0.088,2016-05-31T00:00:00
52,0.8205321354640257,1531694.2796145047,1.1503776548860136,0.088,2016-05-31T00:00:00
53,0.7029781266308132,1616571.6665312077,1.1503776548860136,0.088,2016-05-31T00:00:00
54,1.2670021146494084,1884541.7068222305,1.1503776548860136,0.088,2016-05-31T00:00:00
55,1.269841359541997,1954010.2668711846,1.1503776548860136,0.088,2016-05-31T00:00:00
56,1.074516691960707,1821966.5229025842,1.1503776548860136,0.088,2016-05-31T00:00:00
57,0.7827528046626645,1708695.346507722,1.1503776548860136,0.088,2016-05-31T00:00:00
58,1.089282683364593,1796078.6247072846,1.1503776548860136,0.088,2016-05-31T00:00:00
59,1.1537483342329717,1726830.7118831282,1.1503776548860136,0.088,2016-05-31T00:00:00
60,0.9714784053639491,1989962.596516957,1.1503776548860136,0.088,2016-05-31T00:00:00
61,0.9240711755080231,1637799.4664772672,1.1503776548860136,0.088,2016-05-31T00:00:00
62,0.7740437900794742,1689343.3356548573,1.1503776548860136,0.088,2016-05-31T00:00:00
63,1.1721501469604023,1795033.4292131932,1.1503776548860136,0.088,2016-05-31T00:00:00
64,1.0436826207614551,1991464.2868389378,1.1503776548860136,0.088,2016-05-31T00:00:00
65,0.9895385237238679,2147725.3814290124,1.1503776548860136,0.088,2016-05-31T00:00:00
66,0.9440578850614275,1708515.5003964042,1.1503776548860136,0.088,2016-05-31T00:00:00
67,1.0312389212465576,1910496.1783429317,1.1503776548860136,0.088,2016-05-31T00:00:00
68,1.1463884136212683,1853211.2556756379,1.1503776548860136,0.088,2016-05-31T00:00:00
69,1.0661709104931532,2036771.861301379,1.1503776548860136,0.088,2016-05-31T00:00:00
70,0.8444584327466732,1711538.3830857654,1.1503776548860136,0.088,2016-05-31T00:00:00
71,0.9296262622911273,1821014.2578962182,1.1503776548860136,0.088,2016-05-31T00:00:00
72,1.0114932333039537,1683780.52104087,1.1503776548860136,0.088,2016-05-31T00:00:00
73,0.5208890017920196,1327584.7266271603,1.1503776548860136,0.088,2016-05-31T00:00:00
74,0.9825865693199262,1806585.9131285676,1.1503776548860136,0.088,2016-05-31T00:00:00
75,1.0914828276326374,1749733.476533392,1.1503776548860136,0.088,2016-05-31T00:00:00
76,0.8732860146205065,1660843.4944254667,1.1503776548860136,0.088,2016-05-31T00:00:00
77,1.0808320007742955,1799739.9719427559,1.1503776548860136,0.088,2016-05-31T00:00:00
78,1.245191337150425,2037616.8758965915,1.1503776548860136,0.088,2016-05-31T00:00:00
79,1.0631132015709264,1706479.4211346784,1.1503776548860136,0.088,2016-05-31T00:00:00
80,0.8473873012295761,1643899.3520451824,1.1503776548860136,0.088,2016-05-31T00:00:00
81,0.899609559366298,1670670.819835594,1.1503776548860136,0.088,2016-05-31T00:00:00
82,1.08806873509757,2006596.8806049975,1.1503776548860136,0.088,2016-05-31T00:00:00
83,0.9734411803116638,1685230.9543332667,1.1503776548860136,0.088,2016-05-31T00:00:00
84,1.0121510535967189,1672963.8347245918,1.1503776548860136,0.088,2016-05-31T00:00:00
85,1.0949180957494988,1834097.023879026,1.1503776548860136,0.088,2016-05-31T00:00:00
86,0.7636861649035268,1541702.5345167997,1.1503776548860136,0.088,2016-05-31T00:00:00
87,1.1495014161406993,1897224.8499875774,1.1503776548860136,0.088,2016-05-31T00:00:00
88,0.9690533264080357,1722419.1008465146,1.1503776548860136,0.088,2016-05-31T00:00:00
89,0.6569683885377979,1465212.4329152359,1.1503776548860136,0.088,2016-05-31T00:00:00
90,0.6489538052741052,1427050.3182143068,1.1503776548860136,0.088,2016-05-31T00:00:00
91,1.1662640870012897,1722764.2056959358,1.1503776548860136,0.088,2016-05-31T00:00:00
92,0.8205916460350321,1578191.385756486,1.1503776548860136,0.088,2016-05-31T00:00:00
93,0.6535597752300885,1524184.658413586,1.1503776548860136,0.088,2016-05-31T00:00:00
94,1.1107522562824665,1860595.5518793594,1.1503776548860136,0.088,2016-05-31T00:00:00
95,0.9913018571610589,1743389.4349006377,1.1503776548860136,0.088,2016-05-31T00:00:00
96,0.965599804346903,1699728.776352591,1.1503776548860136,0.088,2016-05-31T00:00:00
97,0.9253003175677281,1733836.8106072336,1.1503776548860136,0.088,2016-05-31T00:00:00
98,1.119540516647701,1831516.4687155057,1.1503776548860136,0.088,2016-05-31T00:00:00
99,0.7888624572070161,1530074.0192438245,1.1503776548860136,0.088,2016-05-31T00:00:00
100,0.9184237929172233,1865774.3649133884,1.1503776548860136,0.088,2016-05-31T00:00:00
101,0.7397268135965932,1472527.9978012368,1.1503776548860136,0.088,2016-05-31T00:00:00
102,0.8414470408188338,1781945.6284960136,1.1503776548860136,0.088,2016-05-31T00:00:00
103,0.7932116385012259,1660458.236241716,1.1503776548860136,0.088,2016-05-31T00:00:00
104,1.1052598083525087,2017412.2175839196,1.1503776548860136,0.088,2016-05-31T00:00:00
105,0.9168345112238909,1887452.919535741,1.1503776548860136,0.088,2016-05-31T00:00:00
106,1.0877447322539346,1682268.6124977628,1.1503776548860136,0.088,2016-05-31T00:00:00
107,0.6290966786047484,1350890.7064059537,1.1503776548860136,0.088,2016-05-31T00:00:00
108,0.8718316702913294,1574718.452904015,1.1503776548860136,0.088,2016-05-31T00:00:00
109,1.0118729475211525,1705668.0856942683,1.1503776548860136,0.088,2016-05-31T00:00:00
110,0.9676043948885121,1613936.8425544186,1.1503776548860136,0.088,2016-05-31T00:00:00
111,0.8565933587364489,1659273.5947025449,1.1503776548860136,0.088,2016-05-31T00:00:00
112,0.8693289526583777,1560415.3762985908,1.1503776548860136,0.088,2016-05-31T00:00:00
113,0.8260565490919671,1844411.502370913,1.1503776548860136,0.088,2016-05-31T00:00:00
114,0.978471177777032,1975180.1197388412,1.1503776548860136,0.088,2016-05-31T00:00:00
115,0.9906810869230317,1723471.6143685034,1.1503776548860136,0.088,2016-05-31T00:00:00
116,0.8588973539455429,1728619.2729838875,1.1503776548860136,0.088,2016-05-31T00:00:00
117,0.9122485567323625,1729427.2207774976,1.1503776548860136,0.088,2016-05-31T00:00:00
118,0.9051444921725803,1780954.2058593645,1.1503776548860136,0.088,2016-05-31T00:00:00
119,0.8072867271969579,1892427.100082501,1.1503776548860136,0.088,2016-05-31T00:00:00
120,1.0211411945773408,1692138.149474767,1.1503776548860136,0.088,2016-05-31T00:00:00
121,0.6696271457776173,1378007.8142639957,1.1503776548860136,0.088,2016-05-31T00:00:00
122,0.9240137562589671,1737359.9229517048,1.1503776548860136,0.088,2016-05-31T00:00:00
123,0.9957741539014877,1664559.2853207418,1.1503776548860136,0.088,2016-05-31T00:00:00
124,0.976473466722124,1997351.865098849,1.1503776548860136,0.088,2016-05-31T00:00:00
125,1.028641364820623,1781302.1728845027,1.1503776548860136,0.088,2016-05-31T00:00:00
126,0.8512575635513205,1653283.5804330204,1.1503776548860136,0.088,2016-05-31T00:00:00
127,0.8420098486752126,1595651.2137792623,1.1503776548860136,0.088,2016-05-31T00:00:00
128,0.8062610640262245,1511132.2054404896,1.1503776548860136,0.088,2016-05-31T00:00:00
129,0.6820066942187248,1493366.1975537,1.1503776548860136,0.088,2016-05-31T00:00:00
130,0.9043838056375568,1502200.5341670057,1.1503776548860136,0.088,2016-05-31T00:00:00
131,1.285299516627056,2129350.131989516,1.1503776548860136,0.088,2016-05-31T00:00:00
132,0.8717571429695516,1657927.6262965798,1.1503776548860136,0.088,2016-05-31T00:00:00
133,1.2195643403270062,1824319.696079265,1.1503776548860136,0.088,2016-05-31T00:00:00
134,1.079566141698566,1803392.4580865204,1.1503776548860136,0.088,2016-05-31T00:00:00
135,1.1526315402619125,1924850.1103214861,1.1503776548860136,0.088,2016-05-31T00:00:00
136,1.090047319066381,2031691.9642465145,1.1503776548860136,0.088,2016-05-31T00:00:00
137,0.8472075685735648,1611285.032095698,1.1503776548860136,0.088,2016-05-31T00:00:00
138,0.943566694124288,1659745.5121026714,1.1503776548860136,0.088,2016-05-31T00:00:00
139,0.8632862007015121,1873101.7650299687,1.1503776548860136,0.088,2016-05-31T00:00:00
140,1.0284767883491062,2069603.192548713,1.1503776548860136,0.088,2016-05-31T00:00:00
141,0.7073297986178971,1537104.385976336,1.1503776548860136,0.088,2016-05-31T00:00:00
142,1.2838993569814812,1924321.9977701125,1.1503776548860136,0.088,2016-05-31T00:00:00
143,0.9086733277796435,1719371.6468570582,1.1503776548860136,0.088,2016-05-31T00:00:00
144,1.1326896647408964,1858240.337837531,1.1503776548860136,0.088,2016-05-31T00:00:00
145,0.7718794703027961,1549124.6503786254,1.1503776548860136,0.088,2016-05-31T00:00:00
146,1.097223742336994,1782345.6088066318,1.1503776548860136,0.088,2016-05-31T00:00:00
147,0.8753535356192481,1792195.5748084025,1.1503776548860136,0.088,2016-05-31T00:00:00
148,0.892607438685239,1654672.981343731,1.1503776548860136,0.088,2016-05-31T00:00:00
149,0.8801553464907884,1793517.077437534,1.1503776548860136,0.088,2016-05-31T00:00:00
150,1.0819043179370111,1816137.59261135,1.1503776548860136,0.088,2016-05-31T00:00:00
151,0.9341063096876208,1703184.7912190282,1.1503776548860136,0.088,2016-05-31T00:00:00
152,0.9371155635534404,1860146.9857267805,1.1503776548860136,0.088,2016-05-31T00:00:00
153,1.0151014897860278,1818077.10648296,1.1503776548860136,0.088,2016-05-31T00:00:00
154,0.6049379802646215,1465809.2678394672,1.1503776548860136,0.088,2016-05-31T00:00:00
155,1.1023666000982966,2081693.4824489085,1.1503776548860136,0.088,2016-05-31T00:00:00
156,1.23981288560013,2124967.861116359,1.1503776548860136,0.088,2016-05-31T00:00:00
157,0.9865344109541091,2145047.88245636,1.1503776548860136,0.088,2016-05-31T00:00:00
158,1.0251907965920029,1606682.2608980734,1.1503776548860136,0.088,2016-05-31T00:00:00
159,0.832186001040891,1528160.6914709555,1.1503776548860136,0.088,2016-05-31T00:00:00
160,0.6653136680041245,1520970.175237216,1.1503776548860136,0.088,2016-05-31T00:00:00
161,1.0659854500491386,1889634.6666283277,1.1503776548860136,0.088,2016-05-31T00:00:00
162,1.182729893621639,2069463.172397556,1.1503776548860136,0.088,2016-05-31T00:00:00
163,1.0722421669469615,1895343.7130817773,1.1503776548860136,0.088,2016-05-31T00:00:00
164,1.1118360295243612,1728484.5470531208,1.1503776548860136,0.088,2016-05-31T00:00:00
165,1.222590230841606,1966255.1612347916,1.1503776548860136,0.088,2016-05-31T00:00:00
166,1.1140067996511425,1991309.3236973793,1.1503776548860136,0.088,2016-05-31T00:00:00
167,0.8930886629452394,1680526.9193225773,1.1503776548860136,0.088,2016-05-31T00:00:00
168,0.9339386190407468,1729993.6522959985,1.1503776548860136,0.088,2016-05-31T00:00:00
169,0.9732197231605733,1668485.1786502062,1.1503776548860136,0.088,2016-05-31T00:00:00
170,1.3934546292599128,1991835.9869919182,1.1503776548860136,0.088,2016-05-31T00:00:00
171,0.8875664120688249,1578529.5970622143,1.1503776548860136,0.088,2016-05-31T00:00:00
172,0.9581257986025598,1626619.2914021185,1.1503776548860136,0.088,2016-05-31T00:00:00
173,0.8376827707867617,1621049.8915846916,1.1503776548860136,0.088,2016-05-31T00:00:00
174,0.80991619232509,1655740.1077364718,1.1503776548860136,0.088,2016-05-31T00:00:00
175,0.7718070464048854,1703983.3203861748,1.1503776548860136,0.088,2016-05-31T00:00:00
176,0.8975695550441941,1509430.2461215225,1.1503776548860136,0.088,2016-05-31T00:00:00
177,0.7371355701430429,1595663.5601870958,1.1503776548860136,0.088,2016-05-31T00:00:00
178,0.9236336217738789,1549571.4278795277,1.1503776548860136,0.088,2016-05-31T00:00:00
179,0.8938430931974712,1613468.6877069836,1.1503776548860136,0.088,2016-05-31T00:00:00
180,0.8009499534621816,1611129.437696227,1.1503776548860136,0.088,2016-05-31T00:00:00
181,0.9214122823286071,1896600.1099688392,1.1503776548860136,0.088,2016-05-31T00:00:00
182,1.0037748618012565,1773706.5969169538,1.1503776548860136,0.088,2016-05-31T00:00:00
183,0.9161255206277351,1620060.0215818933,1.1503776548860136,0.088,2016-05-31T00:00:00
184,0.8905483057889926,1587980.886854305,1.1503776548860136,0.088,2016-05-31T00:00:00
185,0.9343134695243627,1688929.0637182908,1.1503776548860136,0.088,2016-05-31T00:00:00
186,0.7545116495636768,1470213.503245097,1.1503776548860136,0.088,2016-05-31T00:00:00
187,0.7812990496029285,1650567.9110048814,1.1503776548860136,0.088,2016-05-31T00:00:00
188,1.077581949927201,1838904.9847232106,1.1503776548860136,0.088,2016-05-31T00:00:00
189,0.9832213045000338,1678920.7194688204,1.1503776548860136,0.088,2016-05-31T00:00:00
190,1.0394126508359283,1830960.486965963,1.1503776548860136,0.088,2016-05-31T00:00:00
191,0.8715450955545544,1631421.1566232922,1.1503776548860136,0.088,2016-05-31T00:00:00
192,1.1510315116417147,2004133.7815971305,1.1503776548860136,0.088,2016-05-31T00:00:00
193,0.9584811074933268,1732369.4806233724,1.1503776548860136,0.088,2016-05-31T00:00:00
194,1.1058767015673918,1859766.8774802655,1.1503776548860136,0.088,2016-05-31T00:00:00
195,0.7486703512946331,1521921.514000967,1.1503776548860136,0.088,2016-05-31T00:00:00
196,0.7514397227107683,1513329.8092467638,1.1503776548860136,0.088,2016-05-31T00:00:00
197,1.089139990092862,1946397.475417468,1.1503776548860136,0.088,2016-05-31T00:00:00
198,0.8463452114935172,1662798.0856475532,1.1503776548860136,0.088,2016-05-31T00:00:00
199,1.2531979636886312,1982476.0610622438,1.1503776548860136,0.088,2016-05-31T00:00:00
200,0.9752544745137526,1977490.671554751,1.1503776548860136,0.088,2016-05-31T00:00:00
201,0.844261180714856,1567940.5841830487,1.1503776548860136,0.088,2016-05-31T00:00:00
202,0.9273392263308323,1566916.9092455793,1.1503776548860136,0.088,2016-05-31T00:00:00
203,0.7837193178379557,1500985.2237362375,1.1503776548860136,0.088,2016-05-31T00:00:00
204,0.887978224281902,1595093.7271451533,1.1503776548860136,0.088,2016-05-31T00:00:00
205,1.1623472987100227,1702884.1373349421,1.1503776548860136,0.088,2016-05-31T00:00:00
206,0.7921179314362343,1566218.244200018,1.1503776548860136,0.088,2016-05-31T00:00:00
207,0.8397074429617294,1599153.1676373135,1.1503776548860136,0.088,2016-05-31T00:00:00
208,0.7747788628778494,1543351.544048286,1.1503776548860136,0.088,2016-05-31T00:00:00
209,1.0466020000056349,1800816.0628178234,1.1503776548860136,0.088,2016-05-31T00:00:00
210,0.504357215650523,1389759.6233361599,1.1503776548860136,0.088,2016-05-31T00:00:00
211,0.8341044317282499,1645086.503748144,1.1503776548860136,0.088,2016-05-31T00:00:00
212,0.9511697035074962,1798783.0318594652,1.1503776548860136,0.088,2016-05-31T00:00:00
213,1.032864631290445,1758163.8131129155,1.1503776548860136,0.088,2016-05-31T00:00:00
214,0.9711067939641161,1837996.5122802246,1.1503776548860136,0.088,2016-05-31T00:00:00
215,0.9644447145918031,1770055.001504464,1.1503776548860136,0.088,2016-05-31T00:00:00
216,0.5735942764774628,1459352.9693163335,1.1503776548860136,0.088,2016-05-31T00:00:00
217,0.9745381829407852,1810451.245753107,1.1503776548860136,0.088,2016-05-31T00:00:00
218,0.8474647412492586,1537208.9905300168,1.1503776548860136,0.088,2016-05-31T00:00:00
219,0.9066313793571602,1679785.9081981468,1.1503776548860136,0.088,2016-05-31T00:00:00
220,0.829503789098286,1807985.887058554,1.1503776548860136,0.088,2016-05-31T00:00:00
221,0.8729926275257811,1574262.94036507,1.1503776548860136,0.088,2016-05-31T00:00:00
222,1.0264316090321588,1867591.724896021,1.1503776548860136,0.088,2016-05-31T00:00:00
223,0.7543319735019759,1658601.9304627043,1.1503776548860136,0.088,2016-05-31T00:00:00
224,0.9571816541846097,1587054.4331784004,1.1503776548860136,0.088,2016-05-31T00:00:00
225,0.8823956149736236,1652796.5817216143,1.1503776548860136,0.088,2016-05-31T00:00:00
226,1.2906127705862902,2237543.1010345747,1.1503776548860136,0.088,2016-05-31T00:00:00
227,1.0778083110447831,1880684.5973102178,1.1503776548860136,0.088,2016-05-31T00:00:00
228,1.0827403603721057,1941180.3021868085,1.1503776548860136,0.088,2016-05-31T00:00:00
229,0.9858404857745411,1717452.5621363288,1.1503776548860136,0.088,2016-05-31T00:00:00
230,1.0601320715562137,1846786.8823019988,1.1503776548860136,0.088,2016-05-31T00:00:00
231,0.9677362919717674,1860072.8254333176,1.1503776548860136,0.088,2016-05-31T00:00:00
232,0.9961298588855572,1711848.9840236402,1.1503776548860136,0.088,2016-05-31T00:00:00
233,1.1342832956355708,1912514.4978383798,1.1503776548860136,0.088,2016-05-31T00:00:00
234,0.651490679497827,1451750.3428323364,1.1503776548860136,0.088,2016-05-31T00:00:00
235,1.0726177841112785,1719029.4179259858,1.1503776548860136,0.088,2016-05-31T00:00:00
236,1.154614333708816,1715980.1928690367,1.1503776548860136,0.088,2016-05-31T00:00:00
237,0.7986994742273429,1785129.4092413068,1.1503776548860136,0.088,2016-05-31T00:00:00
238,0.9836908758563352,1687736.7108313714,1.1503776548860136,0.088,2016-05-31T00:00:00
239,0.5788621546212437,1341688.596711433,1.1503776548860136,0.088,2016-05-31T00:00:00
240,0.9475422110028184,1735756.0555587884,1.1503776548860136,0.088,2016-05-31T00:00:00
241,0.8190545110167069,1651880.5085208912,1.1503776548860136,0.088,2016-05-31T00:00:00
242,1.0362888318509174,1922540.898516135,1.1503776548860136,0.088,2016-05-31T00:00:00
243,1.1939791913045652,1967783.239180549,1.1503776548860136,0.088,2016-05-31T00:00:00
244,0.872872447401087,1837099.453291875,1.1503776548860136,0.088,2016-05-31T00:00:00
245,0.7560554511569016,1583519.606911171,1.1503776548860136,0.088,2016-05-31T00:00:00
246,0.9689882554687134,1705198.333957579,1.1503776548860136,0.088,2016-05-31T00:00:00
247,1.2094037569131468,2061507.8370033326,1.1503776548860136,0.088,2016-05-31T00:00:00
248,0.8258675538653825,1623925.6992584525,1.1503776548860136,0.088,2016-05-31T00:00:00
249,1.2147839124134199,1946034.5560653508,1.1503776548860136,0.088,2016-05-31T00:00:00
250,0.8242077876397124,1567506.1287439137,1.1503776548860136,0.088,2016-05-31T00:00:00
251,0.8357270079480873,1596052.7964615352,1.1503776548860136,0.088,2016-05-31T00:00:00
252,0.7558294080687901,1659272.498784573,1.1503776548860136,0.088,2016-05-31T00:00:00
253,0.8782426810675393,1677057.398709668,1.1503776548860136,0.088,2016-05-31T00:00:00
254,0.6573113695865894,1630392.0456344895,1.1503776548860136,0.088,2016-05-31T00:00:00
255,0.7157037264733273,1384939.7410926656,1.1503776548860136,0.088,2016-05-31T00:00:00
256,1.0291378010855725,1767546.8929915973,1.1503776548860136,0.088,2016-05-31T00:00:00
257,1.1734595984794614,1946646.002772599,1.1503776548860136,0.088,2016-05-31T00:00:00
258,1.0675110716868508,1815333.5707724271,1.1503776548860136,0.088,2016-05-31T00:00:00
259,0.8137904610563398,1669628.7956622238,1.1503776548860136,0.088,2016-05-31T00:00:00
260,0.8836564674901695,1725495.3260130282,1.1503776548860136,0.088,2016-05-31T00:00:00
261,1.0257993117191335,2107449.7842203043,1.1503776548860136,0.088,2016-05-31T00:00:00
262,1.0087249319113192,2061790.1369362683,1.1503776548860136,0.088,2016-05-31T00:00:00
263,1.0768344955176437,1973027.503264085,1.1503776548860136,0.088,2016-05-31T00:00:00
264,0.9299113304769193,1670849.4544644125,1.1503776548860136,0.088,2016-05-31T00:00:00
265,1.0503774134553077,1840604.8252528857,1.1503776548860136,0.088,2016-05-31T00:00:00
266,0.5391684353981794,1358760.6734440422,1.1503776548860136,0.088,2016-05-31T00:00:00
267,0.6704396226516248,1519908.8449067092,1.1503776548860136,0.088,2016-05-31T00:00:00
268,1.2641305651633845,1818393.3608616444,1.1503776548860136,0.088,2016-05-31T00:00:00
269,1.0335015080563916,1686634.538400924,1.1503776548860136,0.088,2016-05-31T00:00:00
270,1.0143875765164931,1742130.4388393222,1.1503776548860136,0.088,2016-05-31T00:00:00
271,1.239057652358942,2183189.055690407,1.1503776548860136,0.088,2016-05-31T00:00:00
272,0.7493455805628042,1698560.907299223,1.1503776548860136,0.088,2016-05-31T00:00:00
273,0.9782181691047861,1686111.188796409,1.1503776548860136,0.088,2016-05-31T00:00:00
274,0.8552062138975903,1777223.557300644,1.1503776548860136,0.088,2016-05-31T00:00:00
275,0.7899114329435637,1590953.6141665333,1.1503776548860136,0.088,2016-05-31T00:00:00
276,1.1617692406553002,1801374.949547187,1.1503776548860136,0.088,2016-05-31T00:00:00
277,0.8844335686504297,1816375.8498032356,1.1503776548860136,0.088,2016-05-31T00:00:00
278,1.3118095038149333,1824854.5336346128,1.1503776548860136,0.088,2016-05-31T00:00:00
279,1.044823036175929,2136979.16074975,1.1503776548860136,0.088,2016-05-31T00:00:00
280,1.1389881544038973,1887567.1941752837,1.1503776548860136,0.088,2016-05-31T00:00:00
281,0.9261924692842145,1849287.045938662,1.1503776548860136,0.088,2016-05-31T00:00:00
282,1.2208314673186407,1805222.7152521408,1.1503776548860136,0.088,2016-05-31T00:00:00
283,0.9729864047459441,1672751.8415970835,1.1503776548860136,0.088,2016-05-31T00:00:00
284,1.0700794525850736,2007183.2690500685,1.1503776548860136,0.088,2016-05-31T00:00:00
285,0.9673391551574266,1874082.3828769857,1.1503776548860136,0.088,2016-05-31T00:00:00
286,0.8394906779815597,1590523.6044894,1.1503776548860136,0.088,2016-05-31T00:00:00
287,0.653172946777674,1437941.9349634054,1.1503776548860136,0.088,2016-05-31T00:00:00
288,1.1006363667974361,1901831.788601312,1.1503776548860136,0.088,2016-05-31T00:00:00
289,0.8274042027460415,1602234.3695458176,1.1503776548860136,0.088,2016-05-31T00:00:00
290,0.7527619926353767,1486322.68208345,1.1503776548860136,0.088,2016-05-31T00:00:00
291,0.869674015452185,1651359.6548713997,1.1503776548860136,0.088,2016-05-31T00:00:00
292,0.8063811238213113,1564539.252574324,1.1503776548860136,0.088,2016-05-31T00:00:00
293,1.195603251599503,2006402.8551923214,1.1503776548860136,0.088,2016-05-31T00:00:00
294,0.7930120766916826,1575970.8168434708,1.1503776548860136,0.088,2016-05-31T00:00:00
295,0.8744945647177019,1603352.513309881,1.1503776548860136,0.088,2016-05-31T00:00:00
296,0.9399236465131325,1656271.5600594664,1.1503776548860136,0.088,2016-05-31T00:00:00
297,0.9516336690483889,1667499.4573712465,1.1503776548860136,0.088,2016-05-31T00:00:00
298,1.038941491119037,1887558.296472284,1.1503776548860136,0.088,2016-05-31T00:00:00
299,0.8346774808196713,1587745.1023698826,1.1503776548860136,0.088,2016-05-31T00:00:00
300,0.6836418378225566,1554081.730001425,1.1503776548860136,0.088,2016-05-31T00:00:00
301,1.0212053038722626,1737177.4379485522,1.1503776548860136,0.088,2016-05-31T00:00:00
302,0.8860474881987154,1661403.5998139996,1.1503776548860136,0.088,2016-05-31T00:00:00
303,0.7564497245655339,1501983.3543050098,1.1503776548860136,0.088,2016-05-31T00:00:00
304,1.0533054894718368,1732576.2755821745,1.1503776548860136,0.088,2016-05-31T00:00:00
305,0.7668557798355857,1498479.3704439474,1.1503776548860136,0.088,2016-05-31T00:00:00
306,0.9785393487318007,2073685.7041277385,1.1503776548860136,0.088,2016-05-31T00:00:00
307,0.7017543184758537,1405298.592508905,1.1503776548860136,0.088,2016-05-31T00:00:00
308,0.7834446864934366,1689424.423275848,1.1503776548860136,0.088,2016-05-31T00:00:00
309,0.8474533886171853,1657808.046107228,1.1503776548860136,0.088,2016-05-31T00:00:00
310,0.8658679960727109,1847194.65268598,1.1503776548860136,0.088,2016-05-31T00:00:00
311,0.935946763228073,1877167.6156311186,1.1503776548860136,0.088,2016-05-31T00:00:00
312,1.1449329727424156,1856332.391465883,1.1503776548860136,0.088,2016-05-31T00:00:00
313,0.9314377174754371,1693554.7808466048,1.1503776548860136,0.088,2016-05-31T00:00:00
314,0.8557945103949579,1881720.1344933175,1.1503776548860136,0.088,2016-05-31T00:00:00
315,0.7345581361244924,1539318.7237562174,1.1503776548860136,0.088,2016-05-31T00:00:00
316,0.6173901974843223,1487343.6756339062,1.1503776548860136,0.088,2016-05-31T00:00:00
317,0.852335040816763,1826396.4538502283,1.1503776548860136,0.088,2016-05-31T00:00:00
318,1.0055502799801033,2167635.485073111,1.1503776548860136,0.088,2016-05-31T00:00:00
319,0.9276783206452969,1914158.0597552839,1.1503776548860136,0.088,2016-05-31T00:00:00
320,0.7967725628297545,1716397.9369929007,1.1503776548860136,0.088,2016-05-31T00:00:00
321,0.7440505973959056,1577938.9752781498,1.1503776548860136,0.088,2016-05-31T00:00:00
322,0.826097799563755,1573345.721370865,1.1503776548860136,0.088,2016-05-31T00:00:00
323,1.1469707150330946,1954309.0824486278,1.1503776548860136,0.088,2016-05-31T00:00:00
324,0.9584874108500346,1778212.9013247204,1.1503776548860136,0.088,2016-05-31T00:00:00
325,0.7995313645391218,1522683.4232258254,1.1503776548860136,0.088,2016-05-31T00:00:00
326,0.8226728681758062,1717772.3192433252,1.1503776548860136,0.088,2016-05-31T00:00:00
327,1.0058972896974812,1837654.2575543646,1.1503776548860136,0.088,2016-05-31T00:00:00
328,0.8995428500374162,1652839.8542396058,1.1503776548860136,0.088,2016-05-31T00:00:00
329,1.1715004793632688,1791918.759919626,1.1503776548860136,0.088,2016-05-31T00:00:00
330,0.9396863705708921,1671170.7137247398,1.1503776548860136,0.088,2016-05-31T00:00:00
331,1.2549418218337354,2005419.925873797,1.1503776548860136,0.088,2016-05-31T00:00:00
332,0.7418957541829649,1531446.614442853,1.1503776548860136,0.088,2016-05-31T00:00:00
333,0.8251209419147769,1683371.0292284817,1.1503776548860136,0.088,2016-05-31T00:00:00
334,0.7631835518194493,1543734.7048756266,1.1503776548860136,0.088,2016-05-31T00:00:00
335,0.9195177034753611,1816167.378431235,1.1503776548860136,0.088,2016-05-31T00:00:00
336,1.2684503158072598,1957930.0091688433,1.1503776548860136,0.088,2016-05-31T00:00:00
337,1.1050086312402798,1774815.6946135215,1.1503776548860136,0.088,2016-05-31T00:00:00
338,0.9626151165654502,1617565.3755793332,1.1503776548860136,0.088,2016-05-31T00:00:00
339,0.8739155613705764,1803117.4880195016,1.1503776548860136,0.088,2016-05-31T00:00:00
340,0.8604685376729112,1685320.470953211,1.1503776548860136,0.088,2016-05-31T00:00:00
341,1.051228976724929,1850883.7121763807,1.1503776548860136,0.088,2016-05-31T00:00:00
342,0.9883481317264461,1870392.4364211299,1.1503776548860136,0.088,2016-05-31T00:00:00
343,1.0266806765869232,1793055.927970967,1.1503776548860136,0.088,2016-05-31T00:00:00
344,0.8603653300599525,2118061.02434815,1.1503776548860136,0.088,2016-05-31T00:00:00
345,1.092489620139272,1853617.3537435276,1.1503776548860136,0.088,2016-05-31T00:00:00
346,0.9647415614446821,1677156.7043291207,1.1503776548860136,0.088,2016-05-31T00:00:00
347,0.7948466703025596,1511192.7935881237,1.1503776548860136,0.088,2016-05-31T00:00:00
348,0.8895595819215125,1679203.3201443676,1.1503776548860136,0.088,2016-05-31T00:00:00
349,0.8229107831371445,1674202.1117669062,1.1503776548860136,0.088,2016-05-31T00:00:00
350,1.008702929915536,1657502.2027430867,1.1503776548860136,0.088,2016-05-31T00:00:00
351,1.1344536075288645,1936877.6500826285,1.1503776548860136,0.088,2016-05-31T00:00:00
352,1.367347654579537,2110038.699851307,1.1503776548860136,0.088,2016-05-31T00:00:00
353,0.8760670222482602,1652152.1499507546,1.1503776548860136,0.088,2016-05-31T00:00:00
354,0.7619074621844872,1649127.505506646,1.1503776548860136,0.088,2016-05-31T00:00:00
355,0.864840966121073,1697066.0000445147,1.1503776548860136,0.088,2016-05-31T00:00:00
356,0.9676925012083313,1769365.1828341691,1.1503776548860136,0.088,2016-05-31T00:00:00
357,1.2074608123414063,1741561.0107278132,1.1503776548860136,0.088,2016-05-31T00:00:00
358,1.1377778018390265,1843347.9838737615,1.1503776548860136,0.088,2016-05-31T00:00:00
359,0.8994229235653269,1781594.7942096596,1.1503776548860136,0.088,2016-05-31T00:00:00
360,1.1961079322324915,2059545.2312133831,1.1503776548860136,0.088,2016-05-31T00:00:00
361,0.9008825062977294,1630709.9450333042,1.1503776548860136,0.088,2016-05-31T00:00:00
362,1.014599648557735,1813567.150552464,1.1503776548860136,0.088,2016-05-31T00:00:00
363,1.139861275220856,2057534.4132496412,1.1503776548860136,0.088,2016-05-31T00:00:00
364,1.0986891509820613,2295678.8319817274,1.1503776548860136,0.088,2016-05-31T00:00:00
365,1.1957924332504286,1768599.433432275,1.1503776548860136,0.088,2016-05-31T00:00:00
366,1.2448218089671013,1922385.2962690035,1.1503776548860136,0.088,2016-05-31T00:00:00
367,1.086093613250021,2468397.9154289505,1.1503776548860136,0.088,2016-05-31T00:00:00
368,0.9664239154466685,1671012.475148449,1.1503776548860136,0.088,2016-05-31T00:00:00
369,0.6613192131028578,1355858.2112387463,1.1503776548860136,0.088,2016-05-31T00:00:00
370,1.0353030975064956,1724111.9987567796,1.1503776548860136,0.088,2016-05-31T00:00:00
371,0.9850152148447363,1688040.3217235885,1.1503776548860136,0.088,2016-05-31T00:00:00
372,0.9911541194872316,1751261.1065398536,1.1503776548860136,0.088,2016-05-31T00:00:00
373,0.906481295388769,1701720.765502056,1.1503776548860136,0.088,2016-05-31T00:00:00
374,0.7557936477265651,1554580.5151487323,1.1503776548860136,0.088,2016-05-31T00:00:00
375,0.9079408053373362,1739496.5989213896,1.1503776548860136,0.088,2016-05-31T00:00:00
376,0.8514234445782314,1430170.725667792,1.1503776548860136,0.088,2016-05-31T00:00:00
377,1.2422275518894632,1903466.231885951,1.1503776548860136,0.088,2016-05-31T00:00:00
378,1.1008447624948903,1764497.3889496676,1.1503776548860136,0.088,2016-05-31T00:00:00
379,1.0122995419898815,1723001.932138034,1.1503776548860136,0.088,2016-05-31T00:00:00
380,0.7022823197276498,1517276.9598478337,1.1503776548860136,0.088,2016-05-31T00:00:00
381,1.0399618294840967,1905369.0984684483,1.1503776548860136,0.088,2016-05-31T00:00:00
382,0.6977067947435659,1542184.1729841332,1.1503776548860136,0.088,2016-05-31T00:00:00
383,0.793471216069581,1586043.2545523553,1.1503776548860136,0.088,2016-05-31T00:00:00
384,0.9274622243423459,1894205.568621817,1.1503776548860136,0.088,2016-05-31T00:00:00
385,0.9020068856600886,1878746.981874045,1.1503776548860136,0.088,2016-05-31T00:00:00
386,0.874320977534863,1665984.3549107243,1.1503776548860136,0.088,2016-05-31T00:00:00
387,0.8282349273385419,1700666.368477,1.1503776548860136,0.088,2016-05-31T00:00:00
388,1.1212888388943565,1871197.2560338292,1.1503776548860136,0.088,2016-05-31T00:00:00
389,0.8009246314338044,1687624.8348591714,1.1503776548860136,0.088,2016-05-31T00:00:00
390,1.0901567663648664,1990954.6850027482,1.1503776548860136,0.088,2016-05-31T00:00:00
391,0.9797216937192056,2031919.2577882088,1.1503776548860136,0.088,2016-05-31T00:00:00
392,1.0985588796344823,1742395.1915153014,1.1503776548860136,0.088,2016-05-31T00:00:00
393,0.8720862251148979,1568339.328188368,1.1503776548860136,0.088,2016-05-31T00:00:00
394,1.0097169733028668,1696616.3163851625,1.1503776548860136,0.088,2016-05-31T00:00:00
395,0.6229690216534334,1372539.2541830111,1.1503776548860136,0.088,2016-05-31T00:00:00
396,0.7836745551198488,1839537.3136254759,1.1503776548860136,0.088,2016-05-31T00:00:00
397,0.8618920445582374,1655164.9455837759,1.1503776548860136,0.088,2016-05-31T00:00:00
398,0.8787521730545851,1579309.2468430651,1.1503776548860136,0.088,2016-05-31T00:00:00
399,0.8280670608336603,1620979.7293468905,1.1503776548860136,0.088,2016-05-31T00:00:00
400,1.029074121009397,1828525.3852677457,1.1503776548860136,0.088,2016-05-31T00:00:00
401,0.6373603063143924,1530547.3109095497,1.1503776548860136,0.088,2016-05-31T00:00:00
402,0.927308025371096,1540574.8365860642,1.1503776548860136,0.088,2016-05-31T00:00:00
403,0.9767382808674054,1790799.9031257692,1.1503776548860136,0.088,2016-05-31T00:00:00
404,0.6591534440458567,1409272.6875787193,1.1503776548860136,0.088,2016-05-31T00:00:00
405,0.7653863001688492,1695360.5511963747,1.1503776548860136,0.088,2016-05-31T00:00:00
406,0.7650571721729644,1575243.0546676964,1.1503776548860136,0.088,2016-05-31T00:00:00
407,0.8578504198980336,1797581.6280305649,1.1503776548860136,0.088,2016-05-31T00:00:00
408,1.0046129830207189,1898201.8823151747,1.1503776548860136,0.088,2016-05-31T00:00:00
409,1.0267879839831935,1886645.3121769794,1.1503776548860136,0.088,2016-05-31T00:00:00
410,1.1911093871374492,2027146.587048315,1.1503776548860136,0.088,2016-05-31T00:00:00
411,1.0355324958297933,1771524.1310316804,1.1503776548860136,0.088,2016-05-31T00:00:00
412,1.117299529810515,1918306.8422644446,1.1503776548860136,0.088,2016-05-31T00:00:00
413,0.9309834543696592,1831831.1882894225,1.1503776548860136,0.088,2016-05-31T00:00:00
414,1.0439410909624107,1963952.595650998,1.1503776548860136,0.088,2016-05-31T00:00:00
415,0.7948619338256887,1711455.1676044879,1.1503776548860136,0.088,2016-05-31T00:00:00
416,0.7167149888129486,1414344.7633467887,1.1503776548860136,0.088,2016-05-31T00:00:00
417,1.1608530297413602,2183321.47874635,1.1503776548860136,0.088,2016-05-31T00:00:00
418,0.814401062573367,1599026.4049953157,1.1503776548860136,0.088,2016-05-31T00:00:00
419,0.7999945060284458,1837506.4451551086,1.1503776548860136,0.088,2016-05-31T00:00:00
420,0.9466279792283243,1791058.7870963847,1.1503776548860136,0.088,2016-05-31T00:00:00
421,1.1548464108543666,1837317.5488172064,1.1503776548860136,0.088,2016-05-31T00:00:00
422,1.0025357525852836,2188073.515672216,1.1503776548860136,0.088,2016-05-31T00:00:00
423,0.9598556457165845,1730579.1768230638,1.1503776548860136,0.088,2016-05-31T00:00:00
424,1.0810334508641068,1750359.8459910245,1.1503776548860136,0.088,2016-05-31T00:00:00
425,1.3432597522631604,2123318.1202007076,1.1503776548860136,0.088,2016-05-31T00:00:00
426,0.849960528150187,1702878.204696517,1.1503776548860136,0.088,2016-05-31T00:00:00
427,0.8300621219623674,1693373.4493302219,1.1503776548860136,0.088,2016-05-31T00:00:00
428,0.7724180078671545,1526942.3348885057,1.1503776548860136,0.088,2016-05-31T00:00:00
429,1.0265014435354431,1846044.4309622028,1.1503776548860136,0.088,2016-05-31T00:00:00
430,0.8400474766150936,1637979.8348228708,1.1503776548860136,0.088,2016-05-31T00:00:00
431,0.9568143153974479,1848257.5804671375,1.1503776548860136,0.088,2016-05-31T00:00:00
432,0.922589899098741,1629471.7857702726,1.1503776548860136,0.088,2016-05-31T00:00:00
433,0.882954047070845,1596952.9264579779,1.1503776548860136,0.088,2016-05-31T00:00:00
434,1.1301286481733912,2153422.457129306,1.1503776548860136,0.088,2016-05-31T00:00:00
435,0.8799373680780063,1784127.7556947342,1.1503776548860136,0.088,2016-05-31T00:00:00
436,0.8247257768710827,1461181.632236221,1.1503776548860136,0.088,2016-05-31T00:00:00
437,0.6824626239669294,1502449.8214693384,1.1503776548860136,0.088,2016-05-31T00:00:00
438,0.8944647116487423,1805151.693171535,1.1503776548860136,0.088,2016-05-31T00:00:00
439,0.7781098943639501,1510145.9962792422,1.1503776548860136,0.088,2016-05-31T00:00:00
440,1.0451249770863438,1881392.8670273663,1.1503776548860136,0.088,2016-05-31T00:00:00
441,0.8737803620703404,1513634.0567149909,1.1503776548860136,0.088,2016-05-31T00:00:00
442,1.095653003903438,1680435.820632282,1.1503776548860136,0.088,2016-05-31T00:00:00
443,0.9547015190438997,1716557.6441677373,1.1503776548860136,0.088,2016-05-31T00:00:00
444,0.9462362792807969,1861692.8840999405,1.1503776548860136,0.088,2016-05-31T00:00:00
445,0.8255183245363353,1606845.9436862625,1.1503776548860136,0.088,2016-05-31T00:00:00
446,0.7496849116255626,1552587.9503372486,1.1503776548860136,0.088,2016-05-31T00:00:00
447,0.9960386660049038,1804031.7927728952,1.1503776548860136,0.088,2016-05-31T00:00:00
448,0.9273040755443325,1827559.111258726,1.1503776548860136,0.088,2016-05-31T00:00:00
449,1.008886002033968,1916597.5479640618,1.1503776548860136,0.088,2016-05-31T00:00:00
450,0.9232425377700644,1639823.704113882,1.1503776548860136,0.088,2016-05-31T00:00:00
451,1.1236411235494954,1729594.730935037,1.1503776548860136,0.088,2016-05-31T00:00:00
452,0.9170282280394753,1701815.77068314,1.1503776548860136,0.088,2016-05-31T00:00:00
453,0.6825017907248488,1404203.9474310894,1.1503776548860136,0.088,2016-05-31T00:00:00
454,0.9736872305811112,1696921.2942765937,1.1503776548860136,0.088,2016-05-31T00:00:00
455,0.9373642349793488,1625483.940619642,1.1503776548860136,0.088,2016-05-31T00:00:00
456,1.0746206054470535,1851941.5944517974,1.1503776548860136,0.088,2016-05-31T00:00:00
457,1.0982828588363143,2151885.0313510033,1.1503776548860136,0.088,2016-05-31T00:00:00
458,0.9835821866330673,1814336.4346001167,1.1503776548860136,0.088,2016-05-31T00:00:00
459,1.0418606054440853,1793617.4275132718,1.1503776548860136,0.088,2016-05-31T00:00:00
460,0.9309473414600383,1810480.9566465837,1.1503776548860136,0.088,2016-05-31T00:00:00
461,0.8635165852959498,1639396.4620022418,1.1503776548860136,0.088,2016-05-31T00:00:00
462,0.9006664858047388,1741439.6324390909,1.1503776548860136,0.088,2016-05-31T00:00:00
463,0.781439603951208,1555901.4504123728,1.1503776548860136,0.088,2016-05-31T00:00:00
464,1.02944442176087,1699834.7831935333,1.1503776548860136,0.088,2016-05-31T00:00:00
465,1.0286316410575032,1887280.7295821474,1.1503776548860136,0.088,2016-05-31T00:00:00
466,0.46120546221618997,1295622.5503178246,1.1503776548860136,0.088,2016-05-31T00:00:00
467,1.4223119219018387,1907328.8634938372,1.1503776548860136,0.088,2016-05-31T00:00:00
468,0.9356430578357228,1758837.778185824,1.1503776548860136,0.088,2016-05-31T00:00:00
469,1.175723216357565,1922148.6567478648,1.1503776548860136,0.088,2016-05-31T00:00:00
470,0.9355618793831122,1658259.9864448425,1.1503776548860136,0.088,2016-05-31T00:00:00
471,1.0236029954201653,1965532.9783321442,1.1503776548860136,0.088,2016-05-31T00:00:00
472,0.8392676582977568,1699284.061722541,1.1503776548860136,0.088,2016-05-31T00:00:00
473,1.0121375067696312,1790129.7053426665,1.1503776548860136,0.088,2016-05-31T00:00:00
474,0.8976163170084371,1946052.3109333208,1.1503776548860136,0.088,2016-05-31T00:00:00
475,0.7421710338884459,1522682.3089739832,1.1503776548860136,0.088,2016-05-31T00:00:00
476,0.9117374887183934,1766457.02447144,1.1503776548860136,0.088,2016-05-31T00:00:00
477,0.8144505836392875,1601142.560943619,1.1503776548860136,0.088,2016-05-31T00:00:00
478,0.9616251468266825,1617195.755506387,1.1503776548860136,0.088,2016-05-31T00:00:00
479,0.7499563965952896,1548848.1172104455,1.1503776548860136,0.088,2016-05-31T00:00:00
480,1.1061498731324615,1698037.7872527833,1.1503776548860136,0.088,2016-05-31T00:00:00
481,1.2886426885155902,1987106.4821229402,1.1503776548860136,0.088,2016-05-31T00:00:00
482,1.0140870767197196,1930099.5282078048,1.1503776548860136,0.088,2016-05-31T00:00:00
483,1.0971269441050882,1742571.520471304,1.1503776548860136,0.088,2016-05-31T00:00:00
484,0.6445218825055382,1405382.0994306863,1.1503776548860136,0.088,2016-05-31T00:00:00
485,1.1274959626959737,1959966.0058652787,1.1503776548860136,0.088,2016-05-31T00:00:00
486,0.6585566659306867,1375990.7057659186,1.1503776548860136,0.088,2016-05-31T00:00:00
487,0.745817570264543,1643144.3675977371,1.1503776548860136,0.088,2016-05-31T00:00:00
488,0.9821262563810359,1665993.5501676116,1.1503776548860136,0.088,2016-05-31T00:00:00
489,0.9478178272818916,1893785.7158442303,1.1503776548860136,0.088,2016-05-31T00:00:00
490,1.0206623028786281,2014551.8257632854,1.1503776548860136,0.088,2016-05-31T00:00:00
491,0.9017284777528285,1693308.3883854118,1.1503776548860136,0.088,2016-05-31T00:00:00
492,0.9622487806677845,1770628.617453848,1.1503776548860136,0.088,2016-05-31T00:00:00
493,0.8296633208211408,1582334.3499331262,1.1503776548860136,0.088,2016-05-31T00:00:00
494,0.7615294730060955,1576526.049366584,1.1503776548860136,0.088,2016-05-31T00:00:00
495,0.932570010715785,1702131.9986038923,1.1503776548860136,0.088,2016-05-31T00:00:00
496,1.0941482634938062,2138471.3363905596,1.1503776548860136,0.088,2016-05-31T00:00:00
497,1.1166757255367783,1817479.285754082,1.1503776548860136,0.088,2016-05-31T00:00:00
498,0.9706924709238487,1599606.218821202,1.1503776548860136,0.088,2016-05-31T00:00:00
499,0.9309332557318657,1846545.1858853425,1.1503776548860136,0.088,2016-05-31T00:00:00
500,1.05506776741034,1904968.1668389803,1.1503776548860136,0.088,2016-05-31T00:00:00
501,0.8319939708435479,1710091.0755639307,1.1503776548860136,0.088,2016-05-31T00:00:00
502,0.9437359559773888,1681082.6660514036,1.1503776548860136,0.088,2016-05-31T00:00:00
503,0.9560258675474065,1670296.7053468053,1.1503776548860136,0.088,2016-05-31T00:00:00
504,0.9778075168776297,1969304.986878414,1.1503776548860136,0.088,2016-05-31T00:00:00
505,0.9126053485721097,1589404.1954204529,1.1503776548860136,0.088,2016-05-31T00:00:00
506,1.1572159281672723,1835981.3789536087,1.1503776548860136,0.088,2016-05-31T00:00:00
507,0.7943578948346273,1876264.2525960489,1.1503776548860136,0.088,2016-05-31T00:00:00
508,0.7143305575397064,1514995.6365251858,1.1503776548860136,0.088,2016-05-31T00:00:00
509,1.0733016462486862,1668351.4656159068,1.1503776548860136,0.088,2016-05-31T00:00:00
510,0.7869305077525923,1585636.1475833706,1.1503776548860136,0.088,2016-05-31T00:00:00
511,1.1172794275549893,1867395.0260886678,1.1503776548860136,0.088,2016-05-31T00:00:00
512,1.0774642791495106,1995259.21941449,1.1503776548860136,0.088,2016-05-31T00:00:00
513,0.9632931348157542,1988681.4468986816,1.1503776548860136,0.088,2016-05-31T00:00:00
514,0.8414061347860733,1676094.4824044623,1.1503776548860136,0.088,2016-05-31T00:00:00
515,1.1845145256692162,1818166.5101676502,1.1503776548860136,0.088,2016-05-31T00:00:00
516,0.6884980856208345,1530738.4479487988,1.1503776548860136,0.088,2016-05-31T00:00:00
517,0.8850583563093987,1695663.5783055704,1.1503776548860136,0.088,2016-05-31T00:00:00
518,1.2959433586956024,1794920.2387897898,1.1503776548860136,0.088,2016-05-31T00:00:00
519,1.019671271204742,1897726.6903885296,1.1503776548860136,0.088,2016-05-31T00:00:00
520,1.158761294141147,1838477.8230333526,1.1503776548860136,0.088,2016-05-31T00:00:00
521,0.9524646772309067,1766477.7619932354,1.1503776548860136,0.088,2016-05-31T00:00:00
522,1.025348113856387,1857419.0997493493,1.1503776548860136,0.088,2016-05-31T00:00:00
523,0.99142890880526,1678733.5678200962,1.1503776548860136,0.088,2016-05-31T00:00:00
524,1.0775315009778774,1599655.7991266232,1.1503776548860136,0.088,2016-05-31T00:00:00
525,1.062504078687158,1991971.6161171882,1.1503776548860136,0.088,2016-05-31T00:00:00
526,0.8680392454639286,1810700.708180408,1.1503776548860136,0.088,2016-05-31T00:00:00
527,0.9292245668589587,1659119.3890540788,1.1503776548860136,0.088,2016-05-31T00:00:00
528,0.9374959225269718,1599080.8140286459,1.1503776548860136,0.088,2016-05-31T00:00:00
529,1.0461550848093855,1682862.1091022922,1.1503776548860136,0.088,2016-05-31T00:00:00
530,0.9258040304805475,1682757.7614589431,1.1503776548860136,0.088,2016-05-31T00:00:00
531,0.7696792063564794,1583410.7613332013,1.1503776548860136,0.088,2016-05-31T00:00:00
532,0.9935309781641009,1664279.8643203715,1.1503776548860136,0.088,2016-05-31T00:00:00
533,0.8303481051174316,1561104.1700776087,1.1503776548860136,0.088,2016-05-31T00:00:00
534,0.8800935104556579,1831772.7068583593,1.1503776548860136,0.088,2016-05-31T00:00:00
535,0.9628353042919857,1729348.7650071534,1.1503776548860136,0.088,2016-05-31T00:00:00
536,1.1090251113883272,1953553.7848402974,1.1503776548860136,0.088,2016-05-31T00:00:00
537,0.8204506169808078,1495214.7460681265,1.1503776548860136,0.088,2016-05-31T00:00:00
538,0.8511068046925694,1622803.5253039482,1.1503776548860136,0.088,2016-05-31T00:00:00
539,0.8639693911297406,1752855.5516581258,1.1503776548860136,0.088,2016-05-31T00:00:00
540,0.8429602338323365,1529582.4676436856,1.1503776548860136,0.088,2016-05-31T00:00:00
541,0.6943950918253434,1478477.2937725976,1.1503776548860136,0.088,2016-05-31T00:00:00
542,0.8816751374841773,1580158.8589335082,1.1503776548860136,0.088,2016-05-31T00:00:00
543,1.0110478201872666,1817888.1819996,1.1503776548860136,0.088,2016-05-31T00:00:00
544,1.0565034951812164,1659769.7293850891,1.1503776548860136,0.088,2016-05-31T00:00:00
545,1.0468634126864402,2072269.560020272,1.1503776548860136,0.088,2016-05-31T00:00:00
546,0.8513089384085513,1787572.0539923147,1.1503776548860136,0.088,2016-05-31T00:00:00
547,1.0129889650954467,1800462.1614986071,1.1503776548860136,0.088,2016-05-31T00:00:00
548,1.1129411071444058,1752603.1868340902,1.1503776548860136,0.088,2016-05-31T00:00:00
549,1.0891799603215313,1803673.401829602,1.1503776548860136,0.088,2016-05-31T00:00:00
550,0.49236235607691164,1455177.0421758487,1.1503776548860136,0.088,2016-05-31T00:00:00
551,0.7967304007003536,1600675.5980985882,1.1503776548860136,0.088,2016-05-31T00:00:00
552,1.0845148266069264,1791534.3790417002,1.1503776548860136,0.088,2016-05-31T00:00:00
553,0.6261354810325167,1561338.1104113527,1.1503776548860136,0.088,2016-05-31T00:00:00
554,0.9204293543865456,1729461.7128700162,1.1503776548860136,0.088,2016-05-31T00:00:00
555,0.9620619145947215,1555346.4156788657,1.1503776548860136,0.088,2016-05-31T00:00:00
556,0.9367319001232125,1782863.2536471721,1.1503776548860136,0.088,2016-05-31T00:00:00
557,1.0156183076838974,1776257.4654317293,1.1503776548860136,0.088,2016-05-31T00:00:00
558,1.105254029658498,1978809.412488114,1.1503776548860136,0.088,2016-05-31T00:00:00
559,0.7772318878970191,1556819.0937014048,1.1503776548860136,0.088,2016-05-31T00:00:00
560,0.9441562245492371,1766276.8026537646,1.1503776548860136,0.088,2016-05-31T00:00:00
561,0.9017802087850105,1597032.6771481272,1.1503776548860136,0.088,2016-05-31T00:00:00
562,1.3306501358696359,2201705.841962282,1.1503776548860136,0.088,2016-05-31T00:00:00
563,0.8435856833000971,1652811.2035919365,1.1503776548860136,0.088,2016-05-31T00:00:00
564,1.2162188599632648,1903413.368357805,1.1503776548860136,0.088,2016-05-31T00:00:00
565,1.0096642088162984,2038310.1118697796,1.1503776548860136,0.088,2016-05-31T00:00:00
566,0.8937922266673798,1793111.715249859,1.1503776548860136,0.088,2016-05-31T00:00:00
567,0.867758966695735,1609991.5601388842,1.1503776548860136,0.088,2016-05-31T00:00:00
568,0.8823925470289904,1710012.5881794952,1.1503776548860136,0.088,2016-05-31T00:00:00
569,0.9330898137111947,1799784.2191032085,1.1503776548860136,0.088,2016-05-31T00:00:00
570,0.8128157923268614,1593542.7666897322,1.1503776548860136,0.088,2016-05-31T00:00:00
571,0.9723986378303568,1709196.888335511,1.1503776548860136,0.088,2016-05-31T00:00:00
572,0.8198962842989304,1575769.6135648778,1.1503776548860136,0.088,2016-05-31T00:00:00
573,1.0682114145075046,1754324.2499420345,1.1503776548860136,0.088,2016-05-31T00:00:00
574,1.1154808999015473,1906553.1925177926,1.1503776548860136,0.088,2016-05-31T00:00:00
575,0.8887682059450641,1668295.8059948892,1.1503776548860136,0.088,2016-05-31T00:00:00
576,1.0009996280776718,1714162.0887924938,1.1503776548860136,0.088,2016-05-31T00:00:00
577,1.0558249040656689,1856322.125026766,1.1503776548860136,0.088,2016-05-31T00:00:00
578,0.9004298227334144,1768153.0508617344,1.1503776548860136,0.088,2016-05-31T00:00:00
579,1.2602620292819116,2020811.5885812691,1.1503776548860136,0.088,2016-05-31T00:00:00
580,1.1767537307681837,1815591.0198191088,1.1503776548860136,0.088,2016-05-31T00:00:00
581,1.0375304668894045,1912375.858822775,1.1503776548860136,0.088,2016-05-31T00:00:00
582,0.8164566312634527,1612350.7487729804,1.1503776548860136,0.088,2016-05-31T00:00:00
583,0.9463605581117636,1736835.5730329729,1.1503776548860136,0.088,2016-05-31T00:00:00
584,0.7735876595513692,1605228.2529203093,1.1503776548860136,0.088,2016-05-31T00:00:00
585,0.9069139634257798,1636482.7289820004,1.1503776548860136,0.088,2016-05-31T00:00:00
586,0.9970874725415594,1658535.9531670404,1.1503776548860136,0.088,2016-05-31T00:00:00
587,0.9443629124678754,1658738.3748119615,1.1503776548860136,0.088,2016-05-31T00:00:00
588,1.0438462640912345,1641380.1640030807,1.1503776548860136,0.088,2016-05-31T00:00:00
589,1.071754360430618,1937725.3346656857,1.1503776548860136,0.088,2016-05-31T00:00:00
590,0.9242620740594104,1718820.7272896438,1.1503776548860136,0.088,2016-05-31T00:00:00
591,0.8625704800506298,1546656.3125906407,1.1503776548860136,0.088,2016-05-31T00:00:00
592,0.8767820593196507,1597802.3007412064,1.1503776548860136,0.088,2016-05-31T00:00:00
593,1.1502832145245403,1873316.6416658293,1.1503776548860136,0.088,2016-05-31T00:00:00
594,0.9562975268224146,1661238.825789248,1.1503776548860136,0.088,2016-05-31T00:00:00
595,1.0384766078338026,1764090.4818979756,1.1503776548860136,0.088,2016-05-31T00:00:00
596,0.9529400216237583,1667561.2738239705,1.1503776548860136,0.088,2016-05-31T00:00:00
597,0.8747235158480924,1670965.5710838386,1.1503776548860136,0.088,2016-05-31T00:00:00
598,1.1084718231730262,1894721.01187038,1.1503776548860136,0.088,2016-05-31T00:00:00
599,1.1770513493364219,1853367.1838372438,1.1503776548860136,0.088,2016-05-31T00:00:00
600,0.913068304633206,1754128.1216799144,1.1503776548860136,0.088,2016-05-31T00:00:00
601,0.938938524341705,1777349.1632527837,1.1503776548860136,0.088,2016-05-31T00:00:00
602,1.16700549291062,1979942.6007687415,1.1503776548860136,0.088,2016-05-31T00:00:00
603,0.8718904785471466,1552078.3937855072,1.1503776548860136,0.088,2016-05-31T00:00:00
604,0.9168347603035281,1799419.9605940233,1.1503776548860136,0.088,2016-05-31T00:00:00
605,0.8683144899760131,1640848.3201032986,1.1503776548860136,0.088,2016-05-31T00:00:00
606,0.945286860725046,1669956.089253351,1.1503776548860136,0.088,2016-05-31T00:00:00
607,0.8479552328910035,1712242.132970287,1.1503776548860136,0.088,2016-05-31T00:00:00
608,1.1140777122339784,1965038.7273076458,1.1503776548860136,0.088,2016-05-31T00:00:00
609,0.7630535777075443,1635040.6114407775,1.1503776548860136,0.088,2016-05-31T00:00:00
610,1.0471542214486769,2015780.2298515781,1.1503776548860136,0.088,2016-05-31T00:00:00
611,0.9905503299286287,1658357.6307670479,1.1503776548860136,0.088,2016-05-31T00:00:00
612,0.886056216614824,1692760.5669061488,1.1503776548860136,0.088,2016-05-31T00:00:00
613,1.0910975984984914,1828817.832502996,1.1503776548860136,0.088,2016-05-31T00:00:00
614,1.0933172629117072,1894862.0414778295,1.1503776548860136,0.088,2016-05-31T00:00:00
615,0.8464598604716224,1637925.765656676,1.1503776548860136,0.088,2016-05-31T00:00:00
616,0.6736106280587676,1543771.829564923,1.1503776548860136,0.088,2016-05-31T00:00:00
617,0.9377905983733641,1713080.6201457311,1.1503776548860136,0.088,2016-05-31T00:00:00
618,0.7976191922898234,1653190.411977656,1.1503776548860136,0.088,2016-05-31T00:00:00
619,0.9682290256640439,1703957.421363448,1.1503776548860136,0.088,2016-05-31T00:00:00
620,0.9739216082536553,1853403.3158819473,1.1503776548860136,0.088,2016-05-31T00:00:00
621,0.5978308885898995,1392994.0777543762,1.1503776548860136,0.088,2016-05-31T00:00:00
622,0.9644785548473164,2100586.2248463286,1.1503776548860136,0.088,2016-05-31T00:00:00
623,1.2097391472736903,1872478.716084661,1.1503776548860136,0.088,2016-05-31T00:00:00
624,0.9766943253731506,1760395.2591262155,1.1503776548860136,0.088,2016-05-31T00:00:00
625,0.889536863229178,1579080.3202956684,1.1503776548860136,0.088,2016-05-31T00:00:00
626,0.9908551426417743,1756547.202338096,1.1503776548860136,0.088,2016-05-31T00:00:00
627,0.9859024166956708,1757396.4382280787,1.1503776548860136,0.088,2016-05-31T00:00:00
628,1.0930711891798197,1953706.492873117,1.1503776548860136,0.088,2016-05-31T00:00:00
629,0.8662856894840767,1593462.134328595,1.1503776548860136,0.088,2016-05-31T00:00:00
630,1.0086876559268716,1906179.119038254,1.1503776548860136,0.088,2016-05-31T00:00:00
631,1.0443639462095806,2068797.8529028767,1.1503776548860136,0.088,2016-05-31T00:00:00
632,0.6813588501102709,1464059.351767354,1.1503776548860136,0.088,2016-05-31T00:00:00
633,0.8057636188237038,1823976.3096505452,1.1503776548860136,0.088,2016-05-31T00:00:00
634,0.9169594890528063,1683066.8665769652,1.1503776548860136,0.088,2016-05-31T00:00:00
635,0.9647083864572396,2103570.0499340193,1.1503776548860136,0.088,2016-05-31T00:00:00
636,0.8908492103437228,1737428.8796274713,1.1503776548860136,0.088,2016-05-31T00:00:00
637,1.0061913716619046,1999020.506124387,1.1503776548860136,0.088,2016-05-31T00:00:00
638,1.1253826183583084,2000091.7367520349,1.1503776548860136,0.088,2016-05-31T00:00:00
639,1.0658114127816165,2089319.5741815162,1.1503776548860136,0.088,2016-05-31T00:00:00
640,1.1674796196038792,2024027.5550229661,1.1503776548860136,0.088,2016-05-31T00:00:00
641,0.808439584411458,1537392.5529917008,1.1503776548860136,0.088,2016-05-31T00:00:00
642,1.0247068834104993,1980579.7906536646,1.1503776548860136,0.088,2016-05-31T00:00:00
643,0.871326454812595,1741096.6763758555,1.1503776548860136,0.088,2016-05-31T00:00:00
644,1.1822240569200497,1850785.3304978313,1.1503776548860136,0.088,2016-05-31T00:00:00
645,0.7657643293480084,1506588.7678220768,1.1503776548860136,0.088,2016-05-31T00:00:00
646,0.8051742131356422,1699850.7710441449,1.1503776548860136,0.088,2016-05-31T00:00:00
647,0.7821680525195478,1592047.802027098,1.1503776548860136,0.088,2016-05-31T00:00:00
648,0.7473535942821603,1549941.0904197448,1.1503776548860136,0.088,2016-05-31T00:00:00
649,1.0230066425134217,1698529.9127233769,1.1503776548860136,0.088,2016-05-31T00:00:00
650,0.6815969750503147,1529585.7793606843,1.1503776548860136,0.088,2016-05-31T00:00:00
651,1.103274690974766,1708981.2198313451,1.1503776548860136,0.088,2016-05-31T00:00:00
652,1.1712301905635671,1903035.62823673,1.1503776548860136,0.088,2016-05-31T00:00:00
653,0.9246736390966059,1815552.5116974458,1.1503776548860136,0.088,2016-05-31T00:00:00
654,0.8559028337659075,1987952.0544733163,1.1503776548860136,0.088,2016-05-31T00:00:00
655,1.1650960626463678,1874838.90039335,1.1503776548860136,0.088,2016-05-31T00:00:00
656,0.9872492392158938,1706418.785569891,1.1503776548860136,0.088,2016-05-31T00:00:00
657,1.0700418571787536,1815482.1628719517,1.1503776548860136,0.088,2016-05-31T00:00:00
658,0.8088257828792164,1510871.5056428772,1.1503776548860136,0.088,2016-05-31T00:00:00
659,0.9427858000111949,1621962.4967887632,1.1503776548860136,0.088,2016-05-31T00:00:00
660,0.9135600835322913,1665369.348808745,1.1503776548860136,0.088,2016-05-31T00:00:00
661,0.7825705251505671,1728199.1101727884,1.1503776548860136,0.088,2016-05-31T00:00:00
662,0.7956008435197759,1658864.576136226,1.1503776548860136,0.088,2016-05-31T00:00:00
663,0.9161027848102785,1668103.34525397,1.1503776548860136,0.088,2016-05-31T00:00:00
664,0.8173824076607027,1580104.7381773856,1.1503776548860136,0.088,2016-05-31T00:00:00
665,1.0106690451483076,1823596.0800311265,1.1503776548860136,0.088,2016-05-31T00:00:00
666,1.0455371407232683,1912804.2380345757,1.1503776548860136,0.088,2016-05-31T00:00:00
667,1.0041930217115882,1865274.2596338151,1.1503776548860136,0.088,2016-05-31T00:00:00
668,0.8736837231849353,1623332.5321253103,1.1503776548860136,0.088,2016-05-31T00:00:00
669,0.7623466391373539,1585085.5334095357,1.1503776548860136,0.088,2016-05-31T00:00:00
670,1.0955476235279773,1777000.3276031695,1.1503776548860136,0.088,2016-05-31T00:00:00
671,0.8252390022444058,1626091.1992132217,1.1503776548860136,0.088,2016-05-31T00:00:00
672,1.1675277278265206,2031867.984886319,1.1503776548860136,0.088,2016-05-31T00:00:00
673,0.9953001659686803,1777460.7664576806,1.1503776548860136,0.088,2016-05-31T00:00:00
674,0.984018763892785,1642753.9073750528,1.1503776548860136,0.088,2016-05-31T00:00:00
675,0.9905147822897874,1817434.927101328,1.1503776548860136,0.088,2016-05-31T00:00:00
676,0.863328594417536,1521440.272772546,1.1503776548860136,0.088,2016-05-31T00:00:00
677,0.720720494838982,1576949.9361090045,1.1503776548860136,0.088,2016-05-31T00:00:00
678,0.9123185813904229,1778677.9823743394,1.1503776548860136,0.088,2016-05-31T00:00:00
679,0.9920332401338644,1771375.7141998282,1.1503776548860136,0.088,2016-05-31T00:00:00
680,0.8272496736067505,1530804.571528505,1.1503776548860136,0.088,2016-05-31T00:00:00
681,0.885628209008471,1716242.889861374,1.1503776548860136,0.088,2016-05-31T00:00:00
682,1.22958737619118,1847443.3867390505,1.1503776548860136,0.088,2016-05-31T00:00:00
683,0.7976805245775905,1628667.728075536,1.1503776548860136,0.088,2016-05-31T00:00:00
684,1.0431106077595163,1621883.1762682798,1.1503776548860136,0.088,2016-05-31T00:00:00
685,0.9256961233976713,1589451.004382112,1.1503776548860136,0.088,2016-05-31T00:00:00
686,1.0093636458028867,1928119.9594683016,1.1503776548860136,0.088,2016-05-31T00:00:00
687,1.0235882628365693,1689864.2890564,1.1503776548860136,0.088,2016-05-31T00:00:00
688,0.8384797671079076,1498533.9011988156,1.1503776548860136,0.088,2016-05-31T00:00:00
689,0.9695023068335168,1610390.6731154635,1.1503776548860136,0.088,2016-05-31T00:00:00
690,0.9003583900289875,1786759.6901848782,1.1503776548860136,0.088,2016-05-31T00:00:00
691,0.7842251434252939,1459536.6347986609,1.1503776548860136,0.088,2016-05-31T00:00:00
692,0.7195244090687827,1538307.2040953068,1.1503776548860136,0.088,2016-05-31T00:00:00
693,0.7971152313428836,1532357.8034094681,1.1503776548860136,0.088,2016-05-31T00:00:00
694,1.0610895671951093,1858868.6714743038,1.1503776548860136,0.088,2016-05-31T00:00:00
695,0.8891558110525746,1666709.804218524,1.1503776548860136,0.088,2016-05-31T00:00:00
696,1.126639334999022,1792442.9706115786,1.1503776548860136,0.088,2016-05-31T00:00:00
697,1.05324674063436,1899417.7222887485,1.1503776548860136,0.088,2016-05-31T00:00:00
698,0.8068662359272378,1669143.2235587877,1.1503776548860136,0.088,2016-05-31T00:00:00
699,1.0667084166801275,1805770.8057112738,1.1503776548860136,0.088,2016-05-31T00:00:00
700,0.9999105149488176,1873245.8839269334,1.1503776548860136,0.088,2016-05-31T00:00:00
701,0.948393155413955,1722862.6978093928,1.1503776548860136,0.088,2016-05-31T00:00:00
702,1.1277667134934921,1897917.8247450045,1.1503776548860136,0.088,2016-05-31T00:00:00
703,0.7612942922167221,1596628.9899908456,1.1503776548860136,0.088,2016-05-31T00:00:00
704,0.8772536845698753,1745806.699379364,1.1503776548860136,0.088,2016-05-31T00:00:00
705,0.9946902082658468,1691100.8051339034,1.1503776548860136,0.088,2016-05-31T00:00:00
706,0.9191850110640232,1743083.4099097499,1.1503776548860136,0.088,2016-05-31T00:00:00
707,0.7707397394332034,1572157.9784489071,1.1503776548860136,0.088,2016-05-31T00:00:00
708,0.9395126450977858,1783178.203308156,1.1503776548860136,0.088,2016-05-31T00:00:00
709,0.8032837724725315,1618701.947258776,1.1503776548860136,0.088,2016-05-31T00:00:00
710,0.8624586714965286,1628964.008547773,1.1503776548860136,0.088,2016-05-31T00:00:00
711,0.8929046300953014,1827875.225083721,1.1503776548860136,0.088,2016-05-31T00:00:00
712,0.99537806746827,1775656.4042880044,1.1503776548860136,0.088,2016-05-31T00:00:00
713,1.0401757005482584,1857318.049570805,1.1503776548860136,0.088,2016-05-31T00:00:00
714,0.9417910625563984,1804642.0314502884,1.1503776548860136,0.088,2016-05-31T00:00:00
715,0.9533561721842212,1798158.0996816827,1.1503776548860136,0.088,2016-05-31T00:00:00
716,0.8339730213762873,1622072.7208495995,1.1503776548860136,0.088,2016-05-31T00:00:00
717,0.9417298421044386,1588291.8187060643,1.1503776548860136,0.088,2016-05-31T00:00:00
718,0.835811429461095,1653871.961032302,1.1503776548860136,0.088,2016-05-31T00:00:00
719,0.6864355250640433,1657065.2847320153,1.1503776548860136,0.088,2016-05-31T00:00:00
720,1.031435780169486,2107155.606118894,1.1503776548860136,0.088,2016-05-31T00:00:00
721,1.1184049922306072,1732893.2682324809,1.1503776548860136,0.088,2016-05-31T00:00:00
722,0.7578501985717976,1641897.7999181463,1.1503776548860136,0.088,2016-05-31T00:00:00
723,0.979508034180701,1941917.5408589633,1.1503776548860136,0.088,2016-05-31T00:00:00
724,0.9535956822249778,1694821.6820349025,1.1503776548860136,0.088,2016-05-31T00:00:00
725,0.9824554394970292,1786146.6979381372,1.1503776548860136,0.088,2016-05-31T00:00:00
726,0.8204749772399302,1586183.1498294075,1.1503776548860136,0.088,2016-05-31T00:00:00
727,0.7419684957713469,1733799.2250335682,1.1503776548860136,0.088,2016-05-31T00:00:00
728,0.9553400708377668,1936295.9831527648,1.1503776548860136,0.088,2016-05-31T00:00:00
729,0.8779973913009551,1603865.8732024943,1.1503776548860136,0.088,2016-05-31T00:00:00
730,0.9142392801278484,1579349.6450932755,1.1503776548860136,0.088,2016-05-31T00:00:00
731,0.9546150905922274,1700723.4723722553,1.1503776548860136,0.088,2016-05-31T00:00:00
732,0.7199716150762603,1468195.1688150193,1.1503776548860136,0.088,2016-05-31T00:00:00
733,0.8451487353314914,1663450.4116425496,1.1503776548860136,0.088,2016-05-31T00:00:00
734,1.1889888604474663,1843993.5141333411,1.1503776548860136,0.088,2016-05-31T00:00:00
735,0.7690815660528062,1588949.8231843761,1.1503776548860136,0.088,2016-05-31T00:00:00
736,1.1065286082606913,1838084.559061757,1.1503776548860136,0.088,2016-05-31T00:00:00
737,1.170955928588316,1765146.9282394357,1.1503776548860136,0.088,2016-05-31T00:00:00
738,0.9764766121579473,1597445.361306094,1.1503776548860136,0.088,2016-05-31T00:00:00
739,0.8407642240576128,1855725.2140772725,1.1503776548860136,0.088,2016-05-31T00:00:00
740,0.887203493313365,1681107.8905486793,1.1503776548860136,0.088,2016-05-31T00:00:00
741,0.5636702735904972,1301747.1799862185,1.1503776548860136,0.088,2016-05-31T00:00:00
742,1.096874069231116,1899491.5592587043,1.1503776548860136,0.088,2016-05-31T00:00:00
743,0.7253558576789976,1496492.3367487467,1.1503776548860136,0.088,2016-05-31T00:00:00
744,0.6636035058665551,1419279.0488307537,1.1503776548860136,0.088,2016-05-31T00:00:00
745,0.8034500849353013,1776037.0467600303,1.1503776548860136,0.088,2016-05-31T00:00:00
746,0.6384642658484437,1409855.3089138556,1.1503776548860136,0.088,2016-05-31T00:00:00
747,1.135217669199581,2035980.0856898692,1.1503776548860136,0.088,2016-05-31T00:00:00
748,1.1238582119359488,1997839.5518714688,1.1503776548860136,0.088,2016-05-31T00:00:00
749,0.9156765555158576,1724517.3645933964,1.1503776548860136,0.088,2016-05-31T00:00:00
750,0.9111596295203421,1726939.6504267408,1.1503776548860136,0.088,2016-05-31T00:00:00
751,0.7230000782899099,1628348.851831134,1.1503776548860136,0.088,2016-05-31T00:00:00
752,0.6605433948328474,1542188.161404164,1.1503776548860136,0.088,2016-05-31T00:00:00
753,0.8411948835842787,1600970.4294701403,1.1503776548860136,0.088,2016-05-31T00:00:00
754,0.9422527955646356,1635291.6469779897,1.1503776548860136,0.088,2016-05-31T00:00:00
755,1.0366606294352922,2045315.4547526396,1.1503776548860136,0.088,2016-05-31T00:00:00
756,1.1509451544816107,1945791.487096284,1.1503776548860136,0.088,2016-05-31T00:00:00
757,0.762609131002297,1672070.4262111539,1.1503776548860136,0.088,2016-05-31T00:00:00
758,1.088021049036308,2219460.4929023786,1.1503776548860136,0.088,2016-05-31T00:00:00
759,0.856049815998897,1686952.6523498127,1.1503776548860136,0.088,2016-05-31T00:00:00
760,0.8537881565296441,1781283.6040424155,1.1503776548860136,0.088,2016-05-31T00:00:00
761,0.9014122395197388,1636824.777837616,1.1503776548860136,0.088,2016-05-31T00:00:00
762,0.998503790940475,1755312.3850198886,1.1503776548860136,0.088,2016-05-31T00:00:00
763,0.8237351266074838,1524875.0864194483,1.1503776548860136,0.088,2016-05-31T00:00:00
764,0.8446540247798932,1586388.789575807,1.1503776548860136,0.088,2016-05-31T00:00:00
765,1.33945814829517,1889675.3594988587,1.1503776548860136,0.088,2016-05-31T00:00:00
766,0.7432737502029712,1609145.805194965,1.1503776548860136,0.088,2016-05-31T00:00:00
767,0.9367863875379258,1784154.6066400495,1.1503776548860136,0.088,2016-05-31T00:00:00
768,1.1541865597997938,2001435.2204497587,1.1503776548860136,0.088,2016-05-31T00:00:00
769,0.8220830457995096,1535703.876400343,1.1503776548860136,0.088,2016-05-31T00:00:00
770,1.0050225637085783,1752204.4620462614,1.1503776548860136,0.088,2016-05-31T00:00:00
771,1.0954858880880929,1722283.8019840654,1.1503776548860136,0.088,2016-05-31T00:00:00
772,0.846339568528983,1786735.8018103822,1.1503776548860136,0.088,2016-05-31T00:00:00
773,0.8668239577764035,1709032.9515125852,1.1503776548860136,0.088,2016-05-31T00:00:00
774,0.910298793567276,1622203.9636979299,1.1503776548860136,0.088,2016-05-31T00:00:00
775,0.9222069353689879,1588223.6498153207,1.1503776548860136,0.088,2016-05-31T00:00:00
776,1.0657069950204325,1773699.2815777916,1.1503776548860136,0.088,2016-05-31T00:00:00
777,1.0739438706197566,1949142.4787271419,1.1503776548860136,0.088,2016-05-31T00:00:00
778,0.8579496031111805,1801262.4258990071,1.1503776548860136,0.088,2016-05-31T00:00:00
779,1.0218369579192323,1894681.2640179186,1.1503776548860136,0.088,2016-05-31T00:00:00
780,0.9568675257588757,1657532.9275936058,1.1503776548860136,0.088,2016-05-31T00:00:00
781,1.1532148974157006,1782495.6118809495,1.1503776548860136,0.088,2016-05-31T00:00:00
782,1.0232493042696835,1793778.811957792,1.1503776548860136,0.088,2016-05-31T00:00:00
783,0.970484938975014,1748326.6651115136,1.1503776548860136,0.088,2016-05-31T00:00:00
784,0.7065580898339607,1549854.480281737,1.1503776548860136,0.088,2016-05-31T00:00:00
785,0.9587874081042198,1766739.948505979,1.1503776548860136,0.088,2016-05-31T00:00:00
786,0.8842319143288871,1650479.7661401276,1.1503776548860136,0.088,2016-05-31T00:00:00
787,0.8267706901103207,1563954.7038403978,1.1503776548860136,0.088,2016-05-31T00:00:00
788,0.5840643527562605,1415663.223140204,1.1503776548860136,0.088,2016-05-31T00:00:00
789,0.6591999526643573,1551790.7209334448,1.1503776548860136,0.088,2016-05-31T00:00:00
790,1.0453928546271243,1923544.77938472,1.1503776548860136,0.088,2016-05-31T00:00:00
791,1.2030197655735704,2161721.980863985,1.1503776548860136,0.088,2016-05-31T00:00:00
792,0.9026592543522663,1809679.8912530558,1.1503776548860136,0.088,2016-05-31T00:00:00
793,0.9677887769686015,1957203.8527169018,1.1503776548860136,0.088,2016-05-31T00:00:00
794,0.8783146238767021,1952679.9302024134,1.1503776548860136,0.088,2016-05-31T00:00:00
795,0.9779267757280673,1628823.5367830563,1.1503776548860136,0.088,2016-05-31T00:00:00
796,0.9885716960600782,1845978.2305051973,1.1503776548860136,0.088,2016-05-31T00:00:00
797,0.883551885906273,1736710.4250762705,1.1503776548860136,0.088,2016-05-31T00:00:00
798,0.871378386617216,1676880.0088526288,1.1503776548860136,0.088,2016-05-31T00:00:00
799,1.1305617049552648,1889317.9639685121,1.1503776548860136,0.088,2016-05-31T00:00:00
800,0.9373813516867766,1711180.029790818,1.1503776548860136,0.088,2016-05-31T00:00:00
801,0.9846797041352727,1889928.178839239,1.1503776548860136,0.088,2016-05-31T00:00:00
802,1.0167263578909753,1949936.6291299628,1.1503776548860136,0.088,2016-05-31T00:00:00
803,1.0891390196098834,2140104.4432060956,1.1503776548860136,0.088,2016-05-31T00:00:00
804,0.5066014859998623,1341093.868256213,1.1503776548860136,0.088,2016-05-31T00:00:00
805,0.8123658353482306,1547360.0272852697,1.1503776548860136,0.088,2016-05-31T00:00:00
806,1.0322990652984296,1816033.5302481586,1.1503776548860136,0.088,2016-05-31T00:00:00
807,1.1210966137801737,1918217.0146497618,1.1503776548860136,0.088,2016-05-31T00:00:00
808,0.700615188648854,1502073.5166399665,1.1503776548860136,0.088,2016-05-31T00:00:00
809,1.0804840546320629,1784811.3888332604,1.1503776548860136,0.088,2016-05-31T00:00:00
810,1.178393370805835,1775298.535084077,1.1503776548860136,0.088,2016-05-31T00:00:00
811,0.9368673875921101,1663697.6086038917,1.1503776548860136,0.088,2016-05-31T00:00:00
812,0.8379253960393093,1682655.2498599424,1.1503776548860136,0.088,2016-05-31T00:00:00
813,1.0942615254903632,2186186.766084635,1.1503776548860136,0.088,2016-05-31T00:00:00
814,0.8237722401518851,1569561.8453697495,1.1503776548860136,0.088,2016-05-31T00:00:00
815,0.9633307478702183,1731007.9639872753,1.1503776548860136,0.088,2016-05-31T00:00:00
816,1.000427175458483,1648942.9577491346,1.1503776548860136,0.088,2016-05-31T00:00:00
817,0.9353177985775923,1701761.5814893108,1.1503776548860136,0.088,2016-05-31T00:00:00
818,0.9336366518851361,1578757.386901008,1.1503776548860136,0.088,2016-05-31T00:00:00
819,0.9470976248772913,1704601.806189056,1.1503776548860136,0.088,2016-05-31T00:00:00
820,0.9789999204776387,1803699.9993556193,1.1503776548860136,0.088,2016-05-31T00:00:00
821,1.20423544625586,2150533.5656636674,1.1503776548860136,0.088,2016-05-31T00:00:00
822,0.6297032494366577,1419296.2313149956,1.1503776548860136,0.088,2016-05-31T00:00:00
823,0.9143687904994388,1621240.9764461212,1.1503776548860136,0.088,2016-05-31T00:00:00
824,1.0408236456857805,1820218.9506210682,1.1503776548860136,0.088,2016-05-31T00:00:00
825,1.0044405012999755,1663256.6001073031,1.1503776548860136,0.088,2016-05-31T00:00:00
826,1.042013508887856,1895657.6884025102,1.1503776548860136,0.088,2016-05-31T00:00:00
827,0.8981121942949745,1904114.409740938,1.1503776548860136,0.088,2016-05-31T00:00:00
828,0.6769115321930734,1412709.9836811563,1.1503776548860136,0.088,2016-05-31T00:00:00
829,0.9309764245321371,1760755.88455039,1.1503776548860136,0.088,2016-05-31T00:00:00
830,0.7490742547573748,1503900.4482542037,1.1503776548860136,0.088,2016-05-31T00:00:00
831,1.1253040514797514,1869501.5060815366,1.1503776548860136,0.088,2016-05-31T00:00:00
832,0.39534829238554886,1314155.2676602562,1.1503776548860136,0.088,2016-05-31T00:00:00
833,1.041974751024819,1761467.2441816095,1.1503776548860136,0.088,2016-05-31T00:00:00
834,0.7985280731271982,1690078.3465384687,1.1503776548860136,0.088,2016-05-31T00:00:00
835,1.111993903535726,1873740.2353736125,1.1503776548860136,0.088,2016-05-31T00:00:00
836,0.8829350247541689,1757704.0736820798,1.1503776548860136,0.088,2016-05-31T00:00:00
837,1.0727670718708793,2003038.0082182125,1.1503776548860136,0.088,2016-05-31T00:00:00
838,0.7452271023947975,1582978.1815471053,1.1503776548860136,0.088,2016-05-31T00:00:00
839,1.019953618023459,2070033.0109990586,1.1503776548860136,0.088,2016-05-31T00:00:00
840,0.461006102681504,1392913.7549288229,1.1503776548860136,0.088,2016-05-31T00:00:00
841,1.2496108786400684,2068607.1165388494,1.1503776548860136,0.088,2016-05-31T00:00:00
842,0.9534721439638193,1672822.709069991,1.1503776548860136,0.088,2016-05-31T00:00:00
843,0.9919061711443773,1819041.6612284502,1.1503776548860136,0.088,2016-05-31T00:00:00
844,0.8874817358196454,1712949.6388519297,1.1503776548860136,0.088,2016-05-31T00:00:00
845,0.8673036640756329,1614099.879255795,1.1503776548860136,0.088,2016-05-31T00:00:00
846,1.1147386620433737,1824409.2506714452,1.1503776548860136,0.088,2016-05-31T00:00:00
847,1.0271359391127006,1841653.4088492189,1.1503776548860136,0.088,2016-05-31T00:00:00
848,1.1802741417224176,1827280.0589204722,1.1503776548860136,0.088,2016-05-31T00:00:00
849,0.8526926719868434,1754137.9671804942,1.1503776548860136,0.088,2016-05-31T00:00:00
850,0.8993099324694207,1724954.6716296424,1.1503776548860136,0.088,2016-05-31T00:00:00
851,0.6228073781617923,1439685.962914214,1.1503776548860136,0.088,2016-05-31T00:00:00
852,0.8829903324578525,1661289.998572352,1.1503776548860136,0.088,2016-05-31T00:00:00
853,1.0965518566856443,2009572.9299345387,1.1503776548860136,0.088,2016-05-31T00:00:00
854,0.906405770782614,2001994.2253175266,1.1503776548860136,0.088,2016-05-31T00:00:00
855,0.5666119097559665,1416281.0828306924,1.1503776548860136,0.088,2016-05-31T00:00:00
856,0.9151189148438853,1582246.1283243548,1.1503776548860136,0.088,2016-05-31T00:00:00
857,0.7865156948363218,1589514.6566647978,1.1503776548860136,0.088,2016-05-31T00:00:00
858,0.9835583658549586,1821392.9518876392,1.1503776548860136,0.088,2016-05-31T00:00:00
859,1.0860963093229488,1938942.3731926833,1.1503776548860136,0.088,2016-05-31T00:00:00
860,1.391832643588998,2067369.318878248,1.1503776548860136,0.088,2016-05-31T00:00:00
861,1.1089461619355363,1707291.1252911726,1.1503776548860136,0.088,2016-05-31T00:00:00
862,0.9120561499386982,1676315.296472907,1.1503776548860136,0.088,2016-05-31T00:00:00
863,0.7635318078243387,1671081.7670560018,1.1503776548860136,0.088,2016-05-31T00:00:00
864,0.9327092229598025,1727292.9931469676,1.1503776548860136,0.088,2016-05-31T00:00:00
865,0.908477673776163,1953821.3694622428,1.1503776548860136,0.088,2016-05-31T00:00:00
866,0.943900912026337,1696239.7118043883,1.1503776548860136,0.088,2016-05-31T00:00:00
867,1.2094574097278967,2093802.7823672888,1.1503776548860136,0.088,2016-05-31T00:00:00
868,0.893223464868301,1632044.3522757217,1.1503776548860136,0.088,2016-05-31T00:00:00
869,1.015735561163542,1705095.649326189,1.1503776548860136,0.088,2016-05-31T00:00:00
870,0.8617850916651456,1556786.914721388,1.1503776548860136,0.088,2016-05-31T00:00:00
871,0.8748009963819312,1541598.6538437565,1.1503776548860136,0.088,2016-05-31T00:00:00
872,1.0118691583858335,1757483.6753446432,1.1503776548860136,0.088,2016-05-31T00:00:00
873,0.8442702281979176,1728296.918064849,1.1503776548860136,0.088,2016-05-31T00:00:00
874,0.8820155536679869,1646334.7870489217,1.1503776548860136,0.088,2016-05-31T00:00:00
875,0.886758949688521,1703718.3375517025,1.1503776548860136,0.088,2016-05-31T00:00:00
876,0.8565558139434173,1598676.0353257828,1.1503776548860136,0.088,2016-05-31T00:00:00
877,0.6030542454027292,1358406.4759559908,1.1503776548860136,0.088,2016-05-31T00:00:00
878,0.7434147548728068,1703466.9958481444,1.1503776548860136,0.088,2016-05-31T00:00:00
879,0.743563352454815,1554208.4316287595,1.1503776548860136,0.088,2016-05-31T00:00:00
880,0.8367773972998621,1652730.6732902783,1.1503776548860136,0.088,2016-05-31T00:00:00
881,1.1186810463474455,1860548.5747383982,1.1503776548860136,0.088,2016-05-31T00:00:00
882,0.814216183975096,1616739.9262341086,1.1503776548860136,0.088,2016-05-31T00:00:00
883,1.0108172993660451,1881388.5479792429,1.1503776548860136,0.088,2016-05-31T00:00:00
884,0.8175786451550301,1519343.8411817297,1.1503776548860136,0.088,2016-05-31T00:00:00
885,1.1449946028087963,1790028.176422656,1.1503776548860136,0.088,2016-05-31T00:00:00
886,0.9152414145472691,1511982.920428403,1.1503776548860136,0.088,2016-05-31T00:00:00
887,0.9670643384907432,1652369.256519159,1.1503776548860136,0.088,2016-05-31T00:00:00
888,0.9038961903693521,1657033.4607118242,1.1503776548860136,0.088,2016-05-31T00:00:00
889,0.8975674988718814,1598945.5684926428,1.1503776548860136,0.088,2016-05-31T00:00:00
890,0.5675315596799353,1367072.181049769,1.1503776548860136,0.088,2016-05-31T00:00:00
891,0.8166694941301201,1570898.9509656972,1.1503776548860136,0.088,2016-05-31T00:00:00
892,1.105273828324117,1724837.823157817,1.1503776548860136,0.088,2016-05-31T00:00:00
893,1.055043618480679,1858903.0501540795,1.1503776548860136,0.088,2016-05-31T00:00:00
894,0.8842994037552308,1580224.6160873915,1.1503776548860136,0.088,2016-05-31T00:00:00
895,0.6709134076167275,1546778.4034567645,1.1503776548860136,0.088,2016-05-31T00:00:00
896,0.7992545880699109,1639407.865253106,1.1503776548860136,0.088,2016-05-31T00:00:00
897,0.9715347097508098,1560554.544698665,1.1503776548860136,0.088,2016-05-31T00:00:00
898,0.9747048784123333,1644327.5485124844,1.1503776548860136,0.088,2016-05-31T00:00:00
899,1.3612346771000474,2203115.4364653705,1.1503776548860136,0.088,2016-05-31T00:00:00
900,0.974982111494366,1800197.8875843089,1.1503776548860136,0.088,2016-05-31T00:00:00
901,1.0614392710031646,1703927.5257890804,1.1503776548860136,0.088,2016-05-31T00:00:00
902,0.9633526039095395,1785281.1132529057,1.1503776548860136,0.088,2016-05-31T00:00:00
903,1.0068753198312927,1873611.7869867918,1.1503776548860136,0.088,2016-05-31T00:00:00
904,0.5579038744786579,1381924.7383149357,1.1503776548860136,0.088,2016-05-31T00:00:00
905,1.1992669865677175,1901594.167934115,1.1503776548860136,0.088,2016-05-31T00:00:00
906,1.2163008094955592,1953119.7317524313,1.1503776548860136,0.088,2016-05-31T00:00:00
907,0.9075413543965903,1754057.70435805,1.1503776548860136,0.088,2016-05-31T00:00:00
908,1.2726221159173696,1832655.3113430524,1.1503776548860136,0.088,2016-05-31T00:00:00
909,0.8607252197821057,1523400.4234754562,1.1503776548860136,0.088,2016-05-31T00:00:00
910,0.9082788989507157,1727229.543403131,1.1503776548860136,0.088,2016-05-31T00:00:00
911,0.87936441838963,1736394.4878302487,1.1503776548860136,0.088,2016-05-31T00:00:00
912,0.9959426760626258,1973347.2496915595,1.1503776548860136,0.088,2016-05-31T00:00:00
913,0.9417649093342583,1786384.1178317815,1.1503776548860136,0.088,2016-05-31T00:00:00
914,0.9642671522582781,1711662.78688521,1.1503776548860136,0.088,2016-05-31T00:00:00
915,0.8660810034436038,1717237.4647143176,1.1503776548860136,0.088,2016-05-31T00:00:00
916,1.1859083309779215,1858127.6864588752,1.1503776548860136,0.088,2016-05-31T00:00:00
917,0.9897088615499141,1554430.0349290282,1.1503776548860136,0.088,2016-05-31T00:00:00
918,0.7441213308714832,1476436.8099793743,1.1503776548860136,0.088,2016-05-31T00:00:00
919,1.0280432465267522,1738912.957550175,1.1503776548860136,0.088,2016-05-31T00:00:00
920,1.2484358566523523,2302253.0236721556,1.1503776548860136,0.088,2016-05-31T00:00:00
921,1.0531573037421447,1898847.9852957013,1.1503776548860136,0.088,2016-05-31T00:00:00
922,0.7807419291459797,1609329.555259936,1.1503776548860136,0.088,2016-05-31T00:00:00
923,1.2198610514988943,2119536.9441305813,1.1503776548860136,0.088,2016-05-31T00:00:00
924,0.7204183027879019,1413361.9918426452,1.1503776548860136,0.088,2016-05-31T00:00:00
925,0.8541817259602511,2004677.5296470236,1.1503776548860136,0.088,2016-05-31T00:00:00
926,0.9216391568439379,1653429.6446002158,1.1503776548860136,0.088,2016-05-31T00:00:00
927,0.9246442635112853,1732497.43359185,1.1503776548860136,0.088,2016-05-31T00:00:00
928,0.868956469491201,1544316.712586604,1.1503776548860136,0.088,2016-05-31T00:00:00
929,0.9035134652048279,1623700.8626530133,1.1503776548860136,0.088,2016-05-31T00:00:00
930,0.7980393588574473,1547691.8756025527,1.1503776548860136,0.088,2016-05-31T00:00:00
931,0.913727684121992,1601906.1501113542,1.1503776548860136,0.088,2016-05-31T00:00:00
932,0.6353089491870699,1417856.679099356,1.1503776548860136,0.088,2016-05-31T00:00:00
933,0.6733420862917807,1400735.9088801788,1.1503776548860136,0.088,2016-05-31T00:00:00
934,0.8422804845830149,1646960.17915933,1.1503776548860136,0.088,2016-05-31T00:00:00
935,0.989302108282637,1634392.6922623203,1.1503776548860136,0.088,2016-05-31T00:00:00
936,0.8070667071217746,1667680.202057873,1.1503776548860136,0.088,2016-05-31T00:00:00
937,1.117746252647941,1948386.8350581254,1.1503776548860136,0.088,2016-05-31T00:00:00
938,0.8197350625348674,1823565.4151161115,1.1503776548860136,0.088,2016-05-31T00:00:00
939,0.9131514967632981,1678288.8109181847,1.1503776548860136,0.088,2016-05-31T00:00:00
940,0.5255984661979424,1475374.620688034,1.1503776548860136,0.088,2016-05-31T00:00:00
941,1.073259429578001,1854676.5848714833,1.1503776548860136,0.088,2016-05-31T00:00:00
942,0.9752342879470309,2041552.3729044897,1.1503776548860136,0.088,2016-05-31T00:00:00
943,1.069525218916433,1848412.8882185153,1.1503776548860136,0.088,2016-05-31T00:00:00
944,0.8428529764154064,1705618.681973729,1.1503776548860136,0.088,2016-05-31T00:00:00
945,0.9956574695358429,1842922.48590546,1.1503776548860136,0.088,2016-05-31T00:00:00
946,1.322317469951041,2069678.303918388,1.1503776548860136,0.088,2016-05-31T00:00:00
947,0.9365258096981377,1629057.8927936654,1.1503776548860136,0.088,2016-05-31T00:00:00
948,1.090480260020395,1958524.477158582,1.1503776548860136,0.088,2016-05-31T00:00:00
949,1.0726059392072547,2069531.8490457933,1.1503776548860136,0.088,2016-05-31T00:00:00
950,1.1809562059893561,1871049.25545904,1.1503776548860136,0.088,2016-05-31T00:00:00
951,0.8853647385463834,1784613.9043940254,1.1503776548860136,0.088,2016-05-31T00:00:00
952,0.9692973890863036,1775494.3163485797,1.1503776548860136,0.088,2016-05-31T00:00:00
953,1.1270259229681578,1903293.6237435562,1.1503776548860136,0.088,2016-05-31T00:00:00
954,1.0009642985564395,1708874.2273477176,1.1503776548860136,0.088,2016-05-31T00:00:00
955,0.8289744332827909,1693710.4607770026,1.1503776548860136,0.088,2016-05-31T00:00:00
956,1.0895657543756265,1927317.7952377554,1.1503776548860136,0.088,2016-05-31T00:00:00
957,0.8090253002481328,1714510.8314885702,1.1503776548860136,0.088,2016-05-31T00:00:00
958,0.7832703382115243,1657824.2216955596,1.1503776548860136,0.088,2016-05-31T00:00:00
959,1.0427488036115236,1823981.6882174993,1.1503776548860136,0.088,2016-05-31T00:00:00
960,0.945910575288931,1610202.703828384,1.1503776548860136,0.088,2016-05-31T00:00:00
961,0.8586117254729313,1611283.7586266985,1.1503776548860136,0.088,2016-05-31T00:00:00
962,0.8563858296796778,1648895.6208743653,1.1503776548860136,0.088,2016-05-31T00:00:00
963,1.0669653394348493,1959804.5231713357,1.1503776548860136,0.088,2016-05-31T00:00:00
964,1.002073475584926,1816833.7748947062,1.1503776548860136,0.088,2016-05-31T00:00:00
965,1.107953244707826,1764863.0039802655,1.1503776548860136,0.088,2016-05-31T00:00:00
966,0.9743027770583641,1754032.464694199,1.1503776548860136,0.088,2016-05-31T00:00:00
967,0.9730963684031428,1654576.0994226565,1.1503776548860136,0.088,2016-05-31T00:00:00
968,0.9222804260674108,1892139.7344003718,1.1503776548860136,0.088,2016-05-31T00:00:00
969,1.034959430124081,1690208.4860463743,1.1503776548860136,0.088,2016-05-31T00:00:00
970,0.773224600262545,1659466.1821373086,1.1503776548860136,0.088,2016-05-31T00:00:00
971,1.02947094215333,1931978.800712566,1.1503776548860136,0.088,2016-05-31T00:00:00
972,0.9895933261925669,1769581.3943801406,1.1503776548860136,0.088,2016-05-31T00:00:00
973,0.9933147089887783,1614306.5880434653,1.1503776548860136,0.088,2016-05-31T00:00:00
974,0.9309168147597419,2040346.3011975957,1.1503776548860136,0.088,2016-05-31T00:00:00
975,0.9483413606369054,1658790.2230516314,1.1503776548860136,0.088,2016-05-31T00:00:00
976,1.0013427246387743,1902839.7085223394,1.1503776548860136,0.088,2016-05-31T00:00:00
977,0.9869051590545651,1775741.571426315,1.1503776548860136,0.088,2016-05-31T00:00:00
978,1.0835505639871372,1745605.8694987416,1.1503776548860136,0.088,2016-05-31T00:00:00
979,1.0494107818814862,1839540.6162342653,1.1503776548860136,0.088,2016-05-31T00:00:00
980,0.8649087752112681,1581588.243489752,1.1503776548860136,0.088,2016-05-31T00:00:00
981,0.8957400198754921,1770182.7609681843,1.1503776548860136,0.088,2016-05-31T00:00:00
982,0.8368678503084432,1634287.1484159634,1.1503776548860136,0.088,2016-05-31T00:00:00
983,1.0073314778915021,1809855.986322959,1.1503776548860136,0.088,2016-05-31T00:00:00
984,0.8658700383113612,1628371.0064946257,1.1503776548860136,0.088,2016-05-31T00:00:00
985,0.9451698444465128,1710804.701227051,1.1503776548860136,0.088,2016-05-31T00:00:00
986,0.8380868182705499,1713124.320693265,1.1503776548860136,0.088,2016-05-31T00:00:00
987,1.187913341816008,1873520.1958457944,1.1503776548860136,0.088,2016-05-31T00:00:00
988,0.8080798515276302,1592181.340112482,1.1503776548860136,0.088,2016-05-31T00:00:00
989,0.9725982154904774,1794651.2642710232,1.1503776548860136,0.088,2016-05-31T00:00:00
990,0.8650795993331432,1563013.543684616,1.1503776548860136,0.088,2016-05-31T00:00:00
991,0.8724517434497856,1649122.4388462736,1.1503776548860136,0.088,2016-05-31T00:00:00
992,0.860897093238524,1701389.8972849483,1.1503776548860136,0.088,2016-05-31T00:00:00
993,0.9524496551378012,1597720.1899682055,1.1503776548860136,0.088,2016-05-31T00:00:00
994,0.9343626262007172,1663355.3719993308,1.1503776548860136,0.088,2016-05-31T00:00:00
995,1.0314324695616104,1783809.9812083705,1.1503776548860136,0.088,2016-05-31T00:00:00
996,0.8633120298650391,1625511.8420372934,1.1503776548860136,0.088,2016-05-31T00:00:00
997,0.930118201563551,1780906.418009978,1.1503776548860136,0.088,2016-05-31T00:00:00
998,0.9582838037125923,1649358.6824475792,1.1503776548860136,0.088,2016-05-31T00:00:00
999,1.2421522918438563,2025670.6985368135,1.1503776548860136,0.088,2016-05-31T00:00:00
