month,factor,regression_fmp_return,regression_t_stat,regression_r2,n_obs
2006-06-30,roe,-0.004140157841435604,-0.924998122895858,0.0022764632969536347,377
2006-07-31,roe,-0.005794455468478919,-1.5542809768653483,0.006400869871326154,377
2006-08-31,roe,0.005859852547127356,1.5681934717776695,0.0064469032771725665,381
2006-09-30,roe,0.0005089782809899659,0.13814181520003438,5.021632321200453e-05,382
2006-10-31,roe,-0.00901015564237109,-2.8185631272189555,0.020425284908104024,383
2006-11-30,roe,0.004106592934899659,1.5112470920315835,0.0059124078526494594,386
2006-12-31,roe,0.004947937945793648,1.4690864022342682,0.005588939388554981,386
2007-01-31,roe,-0.004362944629806902,-1.4542018195664677,0.005476877508087674,386
2007-02-28,roe,0.004497938579734077,1.6307423035519937,0.0068599420167025915,387
2007-03-31,roe,-0.00029073398789817965,-0.08898255651599447,2.0565539034733682e-05,387
2007-04-30,roe,0.005331872698480304,1.7302588500944671,0.00771609165300946,387
2007-05-31,roe,-0.0020501726686550648,-0.6084363797898873,0.000958135055982634,388
2007-06-30,roe,0.003248466595989938,0.8902589965681594,0.0020490597822138135,388
2007-07-31,roe,-0.004442121949719582,-1.2530886234936731,0.0040410483682470355,389
2007-08-31,roe,0.0031491666858660134,0.8497542320822805,0.0018528132939344966,391
2007-09-30,roe,0.003735863970146461,0.8080845633178186,0.0016758517459484201,391
2007-10-31,roe,0.013655041081690404,3.3116806078777286,0.027420317637356084,391
2007-11-30,roe,0.004603003584068022,1.1999315848707868,0.0036689338772263325,393
2007-12-31,roe,-0.0034703852115377694,-0.6720535384777191,0.0011537975423157043,393
2008-01-31,roe,0.0003689803385464208,0.0821018864254426,1.7239395265211677e-05,393
2008-02-29,roe,0.012924452296707866,3.093055779328363,0.02382415436451235,394
2008-03-31,roe,-0.01163812707752875,-2.4305804038370002,0.014772710772559039,396
2008-04-30,roe,-0.0018063240799354868,-0.44938601267044964,0.0005097092265975434,398
2008-05-31,roe,0.013138501182988479,2.964934505665073,0.021663467553983184,399
2008-06-30,roe,-0.006323996205378835,-1.0287029866256368,0.0026651754205750944,398
2008-07-31,roe,-0.006144950860423673,-1.5059534021487677,0.005723137489416441,396
2008-08-31,roe,-0.008888980291447825,-1.4304406249800858,0.005102057029162332,401
2008-09-30,roe,0.009254629413352861,1.3106667863092394,0.004276253683391795,402
2008-10-31,roe,0.011800825697496131,1.5597967884025663,0.006137143551733337,396
2008-11-30,roe,-0.006928154230169089,-0.845656760701532,0.001854050544992103,387
2008-12-31,roe,0.008987284924129642,1.190328984512342,0.0036384737100310094,390
2009-01-31,roe,0.012224158290741291,1.702677107361379,0.0074931920544828445,386
2009-02-28,roe,0.005007033449570542,0.802404096777941,0.0017094460205188122,378
2009-03-31,roe,-0.017056601007543682,-1.4677972518723934,0.0056375868245820415,382
2009-04-30,roe,-0.001417279421283555,-0.23418691957741825,0.0001398873504780962,394
2009-05-31,roe,0.00227514149528481,0.5108531168884561,0.0006602496230166954,397
2009-06-30,roe,-0.008850877526930158,-1.729905426364984,0.007519167413684191,397
2009-07-31,roe,-0.04134715092033815,-5.462063563958603,0.06940848972441627,402
2009-08-31,roe,-0.0032765266001895743,-0.7305618539777543,0.0013259028874949008,404
2009-09-30,roe,0.005155842165842893,1.3448869777568677,0.004490272649823601,403
2009-10-31,roe,0.0007340328967271035,0.2102000596990375,0.00011072474393047926,401
2009-11-30,roe,-0.00916682312481132,-2.3174914264846183,0.013183976252929996,404
2009-12-31,roe,0.004165279724141822,1.0434476816743623,0.002701099882051805,404
2010-01-31,roe,-0.004248762974826155,-1.3884535803336024,0.004760856944910685,405
2010-02-28,roe,-0.0036071002460656273,-1.0425308427804434,0.002689695304000428,405
2010-03-31,roe,0.0007949172392551568,0.19136950839820605,9.064101302758143e-05,406
2010-04-30,roe,0.0024279806251965553,0.7821890833191897,0.001515861855642342,405
2010-05-31,roe,0.008983598414790099,2.9643262353126416,0.02133924849669644,405
2010-06-30,roe,-0.001315199248295593,-0.37202027990910663,0.00034245468625515585,406
2010-07-31,roe,0.010177388270022665,2.8728215491683486,0.020019506415421384,406
2010-08-31,roe,0.0011518419285848876,0.32822957540216924,0.00026594074847940963,407
2010-09-30,roe,0.004645333614383138,1.464146248264409,0.005265276384470607,407
2010-10-31,roe,-0.0007396623215382882,-0.23989570111749386,0.00014207844643820966,407
2010-11-30,roe,-0.015408503042812056,-4.545358787419737,0.04831004224205848,409
2010-12-31,roe,-0.0014315048633395991,-0.40896753308656697,0.00041077577161185985,409
2011-01-31,roe,-0.0025189338766942637,-0.8337446706952147,0.001705024476531647,409
2011-02-28,roe,-0.00038122132161655045,-0.13396463310058965,4.409270666105858e-05,409
2011-03-31,roe,-0.003419498778985866,-1.2421749649366152,0.0037221679019172615,415
2011-04-30,roe,0.0025735538118616943,0.953203264170493,0.002195162097598069,415
2011-05-31,roe,0.009222015026190463,3.8669953011234384,0.03477968512753571,417
2011-06-30,roe,0.0038293100183792637,1.274851353962978,0.003900978134195654,417
2011-07-31,roe,0.01428125194716958,3.739501926614892,0.032521858337690834,418
2011-08-31,roe,-0.0021116508844988865,-0.5509446337189402,0.0007308870746233209,417
2011-09-30,roe,-0.004227179014623906,-0.8695489363097071,0.0018230360557660585,416
2011-10-31,roe,-0.0015479702112796065,-0.4860511116101791,0.0005675759512723255,418
2011-11-30,roe,-0.0037796690488912372,-1.2389607160989877,0.003650168403790288,421
2011-12-31,roe,-0.003015738328724091,-0.6520392857863709,0.0010136617341786058,421
2012-01-31,roe,-0.0009046893902029819,-0.29292149246638544,0.00020473850494195922,421
2012-02-29,roe,-0.0010479886247642856,-0.4249705321716552,0.00042981506817396653,422
2012-03-31,roe,0.007501728205830888,2.3963498689341676,0.013456575786686353,423
2012-04-30,roe,-0.005168285700256881,-1.4512874876323334,0.00496629192426723,424
2012-05-31,roe,-0.004466547864499068,-1.3977413715867828,0.004597397385793678,425
2012-06-30,roe,0.0027706877630150964,0.7882686965187939,0.0014667993296060278,425
2012-07-31,roe,-0.0027193825451114644,-0.9013321398845929,0.0019168849875677019,425
2012-08-31,roe,-0.005724768078999607,-2.2234922828068377,0.01152579096013362,426
2012-09-30,roe,-0.001163788581140575,-0.31738982709232805,0.00023697042545245406,427
2012-10-31,roe,0.001441024875917365,0.5052007165847453,0.0006001754884468191,427
2012-11-30,roe,-0.004225775363402913,-1.7158588419576462,0.00686376400634825,428
2012-12-31,roe,-0.009323296000906423,-2.8361529691448473,0.01853214891622912,428
2013-01-31,roe,-0.004474880466814374,-1.7626658588259292,0.007240597323147302,428
2013-02-28,roe,-0.0041806531545767935,-1.5598266462929617,0.005652584332618504,430
2013-03-31,roe,-0.002921723830517391,-0.7811728756067114,0.001417130893706986,432
2013-04-30,roe,-0.010681968943693405,-1.939277769811102,0.008670212438505742,432
2013-05-31,roe,-0.0008333906668786539,-0.31947527498669887,0.00023730286311929305,432
2013-06-30,roe,0.00030479486735057363,0.09995649648092869,2.318113591404103e-05,433
2013-07-31,roe,-0.00436316281620436,-1.5338253350816562,0.005428881813793418,433
2013-08-31,roe,-0.0031090863370326536,-1.1650444305566865,0.003132123159865441,434
2013-09-30,roe,-0.0029863254242344264,-1.0298342096071684,0.0024433422445570008,435
2013-10-31,roe,0.005855910637621466,2.060728969524665,0.009712148357696293,435
2013-11-30,roe,-0.0033279653190797375,-1.3302029300137155,0.0040604954667931015,436
2013-12-31,roe,-0.013921539681722574,-4.128400694257353,0.037787231223040285,436
2014-01-31,roe,0.0015410366853644134,0.5381088347242401,0.0006667466684275869,436
2014-02-28,roe,0.000980155707559709,0.39241373036961025,0.0003530600196949285,438
2014-03-31,roe,0.005314399648506218,2.070477611294017,0.009714491314082307,439
2014-04-30,roe,0.001019218199588103,0.4169881242942183,0.0003977344121338655,439
2014-05-31,roe,-0.0076784229292698025,-3.1848354445994946,0.022684404761712296,439
2014-06-30,roe,-0.001215220428417368,-0.47114211486432767,0.0005076938149177757,439
2014-07-31,roe,0.004287009208144143,1.964896739231754,0.008737636441425223,440
2014-08-31,roe,-6.643856645497687e-05,-0.02739836584856685,1.7099525458919018e-06,441
2014-09-30,roe,0.0003264853007491805,0.10441010745614837,2.4775455568448734e-05,442
2014-10-31,roe,0.0040593207401267255,1.5413169109125935,0.0053702272669631235,442
2014-11-30,roe,-0.00021435086046903425,-0.09217046217182645,1.930734107602472e-05,442
2014-12-31,roe,0.0005093124923321949,0.14316453595194759,4.6474221802261795e-05,443
2015-01-31,roe,0.0009429579543317211,0.2780478108520779,0.0001752767219361795,443
2015-02-28,roe,2.0667172120085583e-05,0.00880852727704519,1.7554330145053143e-07,444
2015-03-31,roe,-0.0003035048312611951,-0.08414394359237987,1.5946149417134237e-05,446
2015-04-30,roe,-0.0021431637750369092,-0.8303803391426494,0.0015505908252367862,446
2015-05-31,roe,-0.0011451606219135913,-0.4604126284283263,0.000476132265167184,447
2015-06-30,roe,0.0020893943319207535,0.6206290261991266,0.0008648253357355085,447
2015-07-31,roe,0.004255847612657449,1.7220351224842227,0.006619718688575027,447
2015-08-31,roe,0.01077167156208804,3.532615744958183,0.027219052173729663,448
2015-09-30,roe,-0.005025709225033993,-1.3008408846245925,0.0037798001757042288,448
2015-10-31,roe,-0.001356639637693191,-0.46430723119711514,0.0004831324006207005,448
2015-11-30,roe,0.0030369050067019215,0.9894294291630099,0.002190193856301814,448
2015-12-31,roe,0.009695328925246452,2.2936725372660054,0.011632518566378147,449
2016-01-31,roe,0.006011830964164815,1.6209465476022,0.005843654800638531,449
2016-02-29,roe,-0.010938189944530032,-3.78487965909252,0.030985355114612423,450
2016-03-31,roe,-0.010057868504769286,-2.911972257622699,0.018535433612443808,451
2016-04-30,roe,-0.0010038477243407866,-0.35883577174337344,0.0002860583940310635,452
2016-05-31,roe,0.006542584495713776,2.0894988263190633,0.009587903563154976,453
2016-06-30,roe,-0.004719076004014197,-1.5615925997879923,0.005366118989292734,454
2016-07-31,roe,0.0010570339053953511,0.3484850558728941,0.00026860445652421294,454
2016-08-31,roe,-0.005991416738847572,-2.364942190271574,0.012195895170783455,455
2016-09-30,roe,0.0009734609840660853,0.3404526034682611,0.0002552387467005257,456
2016-10-31,roe,-0.0008703271889000107,-0.2000074593723057,8.810453603580459e-05,456
2016-11-30,roe,0.005360878151989195,2.305004227137261,0.01156737120987561,456
2016-12-31,roe,-0.008566011883626377,-2.92289991957093,0.018430517990431383,457
2017-01-31,roe,0.009402746239564224,3.5183665824688073,0.02648579839259524,457
2017-02-28,roe,-0.0025561094777438427,-1.0776781597362741,0.002540438105291365,458
2017-03-31,roe,-0.00211197320054111,-0.9317298877987625,0.0019001557445247341,458
2017-04-30,roe,-0.0009848896825653142,-0.31701027801911075,0.00021985431509141673,459
2017-05-31,roe,0.0008456834169830056,0.33222211850656214,0.0002409278263115766,460
2017-06-30,roe,-0.0028629810592149313,-1.0947881036147762,0.002610114868887403,460
2017-07-31,roe,0.0014410851645466044,0.5595367319223137,0.0006831167756442547,460
2017-08-31,roe,0.007269917804902579,2.5589268091639608,0.014095647628823094,460
2017-09-30,roe,-0.002980465287149855,-1.0470143632577211,0.002387819771889621,460
2017-10-31,roe,0.004585160066903798,1.584413599392075,0.005451270235823591,460
2017-11-30,roe,0.0044750507509132235,1.781929227987973,0.006885173529245114,460
2017-12-31,roe,-0.000977695812468412,-0.29476866824406917,0.00018967704587680156,460
2018-01-31,roe,-0.0004112416171165298,-0.14090044766272372,4.334514328196981e-05,460
2018-02-28,roe,-0.002208971243428484,-0.8585054103271124,0.0015996794030167516,462
2018-03-31,roe,-0.0032602456418126383,-1.111056615531726,0.0026648424171312746,464
2018-04-30,roe,0.0007373095503796899,0.19809976024068024,8.493545853138773e-05,464
2018-05-31,roe,-0.001430087701337824,-0.4980304199628692,0.0005365827019351288,464
2018-06-30,roe,0.0009134949499715874,0.3301924517750738,0.00023593361918095024,464
2018-07-31,roe,-0.001728813430480623,-0.4411921581221495,0.0004202348195727623,465
2018-08-31,roe,0.000683973183462353,0.28296626685776416,0.00017290726460172934,465
2018-09-30,roe,0.0004525113008507228,0.11829242039837279,3.0221757727377785e-05,465
2018-10-31,roe,0.004064556967326952,1.1728055035347134,0.002961984062117673,465
2018-11-30,roe,0.0012781598359190617,0.4917559533883393,0.0005220252257186475,465
2018-12-31,roe,-0.0060128384099515115,-1.7299828185222779,0.006408750397205676,466
2019-01-31,roe,0.00015189900258156695,0.0514176348532576,5.697754548172895e-06,466
2019-02-28,roe,0.001331033291771409,0.5106245308730633,0.0005616184840077088,466
2019-03-31,roe,0.002655064239084667,0.8244264971860144,0.0014595419981605628,467
2019-04-30,roe,-0.0034137211067536742,-0.9211087688917552,0.0018212819638182554,467
2019-05-31,roe,-0.0002760882828255894,-0.09263705880536421,1.8415164446450305e-05,468
2019-06-30,roe,0.0008126509087457744,0.30710876580176283,0.00020235345258745596,468
2019-07-31,roe,-0.0008516900211097991,-0.2196874015977124,0.00010311448259059386,470
2019-08-31,roe,-0.00046060787380334693,-0.1214279117729872,3.1437684897772655e-05,471
2019-09-30,roe,0.005487203885348623,1.7125695129283216,0.006214642742236376,471
2019-10-31,roe,-0.0008184983385338027,-0.2528412383511947,0.0001362899338460677,471
2019-11-30,roe,0.002568233963637705,1.0005655756398757,0.0021210361679329104,473
2019-12-31,roe,-0.0039527039791440784,-1.0587091195683724,0.0023741060456152763,473
2020-01-31,roe,-0.0042735594121683426,-1.3835277448256338,0.004047561327285343,473
2020-02-29,roe,0.006230425874251636,0.9139977570570675,0.0017705155531921868,473
2020-03-31,roe,-0.000579017483737361,-0.09690546519577362,1.9937329002073234e-05,473
2020-04-30,roe,0.0011758226008199324,0.32218543268517386,0.00021940946633081104,475
2020-05-31,roe,-0.0023505724505801266,-0.6507623407199968,0.000892644718434088,476
2020-06-30,roe,-0.0007691738243547805,-0.19915438365951735,8.366909284396318e-05,476
2020-07-31,roe,-0.0007991484963694837,-0.1971171970495081,8.196625434209182e-05,476
2020-08-31,roe,0.008798100717441557,3.1065058750851104,0.0198710413378832,478
2020-09-30,roe,-0.0009499582180992242,-0.27191280443292204,0.0001553048119934397,478
2020-10-31,roe,-0.024853958551550523,-4.190757800983575,0.03558303698513787,478
2020-11-30,roe,-0.0024012382418795715,-0.8185790201105934,0.001402791700772732,479
2020-12-31,roe,0.0007214022292283877,0.20768939924753613,9.04213548110766e-05,479
2021-01-31,roe,-0.018961709479060476,-3.8964307567769656,0.030846652898559257,479
2021-02-28,roe,0.004035595259289118,1.214912628245945,0.003071979985004525,481
2021-03-31,roe,0.0012462404498998641,0.4691159833964346,0.000459224935982272,481
2021-04-30,roe,-0.0052348106544105166,-2.0057993429456804,0.008329270200518879,481
2021-05-31,roe,0.0061960611293843575,1.9992706290063795,0.008275584239108569,481
2021-06-30,roe,0.006026657580798017,1.9190551173797146,0.0076297990171361185,481
2021-07-31,roe,-0.0013586749567065233,-0.5157863208334642,0.0005550894681392027,481
2021-08-31,roe,-0.005579907329698081,-1.9841199574633754,0.008134807187066051,482
2021-09-30,roe,0.005004097195726501,1.4658092995386718,0.004447072632288385,483
2021-10-31,roe,0.006921683447342554,1.96507970194639,0.007964208192422273,483
2021-11-30,roe,0.003973130048118327,1.2563071056894655,0.003257074283423589,485
2021-12-31,roe,-0.002028263648149053,-0.47216000534166275,0.00046039758652016705,486
2022-01-31,roe,-0.003386742307620112,-0.8966315273568326,0.0016582952738066759,486
2022-02-28,roe,-0.002410700299349682,-0.650904451081861,0.0008710032525467426,488
2022-03-31,roe,0.006644601413171013,1.7495522260339025,0.006258796777931508,488
2022-04-30,roe,0.004080461621836513,1.0250857345610347,0.002157476718145035,488
2022-05-31,roe,0.005149936595337469,1.4420557449369957,0.004260626938774381,488
2022-06-30,roe,-0.0019503225476716415,-0.5143576001248381,0.0005440736597602802,488
2022-07-31,roe,-0.008773794699785977,-2.7959939699144956,0.015830911171099027,488
2022-08-31,roe,0.0005293436723621012,0.18126017253600837,6.759882545559481e-05,488
2022-09-30,roe,-0.0044509927954679415,-0.9698778248798902,0.001931781563297097,488
2022-10-31,roe,0.00972292217655631,2.563399993628954,0.013340247937530747,488
2022-11-30,roe,0.006189562541120786,2.3181068711261616,0.010913703036711686,489
2022-12-31,roe,-0.0030215754844051647,-0.6768790044334435,0.0009418388248596532,488
2023-01-31,roe,-0.002979237321735008,-1.044892756701061,0.002236876077519878,489
2023-02-28,roe,0.0020453451130837083,0.5617638073206801,0.0006475856489919218,489
2023-03-31,roe,0.0008598002829369966,0.3031078520222297,0.0001886181535595277,489
2023-04-30,roe,-0.012482488817117728,-2.3272604943856416,0.010976822511855389,490
2023-05-31,roe,0.0064430229708505845,1.6280598431044742,0.005402172069025268,490
2023-06-30,roe,0.012480239080852676,3.681271796337782,0.027019667887182797,490
2023-07-31,roe,0.00874599002934571,2.50612789068445,0.012706701468748083,490
2023-08-31,roe,-0.0006462717799773237,-0.27099310231483104,0.00015046354891667946,490
2023-09-30,roe,0.0003973329293756113,0.12298589071045798,3.099397646222357e-05,490
2023-10-31,roe,0.0012288486156389019,0.29632606224670094,0.00017990438098069994,490
2023-11-30,roe,-0.0006353311541595747,-0.1714538572091415,6.02349476636066e-05,490
2023-12-31,roe,0.005909638229159462,1.6796773927592115,0.005748153250377475,490
2024-01-31,roe,-0.0015552255983894202,-0.3443002943488758,0.00024285636033150038,490
2024-02-29,roe,-0.0009141692103271201,-0.31524606941854955,0.0002036062497491331,490
2024-03-31,roe,0.001969945652646401,0.6686656729049841,0.0009135078531090635,491
2024-04-30,roe,-0.004580719630345586,-1.2668960534254161,0.0032715229693962566,491
2024-05-31,roe,0.006381204674891044,2.128955461790477,0.009183694700953038,491
2024-06-30,roe,-0.0036457280431826653,-0.958235929351771,0.0018742232195754216,491
2024-07-31,roe,-0.0017769014612908434,-0.5473965421724778,0.0006123915655464884,491
2024-08-31,roe,0.0023103291390677958,0.7737901932067517,0.0012204500349043412,492
2024-09-30,roe,0.003187273380415313,0.8711659851266751,0.0015464419024899811,492
2024-10-31,roe,0.0053809739955933385,1.1824288338139726,0.0028452243487849804,492
2024-11-30,roe,0.003922139447987401,1.3453727470967554,0.003680339411992639,492
2024-12-31,roe,0.0018731200265407473,0.5755163678156219,0.0006755007161047821,492
2025-01-31,roe,-0.0035216758668238086,-0.8667023474440777,0.0015306595286073144,492
2025-02-28,roe,-0.006079978360087496,-1.8175522369523625,0.006656201618128965,495
2025-03-31,roe,0.003958889516048088,1.1168087077339068,0.0025184625663853266,496
2025-04-30,roe,0.001019424548504406,0.24930503079116595,0.00012579995856909498,496
2025-05-31,roe,-0.005384428689569608,-1.5200690832140742,0.004646210982027665,497
2025-06-30,roe,-0.0029432821300926218,-0.7053120922302418,0.0010039711248533978,497
2025-07-31,roe,-0.005135739403326369,-1.3460517732708328,0.0036469648554441347,497
2025-08-31,roe,-0.0011233914549446335,-0.23251500896185104,0.00010898656698943299,498
2025-09-30,roe,-0.005348579183590104,-1.1945222139743878,0.002868528757745903,498
2025-10-31,roe,-0.007254799237803093,-1.930524943787851,0.007457926240342805,498
2025-11-30,roe,0.0033419240561701397,1.0636640401336097,0.0022758192966303437,498
2025-12-31,roe,-0.00843797164817786,-1.5948958097384234,0.005102246165087809,498
2026-01-31,roe,-0.008298351368579504,-1.6361940688356913,0.0053684656149336485,498
2026-02-28,roe,-0.0031548250585669104,-0.8333819075418636,0.0013954853195433659,499
2026-03-31,roe,-0.009680988076770381,-1.5648081521268167,0.004902655513675969,499
2026-04-30,roe,0.0006132902555094113,0.09584714627934245,1.848391477687894e-05,499
2006-06-30,pe,0.005631237478880222,1.2654027412650677,0.004415991736559488,363
2006-07-31,pe,-0.0069105158875242476,-1.872903358409484,0.009703158023819491,360
2006-08-31,pe,-0.0009413382213708139,-0.3146482477321662,0.0002764696880690476,360
2006-09-30,pe,-0.002351062734196467,-0.7136554257911272,0.0014127348753992797,362
2006-10-31,pe,-0.004170769099986974,-1.3939703290268421,0.005324536878557828,365
2006-11-30,pe,0.003589357572579397,1.3128946864070623,0.004726022721422862,365
2006-12-31,pe,-0.008303530033814385,-2.505676417505789,0.016910259436777486,367
2007-01-31,pe,-0.006058884535028481,-1.870075223861403,0.009490388312213494,367
2007-02-28,pe,0.002065583179277106,0.7497857600512137,0.0015336516385590082,368
2007-03-31,pe,0.0016047211983597944,0.5080188535019666,0.000700821427467635,370
2007-04-30,pe,-0.011139650479982006,-3.680124491265014,0.035311047531413564,372
2007-05-31,pe,-0.006988637953418034,-2.1369077100010285,0.012223730164223845,371
2007-06-30,pe,-0.0034366980905369948,-0.9095581852402124,0.0022249471758307715,373
2007-07-31,pe,0.0001122666223752567,0.0320517991138677,2.7615994342422567e-06,374
2007-08-31,pe,-0.012292636386348949,-3.3953936111984206,0.03005954402330402,374
2007-09-30,pe,0.0030338733649924216,0.6402133203292258,0.0010889010220592743,378
2007-10-31,pe,0.009229770020469812,2.2402009456808956,0.01317127717782951,378
2007-11-30,pe,0.0002002499935075723,0.04857754921581511,6.25931967412896e-06,379
2007-12-31,pe,0.02499969995437771,5.315166988828332,0.07040730144159824,375
2008-01-31,pe,-7.327456234333793e-05,-0.017112984389147677,7.851313799100978e-07,375
2008-02-29,pe,-0.003578524425200285,-0.8940395653339448,0.0021440671426207203,374
2008-03-31,pe,-0.0019515239549193002,-0.44571814433222096,0.0005351976801066805,373
2008-04-30,pe,-0.0018746665786463096,-0.4933016458011573,0.0006519781692642113,375
2008-05-31,pe,0.00031211066572152076,0.07146170274992387,1.3690898240104055e-05,375
2008-06-30,pe,0.004510286225397258,0.7720971773677401,0.0016042525652781858,373
2008-07-31,pe,0.006062449687998032,1.6165282263140035,0.006957060508942514,375
2008-08-31,pe,0.010603563502474864,1.850140132262099,0.0090935419480066,375
2008-09-30,pe,0.006440380359437142,0.9849905615245977,0.002629497963378191,370
2008-10-31,pe,-0.004208118065717942,-0.644633154136375,0.001127943435788481,370
2008-11-30,pe,0.008533267449689118,1.2597059620236428,0.0043885972921156036,362
2008-12-31,pe,0.009298125017089596,1.4453315447722441,0.006197127102827049,337
2009-01-31,pe,-0.005259585645310973,-0.852920637387561,0.002186394786642065,334
2009-02-28,pe,0.0067923480152565245,1.1739982635241732,0.004171799539771093,331
2009-03-31,pe,0.005922519654766315,0.60375081194654,0.0011237821217213728,326
2009-04-30,pe,0.015785153895636603,2.89852200470292,0.02527495088244691,326
2009-05-31,pe,0.006217987562570092,1.4581393351567389,0.006519471646940556,326
2009-06-30,pe,-0.007825308746502203,-1.677824401191721,0.008747553385191176,321
2009-07-31,pe,-0.00948809296570087,-2.267437135430025,0.015910289467579997,320
2009-08-31,pe,-0.007231764250635821,-1.7890012279266923,0.010058202731013877,317
2009-09-30,pe,0.00031720226803782364,0.08103984853798442,2.1116779316820988e-05,313
2009-10-31,pe,-0.0030071563512529117,-0.9033608825663033,0.0026425467697971383,310
2009-11-30,pe,0.002563338343317713,0.8322192189034001,0.002222025332445865,313
2009-12-31,pe,0.012976752561903218,3.614757378100645,0.037432615251613566,338
2010-01-31,pe,-0.004517057127663579,-1.512160644272616,0.006700027526224894,341
2010-02-28,pe,-0.0066679286047300725,-2.045395233601253,0.012120046133992757,343
2010-03-31,pe,-0.016837553302166713,-4.359463943492546,0.05122553515916051,354
2010-04-30,pe,0.001315946540234601,0.41350131981932814,0.0004800597170724341,358
2010-05-31,pe,0.007061551389025525,2.432970117031295,0.01617663480778908,362
2010-06-30,pe,-0.007800466537617454,-2.199358379822813,0.013079207770388068,367
2010-07-31,pe,0.0038298290821307444,1.0117846112639552,0.002759144704887029,372
2010-08-31,pe,-0.0013870860918817804,-0.3869883084458262,0.0004035027555819859,373
2010-09-30,pe,-0.007319247002047667,-2.1220702009378662,0.01186599257143428,377
2010-10-31,pe,-0.0035192244581055045,-1.0760539425081177,0.003078207613197659,377
2010-11-30,pe,0.0024186333306502957,0.6809006124674689,0.0012348084138998905,377
2010-12-31,pe,-0.0011277299596290943,-0.31401579281213776,0.0002580640614966434,384
2011-01-31,pe,0.0017025248002261115,0.5626343118194589,0.0008258379732132282,385
2011-02-28,pe,0.0010403358146314024,0.3711200845542678,0.0003594793890893122,385
2011-03-31,pe,-0.0011214734852388517,-0.40298673537993474,0.0004162325985179738,392
2011-04-30,pe,0.001176717086698311,0.44086174483760077,0.000496835073284907,393
2011-05-31,pe,0.0011381520704122703,0.4804653990859296,0.0005885488137523653,394
2011-06-30,pe,-0.004227238539972795,-1.3536417066899096,0.004594275988556107,399
2011-07-31,pe,0.003228787004431779,0.8432445752072629,0.0017878844281801198,399
2011-08-31,pe,0.005829231346990652,1.497787848247563,0.005619049972283796,399
2011-09-30,pe,0.006046242942615411,1.267988749517881,0.004064114730091051,396
2011-10-31,pe,-0.001123395169462932,-0.3688825919708203,0.00034350410241434925,398
2011-11-30,pe,-0.004771913460854795,-1.574776243329656,0.006207872013219262,399
2011-12-31,pe,-0.010007000355533603,-2.214668902495049,0.012203782726641799,399
2012-01-31,pe,-0.0012766286436320278,-0.42329537842995335,0.0004534119886169252,397
2012-02-29,pe,-0.004489850718834338,-1.7751299437784764,0.007894470102466467,398
2012-03-31,pe,0.0004944641323235673,0.16490072045336926,6.814635226459753e-05,401
2012-04-30,pe,0.002371740132172469,0.6591041044306628,0.0010848673358500038,402
2012-05-31,pe,7.44628891446992e-06,0.0023692196457845345,1.3998008863147504e-08,403
2012-06-30,pe,0.006103650852587972,1.8093658746946664,0.008138250189021479,401
2012-07-31,pe,0.001336639423447139,0.4625618117314056,0.0005373077021947337,400
2012-08-31,pe,-0.002239129287426677,-0.8578423686565447,0.0018455663044238957,400
2012-09-30,pe,0.005717496664580508,1.5212656205399133,0.005781080972030783,400
2012-10-31,pe,-0.005503860199273419,-1.8854246224542446,0.008830662998672745,401
2012-11-30,pe,-0.0012179612432414177,-0.4966386429874059,0.0006177883815542407,401
2012-12-31,pe,-0.01136424657784679,-3.4909023749024723,0.03030037666502272,392
2013-01-31,pe,-0.0014722059472898365,-0.5913532951380228,0.0008912934578815257,394
2013-02-28,pe,0.0068554747899929,2.777715644457603,0.0192548086350649,395
2013-03-31,pe,-0.006043079518798254,-1.6965408555184107,0.007215863156572966,398
2013-04-30,pe,0.01185574178711277,3.711944980782635,0.033706602334547475,397
2013-05-31,pe,-0.0015317633210718768,-0.6170102781422886,0.0009604445466607769,398
2013-06-30,pe,-0.002090252565506309,-0.6764714263645376,0.0011455873542483008,401
2013-07-31,pe,-0.005469842449223149,-2.303773947430252,0.013127077903843043,401
2013-08-31,pe,-0.00560651570757464,-2.1503153840928366,0.011427542344901287,402
2013-09-30,pe,-0.003330080172982306,-1.2053380185170728,0.0035569338673505646,409
2013-10-31,pe,0.006121575372130773,2.2952791795941776,0.012686512381659076,412
2013-11-30,pe,0.0012773171429280596,0.5120859275750264,0.0006376272286102713,413
2013-12-31,pe,0.0007246902890585348,0.23778257031083888,0.0001355704688602577,419
2014-01-31,pe,-0.0010100748393356838,-0.3730789175619529,0.0003336725073398439,419
2014-02-28,pe,0.012340782804068761,5.1095848793462055,0.058787200429250785,420
2014-03-31,pe,0.009673303109398408,3.9369215080626008,0.03567174709554355,421
2014-04-30,pe,-0.007669394469046307,-3.1999349901409397,0.0238551716202684,421
2014-05-31,pe,-0.0023788959487192167,-1.022462730740909,0.002488849921935987,421
2014-06-30,pe,-0.0018231013967535575,-0.7079145405132515,0.0011777712114724448,427
2014-07-31,pe,-0.0006845861189768462,-0.29686794698931407,0.00020683650077280014,428
2014-08-31,pe,0.0030657199029482923,1.3260099005273756,0.004120136027817911,427
2014-09-30,pe,0.002657906263889867,0.8834202511330407,0.0018286483699859746,428
2014-10-31,pe,0.000990583140802539,0.3805490212867511,0.00033903620423247904,429
2014-11-30,pe,0.004336669695330887,1.868360155880906,0.008108814213931614,429
2014-12-31,pe,-0.011854097996323776,-3.4438920356722735,0.02721144788891794,426
2015-01-31,pe,0.004066212954035675,1.1960467495320952,0.0033704640295082466,425
2015-02-28,pe,-0.0018116280774125332,-0.7718668764000834,0.0014098069721228956,424
2015-03-31,pe,-0.004875105420558033,-1.3555877859809535,0.004376973776623494,420
2015-04-30,pe,-0.004371668783931161,-1.7725217563646887,0.007478030339265307,419
2015-05-31,pe,-0.0030469686661299122,-1.2068923140011971,0.0034808606094018923,419
2015-06-30,pe,-0.006933918627431813,-2.1488023423889016,0.010977558320208636,418
2015-07-31,pe,-0.00010515535177655863,-0.04329499812046096,4.505885615735394e-06,418
2015-08-31,pe,0.002756017552982363,0.8971296609800403,0.0019309795573999589,418
2015-09-30,pe,0.002179401093486921,0.5919498899702258,0.000851839862695658,413
2015-10-31,pe,-0.003868960213059976,-1.3551298106916514,0.0044161042810632045,416
2015-11-30,pe,0.003644309474884906,1.2569757371120363,0.0038018866386662076,416
2015-12-31,pe,0.00584592635423116,1.4638356449803556,0.0051740962753948905,414
2016-01-31,pe,0.0073318181793663555,2.0999817552386593,0.01056497012985802,415
2016-02-29,pe,0.003618244872019778,1.3859305905065689,0.004629325849724419,415
2016-03-31,pe,-0.006670727409291686,-2.0771935450262364,0.01038906804987949,413
2016-04-30,pe,-0.008159786776187632,-2.9759826993301837,0.021043927310939847,414
2016-05-31,pe,-0.005537940581006921,-1.6851644650575412,0.0068620258769528375,413
2016-06-30,pe,-0.0011923471698020837,-0.3924805263053031,0.00037465511263856666,413
2016-07-31,pe,0.0048549767328552,1.6256236183227135,0.006373324439142625,414
2016-08-31,pe,-0.0037865478774380085,-1.5061449100727864,0.005462664855184873,415
2016-09-30,pe,0.0035779303599105545,1.2133354158051737,0.0035519460466336694,415
2016-10-31,pe,0.012076221652655218,2.7560988121086534,0.018017436618901428,416
2016-11-30,pe,0.003370312137208937,1.5303471523579295,0.005625093356412925,416
2016-12-31,pe,-0.010731839893952284,-4.090772544765537,0.03903213558757401,414
2017-01-31,pe,0.0026170445086065135,1.0407685757950806,0.002622230171515194,414
2017-02-28,pe,-0.008646932872361809,-3.9838803893175605,0.037093637378169064,414
2017-03-31,pe,0.0007231047074733173,0.3162211573114035,0.0002385965672357937,421
2017-04-30,pe,-0.007747436642415064,-2.483451295746379,0.014574677630424637,419
2017-05-31,pe,0.008077899535716448,3.180609082230355,0.023685058956084637,419
2017-06-30,pe,-0.005669797428058873,-2.322215282274868,0.01255886283224672,426
2017-07-31,pe,-0.004294302621413918,-1.6680138281018928,0.006488771398805215,428
2017-08-31,pe,0.0034186430939213753,1.2437315617369216,0.0036180084868390194,428
2017-09-30,pe,-0.004231051076757668,-1.5009803461903957,0.005188086899942546,434
2017-10-31,pe,0.007997218168059397,2.880123885411049,0.018839894741460528,434
2017-11-30,pe,0.004453695169179295,1.7503524882456045,0.007042034522424023,434
2017-12-31,pe,-0.00912760247806286,-2.7594220859069734,0.017600916816022827,427
2018-01-31,pe,-0.004240796917298533,-1.4011500535278907,0.004619744423290606,425
2018-02-28,pe,-0.003076401892777606,-1.2830620064899363,0.0038767518135751633,425
2018-03-31,pe,-0.00469757498312623,-1.5912550632923905,0.0059364646176210956,426
2018-04-30,pe,-0.008006537694484079,-2.065409070509824,0.009937697085116826,427
2018-05-31,pe,-0.006389867812351514,-2.404420677192319,0.013420358809286825,427
2018-06-30,pe,0.006310281671766266,2.272348267183199,0.012031698514643918,426
2018-07-31,pe,-0.00783054827857397,-2.1359345585340153,0.01057139912755023,429
2018-08-31,pe,-0.005387931261918417,-2.1962534614047566,0.011170139975751892,429
2018-09-30,pe,0.008234813278113417,2.1479316223120426,0.010591060851924405,433
2018-10-31,pe,0.007243785831994917,2.045132290042243,0.00961106075873508,433
2018-11-30,pe,-0.007425345149779108,-2.9430590011169744,0.019700597817189358,433
2018-12-31,pe,0.0012352351614713648,0.3730369985123805,0.00031833479146703425,439
2019-01-31,pe,-0.004294631385914858,-1.5165376928676269,0.005235345248607026,439
2019-02-28,pe,-0.010249563045264509,-4.097976000090983,0.03708845364502933,438
2019-03-31,pe,0.007910672348001,2.4566392332635814,0.013500229941815656,443
2019-04-30,pe,-0.007254234196418748,-1.9237752999656899,0.008303576030602056,444
2019-05-31,pe,0.0006467416698436607,0.22132220525188784,0.00011081015987801646,444
2019-06-30,pe,0.0004934664059762601,0.19374240765158526,8.415462261113227e-05,448
2019-07-31,pe,-0.005666551843305181,-1.5397854909410509,0.005287897028979804,448
2019-08-31,pe,0.009533743012257442,3.604291226921889,0.028241677863244496,449
2019-09-30,pe,0.006171438637839744,2.0394407232880623,0.009343437936240373,443
2019-10-31,pe,-0.009653883424425351,-3.1595199795311197,0.022086175974296074,444
2019-11-30,pe,0.00404735643089383,1.798891861852841,0.007268082194449077,444
2019-12-31,pe,-0.011102840059540806,-3.337923788538243,0.024806724346557507,440
2020-01-31,pe,-0.008066337610972071,-2.6350085115580146,0.015604842968476973,440
2020-02-29,pe,-0.010132529626565284,-1.55466942437794,0.005500463194395899,439
2020-03-31,pe,-0.006679754299800032,-1.3681273927997268,0.004354257902930647,430
2020-04-30,pe,-0.0010531995164516496,-0.3040994733657214,0.00021703384782367774,428
2020-05-31,pe,-0.007185664297300226,-2.1183182957706213,0.010423705158939978,428
2020-06-30,pe,-0.00853470572815737,-2.1296538927776902,0.010967441774335951,411
2020-07-31,pe,-0.011831663086876722,-2.984682804994787,0.02126558671123191,412
2020-08-31,pe,-0.0028186153466607583,-1.0353315946475357,0.0026076009594906413,412
2020-09-30,pe,0.011422070239885264,3.230165436950509,0.025298519376789286,404
2020-10-31,pe,-0.008858972997981274,-1.748613328429087,0.007548675066713972,404
2020-11-30,pe,-0.0009630449796496861,-0.3433825186056096,0.0002924989207980788,405
2020-12-31,pe,0.00018970945359407846,0.058764364640163214,8.505470886599475e-06,408
2021-01-31,pe,0.0029461546593838044,0.6561068952265756,0.0010565637158946872,409
2021-02-28,pe,0.01286570090272582,3.795401300962413,0.03418343068334573,409
2021-03-31,pe,-0.0008627364261482674,-0.30272486871778687,0.00021971753167870922,419
2021-04-30,pe,0.007298835616958278,2.6833589449307786,0.016894435035919253,421
2021-05-31,pe,-0.014237729537308858,-4.5466717701530905,0.04691065842353803,422
2021-06-30,pe,-0.009211559827179396,-3.082101835530915,0.02122763237080505,440
2021-07-31,pe,0.0034374184270334856,1.2791905596082305,0.0037051491968371764,442
2021-08-31,pe,0.00033886768389995443,0.1236874303068998,3.476829206894294e-05,442
2021-09-30,pe,-0.001393450681901517,-0.3894983120568709,0.0003392784418881911,449
2021-10-31,pe,0.0065252176359976415,1.8405772773103541,0.00750513256845764,450
2021-11-30,pe,0.01263003197125899,4.083102952108386,0.035955890016570846,449
2021-12-31,pe,0.026276338123551832,6.223343008948179,0.07844368044816341,457
2022-01-31,pe,0.005790453823247598,1.4960606566966668,0.004895036112051554,457
2022-02-28,pe,-0.0029518832427023,-0.810972820599542,0.001443357478804752,457
2022-03-31,pe,0.016502094032103728,4.645914766618149,0.04454233048897038,465
2022-04-30,pe,0.02407898229884425,6.766753234172902,0.0901731898506416,464
2022-05-31,pe,-0.006008057511865849,-1.740764136129045,0.00650228115890783,465
2022-06-30,pe,-0.000604397331969867,-0.15647383437049575,5.3223386343503876e-05,462
2022-07-31,pe,-0.004381550498197324,-1.4179765577482364,0.004351972158226136,462
2022-08-31,pe,0.0022308705839439624,0.774962535129083,0.001303877967097411,462
2022-09-30,pe,0.0061958859390941565,1.382541236725804,0.004220296035155169,453
2022-10-31,pe,0.006234088281370842,1.8041373579356406,0.007165385608686514,453
2022-11-30,pe,0.005595633545444532,2.223078054189617,0.010839262912510583,453
2022-12-31,pe,-0.00586137424757457,-1.4382150336591177,0.004647515286756443,445
2023-01-31,pe,-0.006720904039264618,-2.2933474937433282,0.01168091599635146,447
2023-02-28,pe,-0.018288798266579455,-5.016307072289029,0.05363449075863713,446
2023-03-31,pe,0.0029705966655376418,1.0706788321461493,0.0025466232338756667,451
2023-04-30,pe,-0.018232273935688825,-4.036048402996297,0.03523696759755057,448
2023-05-31,pe,0.007758113832950686,2.3769649648708,0.012481968216046413,449
2023-06-30,pe,0.0037002344495169867,1.2333051974956897,0.0033245284293031974,458
2023-07-31,pe,-0.0015783693069485478,-0.4523904847086018,0.0004505835583868967,456
2023-08-31,pe,0.008108032095155177,3.4557249992932126,0.025574984406396162,457
2023-09-30,pe,-0.0004704755695458527,-0.1489903179131176,4.846515064826917e-05,460
2023-10-31,pe,-0.013129092952244403,-3.4124642114455788,0.024742458056224437,461
2023-11-30,pe,0.003795891621341764,1.1270758140070474,0.0027598997606880227,461
2023-12-31,pe,0.003112063789338265,0.8770440149714561,0.0016585969786412358,465
2024-01-31,pe,-0.020127602762105568,-4.56031319515955,0.04289729465175718,466
2024-02-29,pe,0.007364258950269192,2.59199946701521,0.014272780420278242,466
2024-03-31,pe,0.006383630034146397,2.167392626662971,0.010001309119194834,467
2024-04-30,pe,0.002860435962772101,0.7823712096985558,0.0013118063238969357,468
2024-05-31,pe,-0.01691318004835614,-5.760875977490617,0.0664833940380184,468
2024-06-30,pe,0.01840577380628059,4.912414310848625,0.049135107227387564,469
2024-07-31,pe,-0.006576727450878346,-2.08185313119988,0.009175946317565242,470
2024-08-31,pe,-0.005284389751783999,-1.7793761465980718,0.006705646462499604,471
2024-09-30,pe,-0.01179902994862303,-3.1524594566489537,0.02079349332508096,470
2024-10-31,pe,-0.003909081255041574,-0.8487247338467493,0.0015368090993561623,470
2024-11-30,pe,-0.003692948911618511,-1.2496638794357096,0.0033257822033276874,470
2024-12-31,pe,-0.0010903464835692075,-0.32970622716604703,0.00022928538289046507,476
2025-01-31,pe,0.006484052521744057,1.595343373607392,0.005363284479966812,474
2025-02-28,pe,0.006960022536838807,2.04318107041137,0.008766929155647252,474
2025-03-31,pe,-0.01821615312514197,-5.214200863524295,0.055015291066081606,469
2025-04-30,pe,-0.00548233722889161,-1.3210755241702172,0.0037232176236049463,469
2025-05-31,pe,-0.002619102232923676,-0.7704874051992253,0.0012695870452948954,469
2025-06-30,pe,-0.006084513121957225,-1.4334378726813004,0.004362007092425957,471
2025-07-31,pe,0.009608332999691754,2.8658818963860675,0.017210918900845695,471
2025-08-31,pe,-0.010474606825902231,-2.456018614824043,0.012671473952807655,472
2025-09-30,pe,-0.011603820842346147,-2.7249595338438404,0.01565136350470364,469
2025-10-31,pe,0.009883674003684527,2.566140323451256,0.013934160200645085,468
2025-11-30,pe,-0.0012707480542465633,-0.4220655801800424,0.00038212721475860967,468
2025-12-31,pe,0.012099511849022176,2.669123733861949,0.015089718303225474,467
2026-01-31,pe,0.003042178277094073,0.5705901219587058,0.0006981669161342241,468
2026-02-28,pe,0.0033876055502961378,0.9461891513554467,0.0019175047599967465,468
2026-03-31,pe,-0.019693410779373755,-3.4443435245343927,0.024722660210182545,470
2026-04-30,pe,-0.018194308551438495,-2.828210688589002,0.016733883235058866,472
2007-06-30,momentum,0.0026487039678901865,0.7271569037008389,0.0013574277967339787,391
2007-07-31,momentum,-0.0027753848160687283,-0.7861356357185053,0.0015861926889767508,391
2007-08-31,momentum,0.023183243614381514,6.567590637345397,0.09981469165165024,391
2007-09-30,momentum,0.018012867752088886,4.030600756370893,0.040088619707018935,391
2007-10-31,momentum,0.007777179346210632,1.992603695798788,0.010078089085371666,392
2007-11-30,momentum,0.022583568742616206,6.120682434856803,0.0874352628439864,393
2007-12-31,momentum,-0.044926835186261206,-9.749981351073767,0.19557609868743375,393
2008-01-31,momentum,0.013020281446311247,2.937233167488734,0.02158845966016354,393
2008-02-29,momentum,0.0010106836876552202,0.24158963197664857,0.00014925022815059918,393
2008-03-31,momentum,0.0068211672960605705,1.507723137483422,0.005780279183356329,393
2008-04-30,momentum,0.005371022926770561,1.3419522287056573,0.004549853414433924,396
2008-05-31,momentum,0.03531339765804597,8.555583139738776,0.15567484850126856,399
2008-06-30,momentum,-0.02519210048110662,-4.2451969736039254,0.04342350643351567,399
2008-07-31,momentum,-0.02898775280652867,-8.041655579660574,0.14037917318353355,398
2008-08-31,momentum,-0.008879867052983551,-1.4876389363683769,0.005529728469846118,400
2008-09-30,momentum,0.021355400969149948,2.926427518021792,0.021064281346270697,400
2008-10-31,momentum,0.02690794869312935,4.178632348945978,0.042539899420034555,395
2008-11-30,momentum,-0.04864629309546796,-7.040015779255568,0.11405010666705928,387
2008-12-31,momentum,0.010492241312477868,1.49239176568902,0.005707528826559005,390
2009-01-31,momentum,0.023096434077544265,3.4865482148681823,0.030684926868007834,386
2009-02-28,momentum,-0.030501658287763987,-5.464884879938121,0.07376525311795012,377
2009-03-31,momentum,-0.11165174314143404,-14.745603684100747,0.36394523001579726,382
2009-04-30,momentum,-0.04316601602259951,-8.517358698274826,0.15549483355797533,396
2009-05-31,momentum,0.010646881423129343,2.60642513102515,0.016824076593127013,399
2009-06-30,momentum,-0.021230633980461513,-4.513075771517998,0.04880072285632675,399
2009-07-31,momentum,-0.0455461049498716,-6.415333863092362,0.09287127183867094,404
2009-08-31,momentum,-0.021775686548427427,-5.362336400623316,0.06644562123655184,406
2009-09-30,momentum,-0.00042347788775469366,-0.11016398007422407,3.0113491427563588e-05,405
2009-10-31,momentum,0.010344880677457194,3.0977850968663283,0.02337155290716486,403
2009-11-30,momentum,0.009624836124462754,2.4164211729380827,0.014282125680962765,405
2009-12-31,momentum,-0.018859122186021163,-4.924862502828993,0.05676776649566584,405
2010-01-31,momentum,0.012048667971280593,4.026287691277134,0.03857822108286757,406
2010-02-28,momentum,0.023901090443678975,7.702061825877493,0.12803576683826656,406
2010-03-31,momentum,0.010243383686299672,2.5444104926287054,0.01573373862142058,407
2010-04-30,momentum,-0.00042736761159273533,-0.1388418413291644,4.77132107260525e-05,406
2010-05-31,momentum,-0.008616907585011985,-2.862950540887295,0.01988489975519192,406
2010-06-30,momentum,0.006092667291314422,1.735900359375184,0.007403565650246691,406
2010-07-31,momentum,-0.0004650193581002718,-0.12852531800959105,4.0886341529655645e-05,406
2010-08-31,momentum,0.0024025439601696123,0.685701815529195,0.0011596092509839062,407
2010-09-30,momentum,0.011195657346061537,3.578329516463216,0.030646974606500343,407
2010-10-31,momentum,0.015810459555390982,5.3646164236179645,0.06619248430331415,408
2010-11-30,momentum,-0.018528391536266044,-5.526137678868691,0.06963634595515122,410
2010-12-31,momentum,-0.008148987285292985,-2.353385340254292,0.013392764148593472,410
2011-01-31,momentum,0.009819101933414428,3.3306517432629965,0.026406616320635456,411
2011-02-28,momentum,0.0047920500945084895,1.6911683107386764,0.006927408581863359,412
2011-03-31,momentum,-0.0032240568290851914,-1.1770736146724903,0.003367892856289245,412
2011-04-30,momentum,-0.0021073421699759182,-0.7794859919538607,0.0014761593663408235,413
2011-05-31,momentum,0.009894396087855598,4.112098909404837,0.03942408144607845,414
2011-06-30,momentum,0.0035434350868653224,1.1806491467829052,0.0033556879363147996,416
2011-07-31,momentum,0.0005871699578088126,0.15263004148107126,5.6131619094457186e-05,417
2011-08-31,momentum,0.0035225689601267474,0.9304119637403684,0.0020866186149760546,416
2011-09-30,momentum,-0.02410646547025658,-5.126716979543013,0.05983207501121479,415
2011-10-31,momentum,0.010228326661550727,3.259787683091433,0.024966074329770493,417
2011-11-30,momentum,0.0011690576044959971,0.3865355759901307,0.00035816843560942946,419
2011-12-31,momentum,-0.03550132925282853,-8.240997946092412,0.13947851277933343,421
2012-01-31,momentum,0.0005382177959353413,0.17673267029781636,7.453963853654155e-05,421
2012-02-29,momentum,0.008476900617572706,3.5335001118890554,0.028869452244298932,422
2012-03-31,momentum,0.02149803635702198,7.29291542100375,0.11169279779141161,425
2012-04-30,momentum,0.0149613628775901,4.27210330522792,0.04136165621402277,425
2012-05-31,momentum,-0.008389600526194033,-2.6545850038401517,0.016348157996836976,426
2012-06-30,momentum,0.0062952724604568265,1.7912693298809563,0.007493183156277561,427
2012-07-31,momentum,-0.01535153642191493,-5.233236860707153,0.060672509651016227,426
2012-08-31,momentum,0.0009043277016790852,0.3432182723725949,0.00027775015061537456,426
2012-09-30,momentum,0.00012201756336658788,0.03321639716420105,2.5960615913644958e-06,427
2012-10-31,momentum,-0.005173028664070777,-1.8181895851619048,0.007700369444475164,428
2012-11-30,momentum,-0.0021720982428708006,-0.8849613007626835,0.0018307324445595574,429
2012-12-31,momentum,0.0028837613509224485,0.8797338926108053,0.0018092073041784396,429
2013-01-31,momentum,-0.000765304301476485,-0.30536355335627047,0.0002183291363074824,429
2013-02-28,momentum,0.0029782926032049456,1.142142123289315,0.0030386093421835847,430
2013-03-31,momentum,-0.0008125622117230892,-0.2220562214094181,0.00011519459191688952,430
2013-04-30,momentum,0.009386549981081616,1.7386777550672459,0.006997313415292417,431
2013-05-31,momentum,-0.004352951229875184,-1.7076309707179602,0.006735725887616839,432
2013-06-30,momentum,0.007807630814039395,2.6237117192698216,0.015720751013179712,433
2013-07-31,momentum,0.004635422701163203,1.655438910782924,0.006303710204353052,434
2013-08-31,momentum,0.01886654803273613,7.694923927449051,0.12054239680295953,434
2013-09-30,momentum,0.006392434286794948,2.3085686564217207,0.0121864392237927,434
2013-10-31,momentum,0.00899616293305645,3.2886181721142296,0.024313499435541397,436
2013-11-30,momentum,0.004330342721285389,1.7856343562737846,0.007293170169940244,436
2013-12-31,momentum,0.004732841120137143,1.4226042320296586,0.0046414961476595185,436
2014-01-31,momentum,0.008335085339356885,3.040322746565772,0.020760687371629838,438
2014-02-28,momentum,-0.014806775042070532,-6.207090698972911,0.0810214687152947,439
2014-03-31,momentum,-0.016002720521253892,-6.51368364427244,0.08849726760682097,439
2014-04-30,momentum,0.00821401041393429,3.392896771100228,0.025666548396689692,439
2014-05-31,momentum,0.007808240101029616,3.2343160564420805,0.023326008303793833,440
2014-06-30,momentum,-0.002696176789216903,-1.0522762041410745,0.0025045622337485085,443
2014-07-31,momentum,0.002926418833122504,1.3402856109551757,0.004056865997145831,443
2014-08-31,momentum,0.002060801816450647,0.8544793233611804,0.0016528981301984214,443
2014-09-30,momentum,-0.009339649342291596,-3.000082490912675,0.02000107789489247,443
2014-10-31,momentum,0.00687257904245563,2.624353876293417,0.015342902977826811,444
2014-11-30,momentum,-0.0017845157506516651,-0.7693202365163484,0.0013342301520534727,445
2014-12-31,momentum,0.017217590722000596,4.980418361044464,0.0529102504420117,446
2015-01-31,momentum,-0.02051423536716993,-6.290881512303758,0.08183875228447224,446
2015-02-28,momentum,0.010075097818595613,4.431124809160931,0.04234984999782665,446
2015-03-31,momentum,-0.0266445536208875,-7.997936778426251,0.12568004139305045,447
2015-04-30,momentum,0.022325380470528344,9.622177331681716,0.17222592388886449,447
2015-05-31,momentum,0.008603540749164315,3.5918091634612623,0.02811301446355141,448
2015-06-30,momentum,0.014749293671823985,4.491743887354235,0.04318666493647705,449
2015-07-31,momentum,0.004955638773518093,2.07351340645619,0.009505777139822036,450
2015-08-31,momentum,0.01489049394341908,5.159984296884017,0.0560977895736513,450
2015-09-30,momentum,-0.0150428016408032,-4.115310163748182,0.036347880014398926,451
2015-10-31,momentum,0.009685770374195195,3.381862251245073,0.02478559906895772,452
2015-11-30,momentum,0.010643457111171923,3.74979373205404,0.030299797776679904,452
2015-12-31,momentum,0.004450541816959065,1.1167360517768805,0.002763672965367725,452
2016-01-31,momentum,-0.01891605359589551,-5.526485539283147,0.0636900202994437,451
2016-02-29,momentum,-0.015169303961656146,-5.526975222771448,0.06356803014582235,452
2016-03-31,momentum,-0.021874426414567848,-6.841753339529587,0.09422038104356045,452
2016-04-30,momentum,0.0036798127099220723,1.3195268176825692,0.0038457980209019027,453
2016-05-31,momentum,0.02155077984798437,7.23710599193478,0.10404892968003987,453
2016-06-30,momentum,-0.01908653281487151,-6.579579205436562,0.08740492869240368,454
2016-07-31,momentum,-0.020710754725001786,-7.21517392232503,0.10287093405716252,456
2016-08-31,momentum,0.0015206526072397033,0.5932075901960496,0.000772798463651525,457
2016-09-30,momentum,-0.00713999112403492,-2.50839815394959,0.013640081472511723,457
2016-10-31,momentum,-0.010174177455479199,-2.3614293284287817,0.012081096641128886,458
2016-11-30,momentum,-0.0036415024102141075,-1.5699433570879833,0.005364333812095445,459
2016-12-31,momentum,-0.005541843231307306,-1.891733365574801,0.007753077588582791,460
2017-01-31,momentum,-0.004038461229813233,-1.5047104771953415,0.0049085835142654854,461
2017-02-28,momentum,0.004672510384963538,1.9858355192836836,0.008518409580932307,461
2017-03-31,momentum,0.0008584862050192482,0.37929318399571527,0.0003133295050175011,461
2017-04-30,momentum,0.013414302486800629,4.424563155257456,0.04090620520534549,461
2017-05-31,momentum,-0.010627575223331404,-4.271988047154605,0.03823967813953377,461
2017-06-30,momentum,0.004968385024393539,1.9094496911571737,0.007880751455436874,461
2017-07-31,momentum,0.008078067786094417,3.1778105292556056,0.021481626073342586,462
2017-08-31,momentum,-0.0010540608534020778,-0.3715041107784688,0.0002999432773100885,462
2017-09-30,momentum,0.02132527684443236,8.035791414738691,0.12286367016477451,463
2017-10-31,momentum,-0.012454285850735481,-4.371097980190881,0.039713655187844754,464
2017-11-30,momentum,-0.013494806864340514,-5.574419368842839,0.06302125393882352,464
2017-12-31,momentum,0.016195056247372136,5.05372514270125,0.05238571316872076,464
2018-01-31,momentum,0.013381119437514709,4.725584743307562,0.046107195691237,464
2018-02-28,momentum,-0.0041225827836787925,-1.6122188817792138,0.005582590015583255,465
2018-03-31,momentum,-0.002985414679404164,-1.0248699122683278,0.0022634576575628618,465
2018-04-30,momentum,0.021290502892266656,5.952498670802325,0.0709450403035411,466
2018-05-31,momentum,-0.01096759607155457,-3.9016990074032494,0.03170037056992325,467
2018-06-30,momentum,-0.009747572263857748,-3.5812310059258343,0.026840809361444617,467
2018-07-31,momentum,0.029286084660237043,7.985258990628035,0.12036362923564736,468
2018-08-31,momentum,0.005162501895087119,2.159654101969503,0.009909627231564744,468
2018-09-30,momentum,-0.023688968335892416,-6.505519423517598,0.08325785828517607,468
2018-10-31,momentum,-0.0121392950575206,-3.567455711114434,0.026529144996400356,469
2018-11-30,momentum,0.004556612612321349,1.7696656193487408,0.00666135956165026,469
2018-12-31,momentum,-0.012783265703787683,-3.7502231301268556,0.02923554548380025,469
2019-01-31,momentum,0.0081526084705252,2.8024161737965962,0.016538860530579735,469
2019-02-28,momentum,0.010853308390160722,4.262186618564002,0.03744332039104714,469
2019-03-31,momentum,-0.014279345951126971,-4.555581190452944,0.042548803119454526,469
2019-04-30,momentum,0.02158577275772517,6.075760337161531,0.07325615165513544,469
2019-05-31,momentum,-0.01871685101630195,-6.629611407135574,0.08601936999422122,469
2019-06-30,momentum,0.002128179144294323,0.807694349936859,0.0013920129384877855,470
2019-07-31,momentum,0.03429498461250704,9.73407757356847,0.16807429767962534,471
2019-08-31,momentum,-0.03125477015404382,-8.931475061527472,0.14536338637188007,471
2019-09-30,momentum,-0.009247897030381137,-2.9021910688389605,0.01764204502781541,471
2019-10-31,momentum,-0.007300918768347355,-2.277585178105662,0.010916523262963662,472
2019-11-30,momentum,-0.012040321666584254,-4.787756370622729,0.04650346839423425,472
2019-12-31,momentum,0.01149884678092942,3.1207347488631014,0.020216311464237857,474
2020-01-31,momentum,0.009408361791416008,3.082144456176141,0.019729225452471688,474
2020-02-29,momentum,0.04197402952227271,6.430424193340683,0.08054996919526569,474
2020-03-31,momentum,-0.041702819745988426,-7.347584964975675,0.10244466054002399,475
2020-04-30,momentum,0.013830932455797978,3.8993549150083116,0.031017573713853164,477
2020-05-31,momentum,0.0007515195895209031,0.20945463971620876,9.196480395856632e-05,479
2020-06-30,momentum,0.027305600391270512,7.544800004682635,0.10621656495210008,481
2020-07-31,momentum,0.0018717152947017696,0.4652027724265403,0.0004515989296753897,481
2020-08-31,momentum,0.005217663484990708,1.867952024532577,0.007231756570341585,481
2020-09-30,momentum,-0.009348805340714143,-2.7091840942629837,0.015060703614062532,482
2020-10-31,momentum,-0.028994672718749934,-4.946288173530678,0.048498368592713614,482
2020-11-30,momentum,-0.005878704929357215,-2.023327543105931,0.008456736870200321,482
2020-12-31,momentum,0.010668415687225322,3.1196466873928794,0.019872484481311625,482
2021-01-31,momentum,-0.022508694492625516,-4.688665257033213,0.04379342808310738,482
2021-02-28,momentum,-0.027437877155261282,-8.958198353680423,0.14323858182825777,482
2021-03-31,momentum,0.0020695319888131055,0.7828318927755737,0.0012698083010243,484
2021-04-30,momentum,0.004049570695701674,1.5633785834357479,0.005045272157899627,484
2021-05-31,momentum,-0.003613282720066651,-1.169441480649149,0.0028293029888686316,484
2021-06-30,momentum,-0.0029141736177374076,-0.9285698457208447,0.0017856893404734064,484
2021-07-31,momentum,0.00888232874010143,3.4202428956720516,0.023694768885000217,484
2021-08-31,momentum,0.003206387002788933,1.1335823978115356,0.002658905259956601,484
2021-09-30,momentum,0.013422181322713977,4.0361075381271085,0.03262664725233977,485
2021-10-31,momentum,-0.0037252931837783625,-1.068628484734814,0.0023587437499871244,485
2021-11-30,momentum,-0.01657087753006948,-5.659742601794377,0.06207491728303283,486
2021-12-31,momentum,-0.016387920694966387,-3.925615990331739,0.03073422296730355,488
2022-01-31,momentum,0.017247096593625257,4.694060385819825,0.04337149502867599,488
2022-02-28,momentum,0.014598887138825132,4.01343536892939,0.032016334932722934,489
2022-03-31,momentum,0.004765180786946004,1.2934710921286052,0.0034236948535907308,489
2022-04-30,momentum,0.016466618082169895,4.222957177031177,0.0351858588422681,491
2022-05-31,momentum,0.000985327565102594,0.2770798025728447,0.0001569757984801745,491
2022-06-30,momentum,-0.02825022642048602,-7.96050298486834,0.11472319780172158,491
2022-07-31,momentum,0.01864535443890391,6.161633010347526,0.07190944377378183,492
2022-08-31,momentum,0.0093459552703517,3.259614657993578,0.02122364216109507,492
2022-09-30,momentum,0.017668649080939236,3.9245362758188023,0.030474721979615094,492
2022-10-31,momentum,-0.007709365636967104,-2.0412407036753746,0.008431697071388689,492
2022-11-30,momentum,0.011999760841646676,4.586559001639618,0.041164422715725846,492
2022-12-31,momentum,-0.05127433157952448,-13.78334786453025,0.2798027755591277,491
2023-01-31,momentum,0.0015433000367211702,0.5418525845689832,0.0005988334762579983,492
2023-02-28,momentum,6.958856028519028e-05,0.0191673797916755,7.482447516027335e-07,493
2023-03-31,momentum,0.006239585285697428,2.2257981449912942,0.009989183695147119,493
2023-04-30,momentum,-0.0005482798398123473,-0.10206716591881057,2.1216874394491825e-05,493
2023-05-31,momentum,-0.0025025268870294813,-0.6335113061760058,0.0008167185255336662,493
2023-06-30,momentum,-0.00404188301582561,-1.1844156008431497,0.0028489687724422286,493
2023-07-31,momentum,0.006474386987589249,1.8573680940725583,0.006977080633044697,493
2023-08-31,momentum,0.0007725379725529101,0.3259387097453611,0.00021631988094150678,493
2023-09-30,momentum,0.0005315009938754413,0.16537992933748838,5.5700606083508575e-05,493
2023-10-31,momentum,0.008850892277780367,2.1538315614372388,0.009359615536594146,493
2023-11-30,momentum,-0.00047760151939262675,-0.1295524120007193,3.418177953973256e-05,493
2023-12-31,momentum,0.02120218432749157,6.276542677612061,0.07427481193521879,493
2024-01-31,momentum,0.04848550846776522,12.327294829373505,0.23597999747038612,494
2024-02-29,momentum,0.004523994471119434,1.5734485781157486,0.0050067985657529235,494
2024-03-31,momentum,-0.002594752375901466,-0.8826469318487657,0.0015809632768051252,494
2024-04-30,momentum,0.01122968464794301,3.1413523562847927,0.019662725588649343,494
2024-05-31,momentum,0.005224357710110491,1.7504081276644674,0.006176479354098818,495
2024-06-30,momentum,-0.02117091949398416,-5.769776301456276,0.06325466647262945,495
2024-07-31,momentum,0.007424289272686321,2.313006854019316,0.010735428311735018,495
2024-08-31,momentum,0.009492126097280139,3.2261011997251314,0.020674551367255045,495
2024-09-30,momentum,0.019620728860333753,5.563384194377149,0.05896022548005031,496
2024-10-31,momentum,0.03892442767497098,9.324887433586753,0.149673806612872,496
2024-11-30,momentum,-0.005362822882716549,-1.83916178777618,0.006800633259615774,496
2024-12-31,momentum,0.019203649961507654,6.1669897868300785,0.0714840084250008,496
2025-01-31,momentum,-0.01752633044691772,-4.40714242196609,0.0378302256556593,496
2025-02-28,momentum,-0.011943555911776552,-3.6119298246691236,0.02572949220552434,496
2025-03-31,momentum,0.016870835584726598,4.874763919987135,0.04571950772872779,498
2025-04-30,momentum,0.012599546183608212,3.1230488776758465,0.019284959094739818,498
2025-05-31,momentum,0.0016780191965856844,0.47586367852405065,0.00045633650172027806,498
2025-06-30,momentum,0.010086586099644818,2.434425973407747,0.01180736751026934,498
2025-07-31,momentum,-0.01370689204064315,-3.663858268181391,0.02629943176530669,499
2025-08-31,momentum,0.034579193316521616,8.773750290786554,0.13411420135908036,499
2025-09-30,momentum,0.013685834392624208,3.2996161330364067,0.02143676964059571,499
2025-10-31,momentum,-0.003209498090664183,-0.8523888890177183,0.001459771019991507,499
2025-11-30,momentum,0.005442882816782083,1.7459393712719675,0.006096019648535456,499
2025-12-31,momentum,0.023264489122182864,5.343950192759194,0.05433808320163347,499
2026-01-31,momentum,0.0271873227613966,5.487347979432432,0.05712456871815297,499
2026-02-28,momentum,0.002988662028315464,0.7966375081963996,0.0012727381525547976,500
2026-03-31,momentum,0.06498522714055507,11.864121384424921,0.2203612536834746,500
2026-04-30,momentum,0.03464737352174715,5.594697256853024,0.05913583922709431,500
2010-05-31,trend,0.008718790538544546,2.8061891795514584,0.020043789425237324,387
2010-06-30,trend,0.021015808371212343,6.071361104951358,0.08717140753285224,388
2010-07-31,trend,-0.0036646324170991566,-0.9917855312019841,0.002541809115271354,388
2010-08-31,trend,-0.004501122487526133,-1.290694159690095,0.004297234940588424,388
2010-09-30,trend,0.002233998564025024,0.6823724093605145,0.0012048473819527006,388
2010-10-31,trend,0.00023736527887733818,0.07750442919514806,1.552155893491669e-05,389
2010-11-30,trend,0.00809541235902152,2.3012241545545775,0.01346476332414126,390
2010-12-31,trend,-0.0021885884803191013,-0.6176044634700641,0.0009821151029780761,390
2011-01-31,trend,-0.006780995383318764,-2.297280423043924,0.013419271068820127,390
2011-02-28,trend,0.005631414660117197,1.9867357976377118,0.01007053997075047,390
2011-03-31,trend,-0.00019822070103120556,-0.07046556369338712,1.2731621664041626e-05,392
2011-04-30,trend,-0.0038269517952963313,-1.4019885230206084,0.004976564943700801,395
2011-05-31,trend,0.00848774620822205,3.669893285700192,0.032972259466169884,397
2011-06-30,trend,-0.00616234786448792,-2.0417603181071784,0.010391599123431794,399
2011-07-31,trend,-0.02413849157580038,-6.58966154331603,0.09837180294353998,400
2011-08-31,trend,0.025433711139272078,6.868229367023982,0.10644290133832723,398
2011-09-30,trend,0.0032191422144899214,0.6627509457342037,0.0011107618388773721,397
2011-10-31,trend,0.0029223062434133623,0.9134803026091223,0.002092212122280057,400
2011-11-30,trend,0.016567634151819513,5.568349466159365,0.07193978430084769,402
2011-12-31,trend,0.0385440940321994,9.035964284348253,0.1691678832113387,403
2012-01-31,trend,0.004116982028469268,1.347003142502881,0.004504350855481065,403
2012-02-29,trend,-0.006132025239296611,-2.447100236611024,0.014713689740903368,403
2012-03-31,trend,-0.009946326614410285,-3.139355467422606,0.023871672998386773,405
2012-04-30,trend,0.004199944158052224,1.1205522291797336,0.003090756614898882,407
2012-05-31,trend,0.01155760460856646,3.673512036282075,0.032168918893375587,408
2012-06-30,trend,-0.0011651875080724054,-0.32610098450380504,0.0002618571569438233,408
2012-07-31,trend,-0.007921944927501765,-2.5884290646053727,0.016273902335958823,407
2012-08-31,trend,-0.004195170636149206,-1.5914178513802177,0.006214498449237271,407
2012-09-30,trend,-0.0029176654714196427,-0.8193309237055824,0.0016507266613597915,408
2012-10-31,trend,0.004238935193726118,1.477817694354068,0.005350394506596801,408
2012-11-30,trend,-0.0038976926523435597,-1.5844086160427204,0.0061451335529655315,408
2012-12-31,trend,0.0069523287611161135,2.0940956189602327,0.010685658429531397,408
2013-01-31,trend,-0.003875156983304756,-1.5423156704130763,0.00582483221585639,408
2013-02-28,trend,-0.00043301140053840856,-0.16244374836266534,6.499077932820008e-05,408
2013-03-31,trend,0.0014970939123111404,0.4234321672351578,0.0004414178727097928,408
2013-04-30,trend,-0.0014769323218429182,-0.27910461725851843,0.0001918336050609204,408
2013-05-31,trend,7.790803522797094e-05,0.030736698960351302,2.3269518836244174e-06,408
2013-06-30,trend,0.0035918134097924336,1.2528307436815718,0.0038510844051463655,408
2013-07-31,trend,0.004300597329722894,1.5607817811482456,0.0059497443599310085,409
2013-08-31,trend,-0.0011070603673325953,-0.41922732014900566,0.00043163559050862776,409
2013-09-30,trend,-0.0012473630191603506,-0.448921453828004,0.0004937033711612804,410
2013-10-31,trend,-0.006883624115142776,-2.5295051248532534,0.015440204971090887,410
2013-11-30,trend,-0.008333777664218662,-3.4035122357850778,0.027477082644072226,412
2013-12-31,trend,0.004579974797474752,1.3703503276463094,0.004548221646923034,413
2014-01-31,trend,0.00047775358366526047,0.18097572548211013,7.948934408241737e-05,414
2014-02-28,trend,0.006938876087550264,2.8825193720139537,0.019768597751758432,414
2014-03-31,trend,-0.009810272189528658,-3.838538374734894,0.034528216271038525,414
2014-04-30,trend,0.004756554824983458,1.9761918937230345,0.00936743687012176,415
2014-05-31,trend,-0.0030697367330505586,-1.300102632151409,0.004075974261343207,415
2014-06-30,trend,-0.0013204430992657076,-0.5005640841156801,0.0006034053262928829,417
2014-07-31,trend,-0.005191657894582003,-2.3134384899676617,0.012671889032566552,419
2014-08-31,trend,0.00024349016226186707,0.10143564000846797,2.467370549485981e-05,419
2014-09-30,trend,-0.002813736359649392,-0.8740261904236631,0.001828596826381812,419
2014-10-31,trend,0.0017235457117452948,0.6670274082929419,0.0010658305710955496,419
2014-11-30,trend,-0.0005515630696959581,-0.2338159406961952,0.00013046005223482648,421
2014-12-31,trend,-0.0020346003810015273,-0.5535056064396962,0.0007289169980586596,422
2015-01-31,trend,0.015145029561039655,4.468802936293895,0.04538989162856499,422
2015-02-28,trend,0.0017097149477329206,0.7265886852216413,0.0012524226237927705,423
2015-03-31,trend,0.009560190115443292,2.612797480569596,0.01584560684221148,426
2015-04-30,trend,0.004406970623356447,1.723899891893024,0.006960250355254827,426
2015-05-31,trend,0.003912921789255163,1.5650611408487614,0.005743744229780412,426
2015-06-30,trend,-0.011345311242488559,-3.324979150304469,0.025353393538286473,427
2015-07-31,trend,-0.0010828248030567702,-0.43768393624805846,0.00045054333814364966,427
2015-08-31,trend,0.019741622774700172,6.806454018183908,0.0982921327775017,427
2015-09-30,trend,0.0063928502500691054,1.6930513425568539,0.006699340484467853,427
2015-10-31,trend,-0.008016263722185956,-2.766902328852515,0.017653976740620192,428
2015-11-30,trend,-0.00015281174194245543,-0.050866139213467956,6.059364029864511e-06,429
2015-12-31,trend,-0.004118427205909369,-1.021483753770436,0.002437671012753162,429
2016-01-31,trend,-0.0028345416507808852,-0.7897895969490089,0.0014586832040204278,429
2016-02-29,trend,-0.005173775026105036,-1.8346086205459602,0.007802632656656039,430
2016-03-31,trend,0.008919247262329023,2.612418199202616,0.01569535584053261,430
2016-04-30,trend,0.006505647391517238,2.3265532884710383,0.012460152137655278,431
2016-05-31,trend,-0.009563244875992161,-2.9799828611278105,0.020233986114358893,432
2016-06-30,trend,0.0042953745365558555,1.4021402625119121,0.004530302668682373,434
2016-07-31,trend,-0.006866279194656208,-2.2261672380483173,0.011315800222245542,435
2016-08-31,trend,-0.006214247164512189,-2.3839064405652546,0.012954707132238785,435
2016-09-30,trend,-0.0026499133484810143,-0.908514458873263,0.0019026053449009428,435
2016-10-31,trend,-0.011782567879936721,-2.6836763867667934,0.016286939026907143,437
2016-11-30,trend,-0.01042953864071591,-4.486625980697152,0.04422872800105537,437
2016-12-31,trend,0.0025044955376297817,0.8170691884144077,0.0015288564013193895,438
2017-01-31,trend,0.0003066276496811659,0.1137703411592849,2.9550931573862904e-05,440
2017-02-28,trend,0.0012012046972771336,0.5068876380153045,0.0005862658568703827,440
2017-03-31,trend,0.003045832694019099,1.3657236687544978,0.004240392589740738,440
2017-04-30,trend,-0.008104036897419776,-2.6863195687989174,0.016172229966255447,441
2017-05-31,trend,0.011609507508639337,4.567588050930892,0.04536757018309712,441
2017-06-30,trend,0.0008769799295350383,0.3266223350151146,0.00024130408799061254,444
2017-07-31,trend,0.005129357356440299,1.9720151639132912,0.008721554397960518,444
2017-08-31,trend,-0.0023721131719502122,-0.8170026640951445,0.0015078887950014108,444
2017-09-30,trend,-0.007188502504716912,-2.548152597144474,0.01447755143585605,444
2017-10-31,trend,0.0037022832431696717,1.279184782061972,0.003680117111933723,445
2017-11-30,trend,-0.008727050158692616,-3.4923438114688587,0.026676639526441392,447
2017-12-31,trend,0.004352231671742379,1.325646321727983,0.003933540694615045,447
2018-01-31,trend,-0.012892011691756296,-4.713113981769496,0.04754452963351097,447
2018-02-28,trend,0.008975895837990647,3.524113810697364,0.027150966364732576,447
2018-03-31,trend,-0.0029343879125322894,-0.9986247177482961,0.002231001027271473,448
2018-04-30,trend,-0.0051012213612383695,-1.4677287192024626,0.0047961868347878855,449
2018-05-31,trend,-0.014028149568947863,-5.228868419955856,0.057518836408343654,450
2018-06-30,trend,0.006314786716399233,2.2917584282010375,0.011587714731571053,450
2018-07-31,trend,0.020161924238452162,6.013563765786933,0.07453773876882142,451
2018-08-31,trend,-0.0077464952505607605,-3.2189530208287933,0.0225566465059428,451
2018-09-30,trend,0.011491045636755872,3.042863958542415,0.020160782141242395,452
2018-10-31,trend,-0.004077668965274794,-1.1806769701658841,0.003081380641013043,453
2018-11-30,trend,0.00195470535161156,0.7525491329910561,0.0012541462011080862,453
2018-12-31,trend,-0.006248486035240408,-1.778306981657786,0.006963094897485367,453
2019-01-31,trend,0.001782431814666966,0.6398326631682125,0.000906905903380828,453
2019-02-28,trend,-0.0011531181777061782,-0.4470785383814303,0.0004429948426113439,453
2019-03-31,trend,0.0016019984785558404,0.497193075160057,0.0005466058241280214,454
2019-04-30,trend,-0.017483344517583654,-4.829483633202994,0.04906951147738359,454
2019-05-31,trend,-0.0032436175648508656,-1.095274704698772,0.0026470160347314975,454
2019-06-30,trend,-0.0037424701691431933,-1.4019762439014913,0.0043201896120449446,455
2019-07-31,trend,-0.011765959078623368,-3.0900925401636945,0.020554728673708667,457
2019-08-31,trend,-0.013021204492347158,-3.4555619485598505,0.025572632780781035,457
2019-09-30,trend,0.008795058314943727,2.727334685957488,0.016085072565926617,457
2019-10-31,trend,-0.006359850076528526,-1.9706876785756953,0.008444766985957308,458
2019-11-30,trend,0.0026050245886570403,1.0036602034265367,0.002199383567891511,459
2019-12-31,trend,-0.016417590471338336,-4.440728788976819,0.041193326378731965,461
2020-01-31,trend,0.00028378031316911024,0.09409817285145315,1.9290403764249398e-05,461
2020-02-29,trend,-0.07675929269417628,-12.993680497337165,0.2689170495217392,461
2020-03-31,trend,0.05604634394193667,10.290689652994738,0.18813042205076236,459
2020-04-30,trend,0.004697172689808186,1.3006712564484264,0.003672185866314903,461
2020-05-31,trend,0.00028871616586692594,0.08094650750352024,1.4275040396749539e-05,461
2020-06-30,trend,-0.010434945313997279,-2.690218418941719,0.015489507208986564,462
2020-07-31,trend,-0.0008166702661839566,-0.20173802249756104,8.846658540839769e-05,462
2020-08-31,trend,0.001687598819668844,0.5923891888208184,0.000762298785582205,462
2020-09-30,trend,-0.0037744849379447347,-1.0700339845520053,0.002472169181394701,464
2020-10-31,trend,0.02945469176844126,5.368281810589881,0.05871509031805733,464
2020-11-30,trend,-0.01096939170238468,-3.9549749845336377,0.03274802632409679,464
2020-12-31,trend,0.011618001258263764,3.6222704070984735,0.027615801533766304,464
2021-01-31,trend,0.009137790119196128,1.8207329171352786,0.007109074058513021,465
2021-02-28,trend,-0.0007880618728500136,-0.23967212640836488,0.0001240509769990794,465
2021-03-31,trend,0.00037157466893100505,0.14219254188750832,4.3667032563421415e-05,465
2021-04-30,trend,-0.007349863787858686,-2.8225418206058026,0.016879880751246024,466
2021-05-31,trend,0.0009986295711596068,0.32130051078148975,0.00022195936445468245,467
2021-06-30,trend,-0.026958660558736622,-9.778581988437987,0.17025845298024977,468
2021-07-31,trend,-0.0063869644528806386,-2.428780183172706,0.012500500135534498,468
2021-08-31,trend,-0.004785985678094861,-1.691026926311144,0.0060989947435897696,468
2021-09-30,trend,0.008068619487440545,2.354251480797014,0.01175397771022868,468
2021-10-31,trend,-0.010626724278015543,-3.03907382631681,0.019393683612766832,469
2021-11-30,trend,0.005550314551899846,1.8651050205869335,0.007393782871447874,469
2021-12-31,trend,0.005688414494674014,1.3380091728798946,0.003818911498015165,469
2022-01-31,trend,0.004096514830555465,1.0950715316619941,0.0025612638945804456,469
2022-02-28,trend,9.574148151707498e-05,0.025323968498838455,1.3732387575959848e-06,469
2022-03-31,trend,0.01609082561000294,4.395959240294231,0.03973573061904412,469
2022-04-30,trend,-0.010940874068332437,-2.8383494495082138,0.01695847171242426,469
2022-05-31,trend,0.032501373991021695,10.06434427254369,0.17792485929858515,470
2022-06-30,trend,0.026126069799992362,7.2601438133782255,0.10122663239483742,470
2022-07-31,trend,0.005536626987588713,1.8148290690086528,0.00697363783458127,471
2022-08-31,trend,-0.013728460281021131,-4.734670868672681,0.04561727269770455,471
2022-09-30,trend,-0.03409626537345585,-7.816175188342436,0.11503190818121767,472
2022-10-31,trend,-0.002408450676057043,-0.6643567171856383,0.0009382037294309864,472
2022-11-30,trend,-0.012497089013037557,-4.828814031865477,0.047170993442269826,473
2022-12-31,trend,0.006435355597083675,1.5141787018887993,0.0048442263346403225,473
2023-01-31,trend,-0.0027951904617586057,-0.9718002222693539,0.0019968429283550027,474
2023-02-28,trend,0.016260296295244805,4.487508439708719,0.040835918020164175,475
2023-03-31,trend,0.016775961960425145,6.166498384163645,0.0741204624832501,477
2023-04-30,trend,-0.00731062207953632,-1.4896296908412097,0.004640126451559978,478
2023-05-31,trend,-0.021676883225580555,-5.556729482869339,0.06055818924496603,481
2023-06-30,trend,-0.009299330991966866,-2.870832998265566,0.016914977528897923,481
2023-07-31,trend,0.0033794480541592216,0.9977051419149854,0.0020738022030117875,481
2023-08-31,trend,0.014746821803374733,6.409005738018178,0.07897962130025327,481
2023-09-30,trend,0.010157109607673666,3.146308930351831,0.020206725536860537,482
2023-10-31,trend,-0.009187175779768894,-2.3057991396929216,0.010955134176598214,482
2023-11-30,trend,-0.014398813083933171,-4.097050153675583,0.03378884679724958,482
2023-12-31,trend,0.013078614750388918,3.7696260890874886,0.028753118161905844,482
2024-01-31,trend,-0.018967939890733813,-4.769928652841927,0.04525533349703237,482
2024-02-29,trend,-0.0019074379090580505,-0.6704946899729216,0.000935713472926758,482
2024-03-31,trend,-0.002977798626198916,-1.0112791025375982,0.0021172616816806933,484
2024-04-30,trend,-0.01206573611725522,-3.3972698806830595,0.023384951384039177,484
2024-05-31,trend,0.003510870782206029,1.1635217905769348,0.0028008117550357703,484
2024-06-30,trend,0.016206422699696195,4.309998754430682,0.03710942184740895,484
2024-07-31,trend,-0.003917957084947095,-1.2343645784732187,0.0031511507119823534,484
2024-08-31,trend,0.01280382135445399,4.644881283570919,0.04284351978221623,484
2024-09-30,trend,0.009584487288627395,2.646723486910088,0.014296064611874937,485
2024-10-31,trend,-0.003191891260394393,-0.825394798074647,0.001408523764897529,485
2024-11-30,trend,-0.0009528030620322306,-0.32241267089632003,0.00021428382590915618,487
2024-12-31,trend,0.004649780503503868,1.4977712683928726,0.004594673774673486,488
2025-01-31,trend,0.017113347487229306,4.294986093584041,0.03656857707192007,488
2025-02-28,trend,0.008481524072383655,2.5582696767414363,0.01326068977931727,489
2025-03-31,trend,0.013191622194568505,3.824659929600103,0.0291610972464752,489
2025-04-30,trend,-0.01717790962019968,-4.377030115355269,0.037701616087740364,491
2025-05-31,trend,-0.011476612586760974,-3.34908093233598,0.022422984067292928,491
2025-06-30,trend,-0.023736386816197674,-5.865504652603091,0.065731510095133,491
2025-07-31,trend,0.003217314851956627,0.8426992692890922,0.0014471721645723523,492
2025-08-31,trend,-0.024145997901114657,-5.8630904149375604,0.065555708899239,492
2025-09-30,trend,-0.0027874137297528665,-0.6601480469737137,0.0008885881658144967,492
2025-10-31,trend,-0.00801972650653388,-2.136560887620054,0.00923011822394193,492
2025-11-30,trend,-0.0050422928992271895,-1.60269005413268,0.005214736240309992,492
2025-12-31,trend,-0.0014457645511892453,-0.32097878491505977,0.00021021575997226538,492
2026-01-31,trend,-0.03065808317217975,-6.191151995652674,0.07241293095983692,493
2026-02-28,trend,-0.005171083530418601,-1.3670595429560155,0.0037917831228015952,493
2026-03-31,trend,0.05747633547388865,10.39252393399178,0.1803067323079679,493
2026-04-30,trend,0.004484910785551151,0.7038025791591915,0.0010078184512917199,493
2010-11-30,hzz_trend_improvement,-0.010009704798965801,-2.834132053556124,0.020281942674338582,390
2010-12-31,hzz_trend_improvement,0.0009607524700529225,0.2675464747255351,0.00018445338339934114,390
2011-01-31,hzz_trend_improvement,-0.002316180262498954,-0.7621219764165055,0.0014947466839166923,390
2011-02-28,hzz_trend_improvement,0.0022066884873431104,0.744177438673405,0.0014252854048645291,390
2011-03-31,hzz_trend_improvement,-0.0003214962875061052,-0.10343573350697931,2.743245504521763e-05,392
2011-04-30,hzz_trend_improvement,0.005771506653727631,2.0036115066427658,0.010111619307165198,395
2011-05-31,hzz_trend_improvement,0.013439388717430016,5.908436559537262,0.08120223587630127,397
2011-06-30,hzz_trend_improvement,0.007901005689073315,2.563635054360703,0.016285126403244754,399
2011-07-31,hzz_trend_improvement,0.02174422093281711,5.746970750914558,0.0766254115342686,400
2011-08-31,hzz_trend_improvement,0.010073280528732563,2.525454427736279,0.01585057168523929,398
2011-09-30,hzz_trend_improvement,0.008352057344005325,1.674770927437902,0.007050838131777315,397
2011-10-31,hzz_trend_improvement,-0.0009048342638803391,-0.2850387732263695,0.0002040967838445873,400
2011-11-30,hzz_trend_improvement,-0.004133215882004406,-1.3398652964480013,0.004468044512018987,402
2011-12-31,hzz_trend_improvement,0.017263774308740366,3.745195444042505,0.03379661127360134,403
2012-01-31,hzz_trend_improvement,0.011027654831167936,3.655298882042153,0.03224532025990812,403
2012-02-29,hzz_trend_improvement,-0.007390988019092551,-2.9366582577739013,0.02105336242215361,403
2012-03-31,hzz_trend_improvement,-0.00299030274291774,-0.9300853356921602,0.002141949923537001,405
2012-04-30,hzz_trend_improvement,0.01034790841293879,2.811653404277157,0.019145777614150816,407
2012-05-31,hzz_trend_improvement,-0.010203563655542336,-3.2088182485162213,0.024733607397821045,408
2012-06-30,hzz_trend_improvement,-0.0035901575892973237,-1.0042767661545149,0.002478011257896373,408
2012-07-31,hzz_trend_improvement,-0.0046526248289882385,-1.5051518221543303,0.005562666387944559,407
2012-08-31,hzz_trend_improvement,-0.006768017407352218,-2.5724497419330365,0.016076813333139595,407
2012-09-30,hzz_trend_improvement,-0.006313268660790468,-1.7714678253711718,0.007670022101826435,408
2012-10-31,hzz_trend_improvement,-0.0015134024559676994,-0.5202100210185686,0.0006661039555111437,408
2012-11-30,hzz_trend_improvement,-0.0031374621157317754,-1.28452552590317,0.004047604079756129,408
2012-12-31,hzz_trend_improvement,-0.007619543914634852,-2.2946559782677447,0.012803035385203887,408
2013-01-31,hzz_trend_improvement,-0.0022566673750773424,-0.9050413811800175,0.002013425382058953,408
2013-02-28,hzz_trend_improvement,0.0010786241598842146,0.4022012800070454,0.00039827941286652013,408
2013-03-31,hzz_trend_improvement,0.00404977670916244,1.1282934587237072,0.00312578045883094,408
2013-04-30,hzz_trend_improvement,0.019243695836776143,3.62697724198789,0.0313844879494265,408
2013-05-31,hzz_trend_improvement,-0.0039060055964872027,-1.538444189126129,0.005795795500678769,408
2013-06-30,hzz_trend_improvement,-0.0009247756593919161,-0.31734440605183134,0.000247986448187687,408
2013-07-31,hzz_trend_improvement,0.005998759779213874,2.1328741950653303,0.011053727862633922,409
2013-08-31,hzz_trend_improvement,-0.006760405325087144,-2.5358115237929164,0.01555362405887184,409
2013-09-30,hzz_trend_improvement,-0.006515007001259527,-2.349595403197068,0.013350238362891953,410
2013-10-31,hzz_trend_improvement,6.264078859225633e-05,0.022834114241922235,1.2779316347355518e-06,410
2013-11-30,hzz_trend_improvement,0.001044960301130616,0.41903503005811654,0.000428085826031821,412
2013-12-31,hzz_trend_improvement,-0.00783777074714801,-2.3265784165412553,0.01299903594656271,413
2014-01-31,hzz_trend_improvement,-0.001645118095752067,-0.6116185303535929,0.0009071308002377432,414
2014-02-28,hzz_trend_improvement,-0.006765472347591816,-2.780348812902745,0.01841739515476537,414
2014-03-31,hzz_trend_improvement,-0.004772331882744822,-1.8318312129072039,0.00807887397545426,414
2014-04-30,hzz_trend_improvement,0.009125601981503216,3.846194930951679,0.034580294667425404,415
2014-05-31,hzz_trend_improvement,0.005144066532856476,2.1795873735359406,0.011371859444734733,415
2014-06-30,hzz_trend_improvement,-0.0007895649988799617,-0.2996541557887561,0.00021632093749202053,417
2014-07-31,hzz_trend_improvement,-0.0015845738908445786,-0.7023842744489658,0.0011816803225115358,419
2014-08-31,hzz_trend_improvement,-0.0010033640822397494,-0.41453378072000185,0.00041191240539317775,419
2014-09-30,hzz_trend_improvement,-0.006559528214446275,-2.0283379377177497,0.009769690101347428,419
2014-10-31,hzz_trend_improvement,-0.003988252323619114,-1.5366280945553625,0.005630529851451849,419
2014-11-30,hzz_trend_improvement,-0.0061273425183671505,-2.6227993623549133,0.016152651949425723,421
2014-12-31,hzz_trend_improvement,0.0022446526499898135,0.6097351051884452,0.0008844002355300473,422
2015-01-31,hzz_trend_improvement,-0.01657886902930962,-4.91308748253337,0.05434888551867789,422
2015-02-28,hzz_trend_improvement,0.0035316655386698702,1.5039123172927553,0.005343625418640974,423
2015-03-31,hzz_trend_improvement,0.00017640310795935608,0.047509279901028496,5.323395427470068e-06,426
2015-04-30,hzz_trend_improvement,-0.002638844396203943,-1.0281366695596965,0.002486877876656912,426
2015-05-31,hzz_trend_improvement,0.01048659523082635,4.233472469381775,0.04055529578181161,426
2015-06-30,hzz_trend_improvement,-0.0011138759334139267,-0.3212913521102555,0.00024283074347442035,427
2015-07-31,hzz_trend_improvement,-0.007819177751408432,-3.210945615066638,0.023684656165132156,427
2015-08-31,hzz_trend_improvement,0.004338856200459001,1.3982850747768247,0.00457940586055805,427
2015-09-30,hzz_trend_improvement,-0.002642676141790333,-0.6801804595568147,0.001087393834693251,427
2015-10-31,hzz_trend_improvement,0.005369336274311338,1.8234910499745098,0.007744991982679306,428
2015-11-30,hzz_trend_improvement,0.005688236998288099,1.8804736827903592,0.008213435770304867,429
2015-12-31,hzz_trend_improvement,-1.1973757614310107e-05,-0.0029594110184504147,2.051080472131872e-08,429
2016-01-31,hzz_trend_improvement,-0.011851827723760155,-3.2391315563688083,0.023982093115389347,429
2016-02-29,hzz_trend_improvement,-0.014180580757301997,-5.136622318517134,0.05806726740025847,430
2016-03-31,hzz_trend_improvement,-0.001303695176286492,-0.37724015165305547,0.00033238978874894354,430
2016-04-30,hzz_trend_improvement,-0.002221203064338193,-0.7857359189651175,0.0014370483172940762,431
2016-05-31,hzz_trend_improvement,0.006213995086086046,1.971416508509849,0.008957372957795195,432
2016-06-30,hzz_trend_improvement,-0.004069329012645645,-1.3280425087573835,0.004066031615026167,434
2016-07-31,hzz_trend_improvement,-0.004033478127830825,-1.3028499892890821,0.0039048267229901956,435
2016-08-31,hzz_trend_improvement,0.008361736310559708,3.2249252985532153,0.023455434873410064,435
2016-09-30,hzz_trend_improvement,-0.0019632472371928747,-0.6728039261702963,0.0010443242353617155,435
2016-10-31,hzz_trend_improvement,0.02020964281913101,4.678916819482499,0.047915590600903335,437
2016-11-30,hzz_trend_improvement,-0.0033423419325905035,-1.4088709962631236,0.004542302044517776,437
2016-12-31,hzz_trend_improvement,0.009481913343018759,3.125458606892373,0.021913822285761886,438
2017-01-31,hzz_trend_improvement,0.0010716481073291578,0.39768748578370056,0.0003609549073158025,440
2017-02-28,hzz_trend_improvement,0.002217812706311441,0.9365406038963962,0.0019985282580321506,440
2017-03-31,hzz_trend_improvement,-0.005725081423662415,-2.58103286182495,0.014981569527750316,440
2017-04-30,hzz_trend_improvement,-0.009408268296414947,-3.1275977277200084,0.021796485673359456,441
2017-05-31,hzz_trend_improvement,0.0008492670576718368,0.3265037896370023,0.00024277640896364083,441
2017-06-30,hzz_trend_improvement,-0.0004579355348760901,-0.17053850561908468,6.579517726823525e-05,444
2017-07-31,hzz_trend_improvement,0.001669209675565986,0.6392292962229299,0.0009236124255567191,444
2017-08-31,hzz_trend_improvement,-0.009228891467867092,-3.213095229503529,0.02282430600315999,444
2017-09-30,hzz_trend_improvement,-0.004236385011916289,-1.4945494627436238,0.005028160192981912,444
2017-10-31,hzz_trend_improvement,-0.000622620193199981,-0.21473797098867442,0.00010408035392761583,445
2017-11-30,hzz_trend_improvement,-0.016501343090065863,-6.849566809971019,0.09537504685997011,447
2017-12-31,hzz_trend_improvement,0.002699822983766288,0.8213420388539714,0.0015136665644264191,447
2018-01-31,hzz_trend_improvement,0.0040754995973939275,1.4575540132994669,0.0047513922277862,447
2018-02-28,hzz_trend_improvement,-0.014829200939013956,-5.968049753602785,0.0741080154738396,447
2018-03-31,hzz_trend_improvement,-0.00323413782649668,-1.1008993065762556,0.0027100778587428875,448
2018-04-30,hzz_trend_improvement,0.005994945151632718,1.7264579838970946,0.006623967325411151,449
2018-05-31,hzz_trend_improvement,-0.014226276397390748,-5.307327377709159,0.05915504659539017,450
2018-06-30,hzz_trend_improvement,-0.011994640645476524,-4.42119928216396,0.04180756793073781,450
2018-07-31,hzz_trend_improvement,0.027679031409476047,8.566475082231392,0.14047984959335735,451
2018-08-31,hzz_trend_improvement,0.005547202860624194,2.2922160967415173,0.011566770328639842,451
2018-09-30,hzz_trend_improvement,0.005562639437070561,1.4615363991584829,0.004724437397735093,452
2018-10-31,hzz_trend_improvement,0.008502388759362718,2.4746779806014705,0.013396869757283159,453
2018-11-30,hzz_trend_improvement,0.009491716264228888,3.707183252385056,0.029571615980708343,453
2018-12-31,hzz_trend_improvement,-0.02689342342356529,-8.17237558044798,0.1289866864531628,453
2019-01-31,hzz_trend_improvement,-0.003045931481953412,-1.0943404093987419,0.0026483576696179068,453
2019-02-28,hzz_trend_improvement,0.0040609937411039045,1.5784923395217905,0.005494341806511094,453
2019-03-31,hzz_trend_improvement,0.00536618242000251,1.6701118860880797,0.006133112351763059,454
2019-04-30,hzz_trend_improvement,-0.008831847577427838,-2.3940784087259654,0.012521773205170672,454
2019-05-31,hzz_trend_improvement,0.02280005767429877,8.246906009674268,0.13078838473711474,454
2019-06-30,hzz_trend_improvement,-0.002737384393594313,-1.0244255926868662,0.002311307281725017,455
2019-07-31,hzz_trend_improvement,0.013426507426183629,3.537436520392843,0.026765982764372143,457
2019-08-31,hzz_trend_improvement,0.00991184967061593,2.6160056613042144,0.014817759334179947,457
2019-09-30,hzz_trend_improvement,0.0001007275398425848,0.030983264338773325,2.109803612593275e-06,457
2019-10-31,hzz_trend_improvement,-0.0018786129112636502,-0.5798647937892561,0.0007368320708731613,458
2019-11-30,hzz_trend_improvement,-0.0021271119591218723,-0.8192298589703834,0.0014664188032569303,459
2019-12-31,hzz_trend_improvement,0.02257552499256474,6.226685558210168,0.0778903658325798,461
2020-01-31,hzz_trend_improvement,-0.0063014079910279465,-2.0994601367831964,0.009511565201301586,461
2020-02-29,hzz_trend_improvement,0.0641923811571081,10.3111994016399,0.1880716698821897,461
2020-03-31,hzz_trend_improvement,-0.03869847409476749,-6.722337687730066,0.08998554297461592,459
2020-04-30,hzz_trend_improvement,-0.0028466364733418337,-0.7873307560036406,0.00134870081390015,461
2020-05-31,hzz_trend_improvement,0.007814060005976549,2.202334199354833,0.01045655500790399,461
2020-06-30,hzz_trend_improvement,0.012730365313565983,3.2946784833570093,0.023053611979523603,462
2020-07-31,hzz_trend_improvement,-0.009488570330074289,-2.3579328235724333,0.011942282466825271,462
2020-08-31,hzz_trend_improvement,0.001353446973655241,0.47502892752562387,0.000490308353672142,462
2020-09-30,hzz_trend_improvement,-0.008739260074698824,-2.491002295534462,0.013252936665146486,464
2020-10-31,hzz_trend_improvement,-0.05364587643865345,-10.571015334624011,0.1947661405488068,464
2020-11-30,hzz_trend_improvement,0.0162696812487837,5.98887979756467,0.07204073416017998,464
2020-12-31,hzz_trend_improvement,-0.0049652512723710835,-1.5304096459774943,0.005044025544345132,464
2021-01-31,hzz_trend_improvement,0.06092890775824842,14.627565762849677,0.31606577175402883,465
2021-02-28,hzz_trend_improvement,-0.012479355156420811,-3.855534564729316,0.031107409443844047,465
2021-03-31,hzz_trend_improvement,-0.002696827937669222,-1.0331765364359502,0.0023002124945490365,465
2021-04-30,hzz_trend_improvement,0.008209953273054476,3.1595657583882155,0.021061638959742446,466
2021-05-31,hzz_trend_improvement,-0.014797136160198928,-4.88073427558365,0.04873264330724891,467
2021-06-30,hzz_trend_improvement,-0.012706146850139266,-4.279914135967361,0.03782159176627942,468
2021-07-31,hzz_trend_improvement,-0.004319852132714368,-1.637104259819349,0.00571842136734646,468
2021-08-31,hzz_trend_improvement,-0.010591817529124302,-3.7879701059501314,0.029871460045831744,468
2021-09-30,hzz_trend_improvement,-0.0008815650294543816,-0.2557236999420159,0.0001403120923977319,468
2021-10-31,hzz_trend_improvement,-0.010853223146340919,-3.1051720595940053,0.02022921108054665,469
2021-11-30,hzz_trend_improvement,-0.0136975077555988,-4.692682585734173,0.045031312967607984,469
2021-12-31,hzz_trend_improvement,-0.02873840616820537,-7.101817043165844,0.09747258461160413,469
2022-01-31,hzz_trend_improvement,-0.004853810256647512,-1.2981834984363385,0.003595761305304812,469
2022-02-28,hzz_trend_improvement,0.0050881286383482,1.3484450238656367,0.0038784833419308606,469
2022-03-31,hzz_trend_improvement,0.019515007150606823,5.384148565711628,0.05844696660131565,469
2022-04-30,hzz_trend_improvement,0.0036084620183136607,0.9290152811066749,0.0018447051049582663,469
2022-05-31,hzz_trend_improvement,0.004472815724973451,1.257921356387642,0.0033697307500428764,470
2022-06-30,hzz_trend_improvement,-0.03487800280862265,-10.149586195392112,0.18040552754990546,470
2022-07-31,hzz_trend_improvement,0.006819736671086082,2.2394852803372,0.01058044831239624,471
2022-08-31,hzz_trend_improvement,0.010762109662684916,3.677909667440605,0.02803370376079095,471
2022-09-30,hzz_trend_improvement,-0.015824815730718846,-3.455718798840834,0.0247788999600963,472
2022-10-31,hzz_trend_improvement,-0.00043900631964528423,-0.12104233443889748,3.1171893657866434e-05,472
2022-11-30,hzz_trend_improvement,0.001070189291423371,0.4037149497482327,0.00034592225105956054,473
2022-12-31,hzz_trend_improvement,-0.0042793943949000655,-0.9994977145648107,0.0021165207777149586,473
2023-01-31,hzz_trend_improvement,0.0016198049144908898,0.5627816394800365,0.0006705737023402492,474
2023-02-28,hzz_trend_improvement,-0.014889354898429122,-4.095100952659897,0.034240269690787195,475
2023-03-31,hzz_trend_improvement,-0.011194245926249773,-4.026342400302242,0.03300296375708278,477
2023-04-30,hzz_trend_improvement,0.0050128331785746485,1.020167684078638,0.0021816629310297264,478
2023-05-31,hzz_trend_improvement,-0.0111159089329388,-2.784121323908991,0.015924623198505405,481
2023-06-30,hzz_trend_improvement,0.0005893576208925157,0.18040369174690293,6.794004353583016e-05,481
2023-07-31,hzz_trend_improvement,-0.002070613328499388,-0.6109051317332093,0.0007785272018192568,481
2023-08-31,hzz_trend_improvement,0.0023351020982416188,0.9749069442700515,0.001980295179969005,481
2023-09-30,hzz_trend_improvement,-0.0059384623997464255,-1.8271640891841516,0.006907226325228666,482
2023-10-31,hzz_trend_improvement,-0.01827650661267847,-4.664072011947264,0.04335508331496629,482
2023-11-30,hzz_trend_improvement,-0.019536978481114946,-5.6426662783914825,0.06220635836501942,482
2023-12-31,hzz_trend_improvement,0.0006142492869008138,0.17448567574084248,6.342358352451338e-05,482
2024-01-31,hzz_trend_improvement,0.009232612878792696,2.2808714283146254,0.010722071338084116,482
2024-02-29,hzz_trend_improvement,-0.003334547422775845,-1.1732765955753932,0.0028596696073807104,482
2024-03-31,hzz_trend_improvement,-0.005671715828818456,-1.9315424327496666,0.00768091242737623,484
2024-04-30,hzz_trend_improvement,0.007813270608643043,2.1847948633282743,0.009806060263418459,484
2024-05-31,hzz_trend_improvement,0.01206495266396901,4.060504141103716,0.033075428104534677,484
2024-06-30,hzz_trend_improvement,-0.010567199890179587,-2.779659896215949,0.015777191951935055,484
2024-07-31,hzz_trend_improvement,-0.002098271915740088,-0.6603231855344966,0.0009038021317115952,484
2024-08-31,hzz_trend_improvement,0.0015472690652665988,0.5493235649709848,0.0006256588847984856,484
2024-09-30,hzz_trend_improvement,0.01204261794332962,3.339572527875741,0.022569427751360838,485
2024-10-31,hzz_trend_improvement,0.007873999886519484,2.0434888876245565,0.00857153912901032,485
2024-11-30,hzz_trend_improvement,-0.005718815637061774,-1.9424565474761666,0.0077196088529007945,487
2024-12-31,hzz_trend_improvement,0.00852637723427591,2.7615861937662776,0.015449657777146242,488
2025-01-31,hzz_trend_improvement,-0.009628328452441041,-2.3857028192646483,0.011575504233103717,488
2025-02-28,hzz_trend_improvement,0.021619787017756034,6.776269919362882,0.08616306508956806,489
2025-03-31,hzz_trend_improvement,-0.005737952222238327,-1.6437149426784823,0.005517232771728886,489
2025-04-30,hzz_trend_improvement,0.008499594917834339,2.1344007723267224,0.009230299568368183,491
2025-05-31,hzz_trend_improvement,0.013873002226354984,4.069975647952049,0.0327647514092021,491
2025-06-30,hzz_trend_improvement,0.016951110090925307,4.118404202055909,0.03352283018747726,491
2025-07-31,hzz_trend_improvement,-0.0032423600490181764,-0.8492688829298484,0.0014697908930788595,492
2025-08-31,hzz_trend_improvement,0.017920618362233586,4.284472601426888,0.03610989148912702,492
2025-09-30,hzz_trend_improvement,-0.00402325775071446,-0.9532944833386174,0.0018512001145859491,492
2025-10-31,hzz_trend_improvement,0.001884655114835378,0.49990182132706346,0.0005097437654403292,492
2025-11-30,hzz_trend_improvement,-0.000881315736892873,-0.27941663942610645,0.00015930861343260716,492
2025-12-31,hzz_trend_improvement,0.012845052328177299,2.8754278673295803,0.016593648403635197,492
2026-01-31,hzz_trend_improvement,0.033100420226153324,6.72801209141843,0.08440985316830685,493
2026-02-28,hzz_trend_improvement,-0.003114290736592501,-0.8223163786363782,0.0013753039515861376,493
2026-03-31,hzz_trend_improvement,-0.029772497478783022,-4.996214716613893,0.048379829680155306,493
2026-04-30,hzz_trend_improvement,0.023564859408223733,3.7486101644673813,0.027823028104743686,493
