month,factor,portfolio_fmp_return,top_return,bottom_return,n_top,n_bottom
2006-06-30,roe,-0.01795759736297791,-0.020326016905054044,-0.002368419542076136,76,76
2006-07-31,roe,-0.025855599685228145,0.013727934837875266,0.03958353452310341,76,76
2006-08-31,roe,0.013392771436526743,0.033394911867815236,0.020002140431288493,76,77
2006-09-30,roe,0.0011622776919932715,0.052523377499117126,0.051361099807123854,77,77
2006-10-31,roe,-0.023599702584735115,0.028873393637231827,0.05247309622196694,77,77
2006-11-30,roe,0.0005507306624205517,0.0037669748185506797,0.003216244156130128,77,78
2006-12-31,roe,0.015078341726106954,0.04734376268793049,0.032265420961823534,77,78
2007-01-31,roe,-0.02390063089004781,-0.012393492301097462,0.011507138588950347,77,78
2007-02-28,roe,0.007945295532115149,0.01257370508118643,0.0046284095490712815,78,78
2007-03-31,roe,0.019702386205973373,0.058093474197506406,0.038391087991533034,78,78
2007-04-30,roe,0.003378289386881575,0.045245285555997286,0.04186699616911571,78,78
2007-05-31,roe,-0.004984134290855069,-0.014096555546293982,-0.009112421255438914,78,78
2007-06-30,roe,0.02665302695571449,-0.012953042178105542,-0.03960606913382003,78,78
2007-07-31,roe,-0.008265900628064506,0.016315696273055538,0.024581596901120044,78,78
2007-08-31,roe,0.0160094143002489,0.046464694667552014,0.030455280367303113,78,79
2007-09-30,roe,-0.004634307535906677,0.024569286173289746,0.029203593709196424,78,79
2007-10-31,roe,0.02529166221803636,-0.03979736340995288,-0.06508902562798924,78,79
2007-11-30,roe,0.024803635697997862,0.002823218368707242,-0.02198041732929062,79,79
2007-12-31,roe,-0.018388458058877212,-0.06254885460192701,-0.0441603965430498,79,79
2008-01-31,roe,-0.0074181232542052875,-0.027099633112065837,-0.01968150985786055,79,79
2008-02-29,roe,0.03063798264638324,0.013061600623114277,-0.01757638202326896,79,79
2008-03-31,roe,-0.015792566324265844,0.05981610710190932,0.07560867342617517,79,80
2008-04-30,roe,0.001774625350165853,0.03203833153493668,0.03026370618477083,80,80
2008-05-31,roe,0.037214516309392265,-0.08342865029780575,-0.12064316660719801,80,80
2008-06-30,roe,-0.050817019669257404,-0.01860221994385407,0.03221479972540333,80,80
2008-07-31,roe,-0.005790196622091653,0.02303384017035958,0.028824036792451234,79,80
2008-08-31,roe,-0.029840173166113426,-0.10010193594480081,-0.07026176277868738,80,81
2008-09-30,roe,0.033201911948448765,-0.19485888245113933,-0.2280607943995881,81,81
2008-10-31,roe,0.046796590122555284,-0.08406876610402621,-0.1308653562265815,79,80
2008-11-30,roe,-0.030712888338860378,0.040085605229039575,0.07079849356789995,78,78
2008-12-31,roe,0.06073982492250943,-0.0618340180080441,-0.12257384293055353,78,78
2009-01-31,roe,0.034266461029162615,-0.07986324679046274,-0.11412970781962535,77,78
2009-02-28,roe,0.009501817680512697,0.11231874619352071,0.10281692851300801,76,76
2009-03-31,roe,-0.07013426141015244,0.13450599278101683,0.20464025419116927,77,77
2009-04-30,roe,-0.014931439280095861,0.04191474371002203,0.05684618299011789,79,79
2009-05-31,roe,0.03004155557740955,0.01611802168651661,-0.013923533890892936,80,80
2009-06-30,roe,-0.06090418389606121,0.06807947986652378,0.128983663762585,80,80
2009-07-31,roe,-0.09864125625371958,0.029315114828234713,0.1279563710819543,81,81
2009-08-31,roe,-0.004890361473262564,0.048315115715535976,0.05320547718879854,81,81
2009-09-30,roe,0.053549401877509895,-0.014654879501000518,-0.06820428137851041,81,81
2009-10-31,roe,0.013912208916305846,0.06831379408738246,0.054401585171076614,80,81
2009-11-30,roe,-0.017659868596102815,0.044945338838156254,0.06260520743425907,81,81
2009-12-31,roe,0.005045887071972111,-0.018387024816085954,-0.023432911888058065,81,81
2010-01-31,roe,-0.002672440448475491,0.04045304832145786,0.04312548876993335,81,81
2010-02-28,roe,-0.019129840790294284,0.06974738648876944,0.08887722727906372,81,81
2010-03-31,roe,-0.018664771564935505,0.03009299014173722,0.048757761706672724,81,82
2010-04-30,roe,0.02374260561568281,-0.06117535383066475,-0.08491795944634756,81,81
2010-05-31,roe,0.050672466403149,-0.038549014396876816,-0.08922148080002582,81,81
2010-06-30,roe,-0.03127238366660298,0.05711541602074832,0.0883877996873513,81,82
2010-07-31,roe,0.04053739514931472,-0.024837695788883205,-0.06537509093819792,81,82
2010-08-31,roe,0.00775807289814856,0.11243309441931754,0.10467502152116898,82,82
2010-09-30,roe,0.012790764323213022,0.04746164862226522,0.0346708842990522,82,82
2010-10-31,roe,0.020440261758619054,0.014358333818596728,-0.006081927940022327,82,82
2010-11-30,roe,-0.05209918497872319,0.05155339138465469,0.10365257636337788,82,82
2010-12-31,roe,-0.0009589038400033556,0.023797417016900118,0.024756320856903474,82,82
2011-01-31,roe,0.0006678663100950014,0.04395744079741241,0.043289574487317406,82,82
2011-02-28,roe,0.017208301820887797,0.026785623455703917,0.009577321634816121,82,82
2011-03-31,roe,-0.002292587300514029,0.034127254229589,0.03641984153010303,83,83
2011-04-30,roe,0.007080328037502413,0.0048729947889660785,-0.002207333248536334,83,83
2011-05-31,roe,0.024046552299840783,-0.007595356040602963,-0.031641908340443746,84,84
2011-06-30,roe,-0.009056923467555242,-0.034094904655768574,-0.02503798118821333,84,84
2011-07-31,roe,0.04269136113538244,-0.04097683483656751,-0.08366819597194995,84,84
2011-08-31,roe,0.018115497717344567,-0.07213628878398218,-0.09025178650132674,84,84
2011-09-30,roe,-0.031649995199449776,0.11080854251907116,0.14245853771852093,83,84
2011-10-31,roe,0.009485475391164911,0.0005565516956630144,-0.008928923695501897,84,84
2011-11-30,roe,-0.016137409740897637,-0.0018239083667073018,0.014313501374190336,84,85
2011-12-31,roe,0.007646785152691099,0.09508567927546718,0.08743889412277608,84,85
2012-01-31,roe,-0.005546404846018593,0.03840139530198726,0.04394780014800585,84,85
2012-02-29,roe,0.0030310175241510737,0.03772437888320727,0.03469336135905619,85,85
2012-03-31,roe,0.01127918222124205,0.00975907611175397,-0.0015201061094880796,85,85
2012-04-30,roe,-0.004578669475515468,-0.05597174256426666,-0.05139307308875119,85,85
2012-05-31,roe,-0.02720289249635988,0.026788345032858502,0.05399123752921838,85,85
2012-06-30,roe,0.0016240583648545926,-0.003304562170571366,-0.004928620535425959,85,85
2012-07-31,roe,-0.009134442140368505,0.025206865227152948,0.03434130736752145,85,85
2012-08-31,roe,-0.016686371404351915,0.019326283084417698,0.03601265448876961,85,86
2012-09-30,roe,-0.010633996104797736,-0.011449284221397401,-0.0008152881165996647,86,86
2012-10-31,roe,0.010567366129471529,0.028112394261361938,0.01754502813189041,86,86
2012-11-30,roe,-0.024259030790339565,0.013982020926306538,0.0382410517166461,86,86
2012-12-31,roe,-0.02603691863110224,0.05859746393262966,0.0846343825637319,86,86
2013-01-31,roe,-0.008684929113800078,0.009617969072373386,0.018302898186173464,86,86
2013-02-28,roe,-0.010926238870311127,0.04395786358940867,0.054884102459719794,86,86
2013-03-31,roe,-0.015898412950530384,0.025233137373019285,0.04113155032354967,87,87
2013-04-30,roe,-0.01041193151260969,0.025575387858251565,0.035987319370861255,87,87
2013-05-31,roe,-0.0019742099841086186,-0.008075747888090718,-0.0061015379039821,87,87
2013-06-30,roe,-0.008834595658850163,0.056344451546355014,0.06517904720520518,87,87
2013-07-31,roe,-0.015181655027105268,-0.023539630518152665,-0.008357975491047397,87,87
2013-08-31,roe,-0.003603271835322386,0.05230167189486392,0.055904943730186306,87,87
2013-09-30,roe,-0.00652693930391645,0.038060561583037986,0.044587500886954436,87,87
2013-10-31,roe,0.028952169001482383,0.03469396082506435,0.00574179182358197,87,87
2013-11-30,roe,-0.014692399118491354,0.024138623461756364,0.03883102258024772,87,88
2013-12-31,roe,-0.03762790569191387,-0.031140995061842737,0.006486910630071133,87,88
2014-01-31,roe,0.0047304857090176775,0.06376094944106124,0.05903046373204356,87,88
2014-02-28,roe,0.001360955924238458,-0.001744762926207287,-0.003105718850445745,88,88
2014-03-31,roe,0.010192419721824341,-0.004314267721474276,-0.014506687443298617,88,88
2014-04-30,roe,-0.001114442375383034,0.026383643010345417,0.02749808538572845,88,88
2014-05-31,roe,-0.025273509224550628,0.015294866876732692,0.04056837610128332,88,88
2014-06-30,roe,-0.016487906216866854,-0.02746310961155066,-0.010975203394683804,88,88
2014-07-31,roe,0.013678819826523518,0.054832998029955116,0.0411541782034316,88,88
2014-08-31,roe,0.00687331956966708,-0.01798641465106354,-0.02485973422073062,88,89
2014-09-30,roe,-0.0012066127238301375,0.050092034473168616,0.05129864719699875,89,89
2014-10-31,roe,0.017579256908863736,0.04433973468607032,0.02676047777720658,89,89
2014-11-30,roe,-0.004432561223548555,0.002148280073804079,0.006580841297352634,89,89
2014-12-31,roe,-0.008951388997460383,-0.015037237607020658,-0.006085848609560276,89,89
2015-01-31,roe,0.014695102465698065,0.0700247759803978,0.05532967351469974,89,89
2015-02-28,roe,0.005151105228229927,0.00044861687083550764,-0.004702488357394419,89,89
2015-03-31,roe,-0.013093348922361059,0.0016877934368403822,0.01478114235920144,89,90
2015-04-30,roe,-0.0019829319536952706,0.015077131144964515,0.017060063098659786,89,90
2015-05-31,roe,0.0029173813082383794,-0.01388281638990322,-0.0168001976981416,90,90
2015-06-30,roe,0.00713051894878745,0.02792514526389831,0.02079462631511086,90,90
2015-07-31,roe,0.004373756247861127,-0.0493862075968161,-0.053759963844677225,90,90
2015-08-31,roe,0.02411211402776651,-0.012843279341310625,-0.03695539336907713,90,90
2015-09-30,roe,0.0018998920159453286,0.07761220668040514,0.07571231466445981,90,90
2015-10-31,roe,-0.011205251688461412,0.0034149735798814627,0.014620225268342875,90,90
2015-11-30,roe,0.013679781685099892,-0.017381807318242497,-0.03106158900334239,90,90
2015-12-31,roe,0.02813211886475426,-0.04697452448777651,-0.07510664335253077,90,90
2016-01-31,roe,0.01678947798890999,0.01963473681966618,0.0028452588307561885,90,90
2016-02-29,roe,-0.03079814071413485,0.06920595833337446,0.10000409904750932,90,90
2016-03-31,roe,-0.04672715175729168,-0.006742413573778493,0.03998473818351319,90,91
2016-04-30,roe,-0.007491573385936878,0.017538473520621083,0.02503004690655796,91,91
2016-05-31,roe,-0.0027871912690851826,0.008825745283347492,0.011612936552432675,91,91
2016-06-30,roe,-0.01944441409442149,0.03518412209792176,0.05462853619234325,91,91
2016-07-31,roe,-0.004639600671846916,0.008376136163893513,0.013015736835740428,91,91
2016-08-31,roe,-0.019515443435885793,-0.0020127541700612037,0.01750268926582459,91,91
2016-09-30,roe,0.006212110067745056,-0.024248551796973904,-0.03046066186471896,91,92
2016-10-31,roe,0.018675820615216547,0.05806592652784996,0.039390105912633415,91,92
2016-11-30,roe,0.009986708017317342,0.016111819205129486,0.006125111187812144,91,92
2016-12-31,roe,-0.03102303309881487,0.028184690708484096,0.05920772380729897,92,92
2017-01-31,roe,0.02214076188884809,0.04819233503730978,0.026051573148461692,92,92
2017-02-28,roe,-0.012926139352479953,-0.0001223550174860407,0.012803784334993911,92,92
2017-03-31,roe,-0.006545174848988248,0.003858616056469955,0.010403790905458203,92,92
2017-04-30,roe,-0.00571935619940319,0.01942698342632475,0.025146339625727942,92,92
2017-05-31,roe,-0.006178793284466527,0.0012254940554590548,0.0074042873399255815,92,92
2017-06-30,roe,-0.02581740108295584,0.012230689488620827,0.03804809057157667,92,92
2017-07-31,roe,0.004168032804809352,0.006718697028941974,0.0025506642241326215,92,92
2017-08-31,roe,0.029161685620441004,0.045446532375311835,0.01628484675487083,92,92
2017-09-30,roe,-0.003979212236179419,0.021307504395768544,0.025286716631947963,92,92
2017-10-31,roe,0.021232751789838755,0.04569872422843748,0.024465972438598726,92,92
2017-11-30,roe,0.016746220123415152,0.020290358469508538,0.003544138346093386,92,92
2017-12-31,roe,0.00312676112932226,0.06138609769826687,0.05825933656894461,92,92
2018-01-31,roe,0.010909641701619545,-0.025436395614619883,-0.03634603731623943,92,92
2018-02-28,roe,-0.014674208657948898,-0.007033687307311264,0.007640521350637634,93,93
2018-03-31,roe,-0.014178351730706947,-0.009593559277347185,0.004584792453359762,93,93
2018-04-30,roe,-0.0009591793167385149,0.03479661029115079,0.035755789607889304,93,93
2018-05-31,roe,-0.015315811912334424,0.006177265400830653,0.021493077313165077,93,93
2018-06-30,roe,0.008802393557740703,0.035265813443650484,0.02646341988590978,93,93
2018-07-31,roe,-0.0008813880834336318,0.04369092720297787,0.0445723152864115,93,93
2018-08-31,roe,0.002730421508327515,0.0020459443458055375,-0.0006844771625219773,93,93
2018-09-30,roe,-0.014395184496683838,-0.07973906268635139,-0.06534387818966755,93,93
2018-10-31,roe,0.021432175143720925,0.03823335108537065,0.01680117594164972,93,93
2018-11-30,roe,-0.01227784607532463,-0.08676778677042754,-0.07448994069510291,93,93
2018-12-31,roe,-0.004687723142151615,0.09575431878483981,0.10044204192699142,93,94
2019-01-31,roe,0.0032415164446259748,0.05165630751782541,0.04841479107319944,93,94
2019-02-28,roe,0.006666853248745146,0.019686280217584628,0.013019426968839481,93,94
2019-03-31,roe,0.018295055481897377,0.04184614471331885,0.023551089231421473,94,94
2019-04-30,roe,-0.02772098380844725,-0.07245045068482833,-0.04472946687638108,94,94
2019-05-31,roe,0.00985202663017587,0.08410121508423105,0.07424918845405518,94,94
2019-06-30,roe,0.008522863321103928,0.016394465503252145,0.007871602182148217,94,94
2019-07-31,roe,-0.0014486525741453128,-0.018801437380562384,-0.01735278480641707,94,94
2019-08-31,roe,-0.015664930244460407,0.019635552901500892,0.0353004831459613,94,95
2019-09-30,roe,0.03357619706235637,0.03304359888702441,-0.0005325981753319611,94,95
2019-10-31,roe,0.002431448743819113,0.04317931754836811,0.040747868804548996,94,95
2019-11-30,roe,0.005216710548286811,0.037199209151513556,0.031982498603226744,95,95
2019-12-31,roe,-0.016281029546979593,-0.012886206462277266,0.003394823084702327,95,95
2020-01-31,roe,-0.0083477247248646,-0.07774633629613825,-0.06939861157127365,95,95
2020-02-29,roe,0.0672128200075022,-0.14070899384023913,-0.20792181384774133,95,95
2020-03-31,roe,-0.041080264216464185,0.1379274571612025,0.17900772137766668,95,95
2020-04-30,roe,0.021736805597450802,0.07913424163546032,0.057397436038009515,95,95
2020-05-31,roe,-0.00703106763830149,0.024915243121995563,0.03194631076029705,95,96
2020-06-30,roe,-0.0022895043587543226,0.04533801148581934,0.04762751584457366,95,96
2020-07-31,roe,-0.018583968821177424,0.05174108383549722,0.07032505265667464,95,96
2020-08-31,roe,0.02410972960446214,-0.018099857664400764,-0.042209587268862904,96,96
2020-09-30,roe,-0.016170473098834244,-0.02472062167119113,-0.008550148572356886,96,96
2020-10-31,roe,-0.11533710390173202,0.11509239862113374,0.23042950252286576,96,96
2020-11-30,roe,-0.011587846373118674,0.036713848012262094,0.04830169438538077,96,96
2020-12-31,roe,-0.01742067247150356,-0.016418904953809484,0.0010017675176940768,96,96
2021-01-31,roe,-0.09097312767713321,0.03109803721193652,0.12207116488906973,96,96
2021-02-28,roe,0.03060300831050885,0.06708543106037641,0.036482422749867564,96,97
2021-03-31,roe,-0.00018783562860288927,0.04862300962055002,0.04881084524915291,96,97
2021-04-30,roe,-0.015552828974004125,0.0092065944402425,0.024759423414246626,96,97
2021-05-31,roe,0.028953618405304367,0.030762817950349144,0.0018091995450447787,96,97
2021-06-30,roe,0.04576160668319453,0.02991344504638192,-0.015848161636812613,96,97
2021-07-31,roe,0.004540107198059064,0.024833228677283326,0.020293121479224262,96,97
2021-08-31,roe,-0.044843983917115145,-0.057039283934649396,-0.012195300017534251,97,97
2021-09-30,roe,0.029728750581309575,0.07160707780124025,0.04187832721993067,97,97
2021-10-31,roe,0.035618336896741196,-0.002539749918912493,-0.03815808681565369,97,97
2021-11-30,roe,0.006249657741864652,0.06031438749823281,0.05406472975636816,97,97
2021-12-31,roe,-0.038338564188930425,-0.0735546394813731,-0.035216075292442674,97,98
2022-01-31,roe,-0.006173266960652743,-0.019305623992083874,-0.013132357031431131,97,98
2022-02-28,roe,-0.01897497880503057,0.02894382826233233,0.0479188070673629,98,98
2022-03-31,roe,0.018575661268566884,-0.058885285734041115,-0.077460947002608,98,98
2022-04-30,roe,0.020512845414863163,0.0030304404682088837,-0.01748240494665428,98,98
2022-05-31,roe,0.006185420986351539,-0.09773605198895437,-0.1039214729753059,98,98
2022-06-30,roe,0.008519290088548806,0.10502728591783855,0.09650799582928975,98,98
2022-07-31,roe,-0.019968034905324332,-0.03778098992996757,-0.017812955024643237,98,98
2022-08-31,roe,0.008333351969755334,-0.08917092044880963,-0.09750427241856496,98,98
2022-09-30,roe,0.015892239506891365,0.11183407642578751,0.09594183691889614,98,98
2022-10-31,roe,0.039495837341072995,0.0876871723892793,0.0481913350482063,98,98
2022-11-30,roe,0.019353165931683937,-0.04748440077220397,-0.06683756670388791,98,98
2022-12-31,roe,-0.0354710797671305,0.06722249632257624,0.10269357608970674,98,98
2023-01-31,roe,-0.0067013657341010065,-0.027549794550869762,-0.020848428816768756,98,98
2023-02-28,roe,0.0043469079113074675,0.018251708433869408,0.01390480052256194,98,98
2023-03-31,roe,-0.004835352119759278,-0.0028647103009996782,0.0019706418187595996,98,98
2023-04-30,roe,-0.03756656128205843,-0.017347268251928286,0.020219293030130144,98,98
2023-05-31,roe,0.01733436395630837,0.10388519215257255,0.08655082819626418,98,98
2023-06-30,roe,0.008556573313700931,0.05550893966423219,0.04695236635053126,98,98
2023-07-31,roe,0.026227039338736675,-0.012520826560869478,-0.03874786589960615,98,98
2023-08-31,roe,0.002852133884562756,-0.048636013764490026,-0.05148814764905278,98,98
2023-09-30,roe,-0.000729179360214563,-0.04091762975604019,-0.04018845039582563,98,98
2023-10-31,roe,-0.019537838452399425,0.10259301343441857,0.12213085188681799,98,98
2023-11-30,roe,-0.012266482064109185,0.07084643896862254,0.08311292103273173,98,98
2023-12-31,roe,0.017058074919544218,0.008621685828945803,-0.008436389090598413,98,98
2024-01-31,roe,0.020973834453374335,0.06751238061605681,0.04653854616268248,98,98
2024-02-29,roe,-0.010993261071579219,0.04402460155705779,0.05501786262863701,98,98
2024-03-31,roe,-0.004963537909857624,-0.05439121909223591,-0.04942768118237829,98,99
2024-04-30,roe,-0.009970255115087756,0.03223602596420257,0.04220628107929033,98,99
2024-05-31,roe,0.022700080914393874,0.024996455289416197,0.0022963743750223234,98,99
2024-06-30,roe,-0.017926013205283062,0.026459627797836966,0.04438564100312003,98,99
2024-07-31,roe,-0.0027439614246533746,0.02755618853865918,0.030300149963312553,98,99
2024-08-31,roe,0.01057206443147387,0.040183908291772055,0.029611843860298186,99,99
2024-09-30,roe,0.0017237545395357816,-0.00934068997278364,-0.011064444512319421,99,99
2024-10-31,roe,0.0261389972874397,0.08221543965903384,0.05607644237159414,99,99
2024-11-30,roe,0.014489586615816674,-0.049648134868081784,-0.06413772148389846,99,99
2024-12-31,roe,-5.8636644642666436e-05,0.041772295508874326,0.04183093215351699,99,99
2025-01-31,roe,-0.020391988879830257,-0.008912739016214357,0.011479249863615898,99,99
2025-02-28,roe,-0.020730924598675662,-0.05411181714957917,-0.033380892550903506,99,99
2025-03-31,roe,0.022709399636073473,-0.007237667482460964,-0.029947067118534437,99,100
2025-04-30,roe,0.01942562720298857,0.06253821905673115,0.04311259185374258,99,100
2025-05-31,roe,-0.017553264620796972,0.030842234954874686,0.04839549957567166,100,100
2025-06-30,roe,2.3712604929093314e-05,0.012172273082573033,0.01214856047764394,100,100
2025-07-31,roe,-0.01851634957318864,0.02077011282198347,0.03928646239517211,100,100
2025-08-31,roe,-0.01805394076609468,0.019398248257852687,0.03745218902394737,100,100
2025-09-30,roe,-0.017513692436119062,-0.012121829022310977,0.005391863413808085,100,100
2025-10-31,roe,-0.035155094243744,0.009591257714293975,0.04474635195803798,100,100
2025-11-30,roe,0.00055965597279224,0.00858809286240366,0.00802843688961142,100,100
2025-12-31,roe,-0.022563475550909803,0.03539456496931674,0.057958040520226545,100,100
2026-01-31,roe,-0.004348720323886453,0.03464012664929395,0.038988846973180405,100,100
2026-02-28,roe,-0.010666465439266345,-0.07440791142597372,-0.06374144598670738,100,100
2026-03-31,roe,-0.017025844602370527,0.061436989648654766,0.07846283425102529,100,100
2026-04-30,roe,-0.012503902051084856,0.04497697495433018,0.057480877005415036,100,100
2006-06-30,pe,0.028709854797379284,-0.00711537362296268,-0.03582522842034196,73,73
2006-07-31,pe,-0.017062046262928794,0.016664453622174516,0.03372649988510331,72,72
2006-08-31,pe,-0.017747405189727294,0.018763335841230227,0.03651074103095752,72,72
2006-09-30,pe,-0.004313222463990567,0.04612052145861678,0.05043374392260735,73,73
2006-10-31,pe,0.005870602254043213,0.044223554047604044,0.03835295179356083,73,73
2006-11-30,pe,0.01892668268552453,0.011142855497571035,-0.007783827187953494,73,73
2006-12-31,pe,-0.022129929403039227,0.025261328625913536,0.04739125802895276,74,74
2007-01-31,pe,-0.00467457737000896,-0.0013130007300591194,0.0033615766399498407,74,74
2007-02-28,pe,0.016481157066596783,0.01503456609157939,-0.001446590975017391,74,74
2007-03-31,pe,0.02526019995683489,0.05192280625983996,0.026662606303005067,74,74
2007-04-30,pe,-0.007401425948351442,0.04245874444206653,0.04986017039041797,75,75
2007-05-31,pe,-0.01278350601846993,-0.019665209338147294,-0.006881703319677365,74,75
2007-06-30,pe,-0.03383403212183659,-0.046748906924892135,-0.012914874803055544,75,75
2007-07-31,pe,-0.0083930979654405,0.02527268737725616,0.03366578534269666,75,75
2007-08-31,pe,-0.013731240997488965,0.04013864453280946,0.05386988553029842,75,75
2007-09-30,pe,-0.020638781023882447,0.028804089948081812,0.04944287097196426,76,76
2007-10-31,pe,0.03746094967618544,-0.03525219798058873,-0.07271314765677417,76,76
2007-11-30,pe,-0.002213823837205627,-0.0041570177487262674,-0.0019431939115206406,76,76
2007-12-31,pe,0.09178566202477213,-0.015623940891494747,-0.10740960291626687,75,75
2008-01-31,pe,0.01444672385102556,-0.0126668554111831,-0.02711357926220866,75,75
2008-02-29,pe,-0.020648308275054098,-0.018535823444220424,0.002112484830833674,75,75
2008-03-31,pe,0.005220548013098972,0.07136603594506218,0.0661454879319632,75,75
2008-04-30,pe,-0.011475380377200604,0.022817920830666603,0.03429330120786721,75,75
2008-05-31,pe,-0.02596705295963754,-0.11637830695846131,-0.09041125399882377,75,75
2008-06-30,pe,0.00249512572805199,-0.0015110737936575283,-0.004006199521709519,75,75
2008-07-31,pe,0.011598866393587086,0.029420012622387214,0.017821146228800128,75,75
2008-08-31,pe,0.004916046849046479,-0.10357109479428495,-0.10848714164333143,75,75
2008-09-30,pe,0.01717120056977975,-0.19562330914150944,-0.2127945097112892,74,74
2008-10-31,pe,0.009722205405588671,-0.09496479716525864,-0.10468700257084732,74,74
2008-11-30,pe,0.0773061005707083,0.12880839976733952,0.05150229919663122,73,73
2008-12-31,pe,0.010598683196553507,-0.0763382991302017,-0.0869369823267552,68,68
2009-01-31,pe,-0.01341228799422707,-0.12040541623927596,-0.10699312824504889,67,67
2009-02-28,pe,0.02479287911282091,0.13128812791229127,0.10649524879947037,66,67
2009-03-31,pe,0.07616555322819787,0.21729125234242283,0.14112569911422496,65,66
2009-04-30,pe,0.043748818507289206,0.0693870941497526,0.02563827564246339,65,66
2009-05-31,pe,0.014801165918809783,0.0166137441654689,0.0018125782466591148,65,66
2009-06-30,pe,-0.0007586525804084282,0.08693707100767367,0.0876957235880821,64,65
2009-07-31,pe,-0.0002717775139349371,0.047022459739230346,0.04729423725316528,64,64
2009-08-31,pe,-0.009421458120437654,0.04205297587016166,0.05147443399059931,64,64
2009-09-30,pe,0.00014717983039813295,-0.023853494362615663,-0.024000674193013796,63,63
2009-10-31,pe,-0.002938549138669193,0.06022843724283101,0.0631669863815002,62,62
2009-11-30,pe,0.013590173096657908,0.05926802007017804,0.045677846973520134,63,63
2009-12-31,pe,0.04420001160689357,-0.01382303577249415,-0.05802304737938772,68,68
2010-01-31,pe,-0.026321052524086844,0.02530351919535954,0.051624571719446385,68,69
2010-02-28,pe,-0.010066998629782942,0.06846758147993125,0.07853458010971419,69,69
2010-03-31,pe,-0.04919357916459777,0.009190521760481195,0.05838410092507896,71,71
2010-04-30,pe,-0.004257400935720322,-0.05892152979795692,-0.0546641288622366,72,72
2010-05-31,pe,0.016948757071292314,-0.037765211148591646,-0.05471396821988396,73,73
2010-06-30,pe,-0.012043752851381248,0.06783950925869173,0.07988326211007298,74,74
2010-07-31,pe,0.0063246290846928135,-0.03366977921254669,-0.039994408297239506,75,75
2010-08-31,pe,0.0049529267462494475,0.10029960982130297,0.09534668307505352,75,75
2010-09-30,pe,-0.006918492675195793,0.04232027569523709,0.04923876837043288,76,76
2010-10-31,pe,-0.018669615111487,-0.008677422573188378,0.009992192538298625,76,76
2010-11-30,pe,0.002747895696843819,0.0673455635229165,0.06459766782607268,76,76
2010-12-31,pe,0.007123399275561611,0.03868785737726184,0.03156445810170023,77,77
2011-01-31,pe,-0.00028087648420969946,0.03306083086954908,0.03334170735375878,77,77
2011-02-28,pe,-0.00228453890089755,0.009531174908292818,0.011815713809190368,77,77
2011-03-31,pe,0.0014093683757459147,0.034681583587194656,0.03327221521144874,79,79
2011-04-30,pe,0.003077074023515195,-0.007591230853442284,-0.010668304876957479,79,79
2011-05-31,pe,-0.009379460630399811,-0.02695379931016808,-0.017574338679768268,79,79
2011-06-30,pe,-0.0018406166688867721,-0.03168876292790908,-0.029848146259022306,80,80
2011-07-31,pe,-0.008031080828685734,-0.06360635612790244,-0.05557527529921671,80,80
2011-08-31,pe,-0.011412990139626114,-0.1008025744728529,-0.08938958433322679,80,80
2011-09-30,pe,0.0430912206252229,0.16506236127829488,0.12197114065307198,79,80
2011-10-31,pe,-0.019767703139008715,-0.014812361053394734,0.00495534208561398,80,80
2011-11-30,pe,-0.009427605518184879,-0.0002563936747730533,0.009171211843411825,80,80
2011-12-31,pe,0.013907781922743515,0.08647677602040907,0.07256899409766555,80,80
2012-01-31,pe,0.01837852844711728,0.052841827953723074,0.034463299506605795,80,80
2012-02-29,pe,-0.02743652389684015,0.025227958694303287,0.05266448259114344,80,80
2012-03-31,pe,-0.004385466237759589,-0.002878059622619317,0.001507406615140272,80,81
2012-04-30,pe,-0.015409653466221085,-0.07875265565690581,-0.06334300219068473,81,81
2012-05-31,pe,0.006705298446172965,0.04608611718229838,0.039380818736125416,81,81
2012-06-30,pe,0.017220895890579145,0.01096193828689659,-0.006258957603682556,80,81
2012-07-31,pe,0.026270354352713708,0.050697042388219836,0.024426688035506128,80,80
2012-08-31,pe,0.014055879130594582,0.029610877083028696,0.015554997952434113,80,80
2012-09-30,pe,0.0213460807803772,0.010669663436129422,-0.010676417344247778,80,80
2012-10-31,pe,-0.001165909640082714,0.012134781737951477,0.01330069137803419,80,81
2012-11-30,pe,0.008784224694921988,0.04315857262083498,0.03437434792591299,80,81
2012-12-31,pe,0.01686495653825827,0.08243328723903084,0.06556833070077257,79,79
2013-01-31,pe,0.006975054813645764,0.007167416041214279,0.00019236122756851492,79,79
2013-02-28,pe,0.02140396829981134,0.05002715538560811,0.02862318708579677,79,79
2013-03-31,pe,0.005606380889532525,0.032334225408876656,0.02672784451934413,80,80
2013-04-30,pe,0.04175751607523097,0.045516741692497684,0.0037592256172667136,80,80
2013-05-31,pe,-0.0008671808155799252,-0.018421109812826346,-0.01755392899724642,80,80
2013-06-30,pe,0.004861978846389135,0.05550350786140742,0.05064152901501828,80,81
2013-07-31,pe,-0.007941134762320425,-0.029785404989711196,-0.021844270227390772,80,81
2013-08-31,pe,-0.020638427258834025,0.040200449514120856,0.06083887677295488,81,81
2013-09-30,pe,0.0024593336463486146,0.04850583776033939,0.04604650411399078,82,82
2013-10-31,pe,0.04381121157925713,0.04520680331147072,0.0013955917322135902,83,83
2013-11-30,pe,-0.004647034120667217,0.022270398618694617,0.026917432739361834,83,83
2013-12-31,pe,-0.021261296459998608,-0.022312677414367023,-0.0010513809543684163,84,84
2014-01-31,pe,-0.020146927550574616,0.04461042967535097,0.06475735722592559,84,84
2014-02-28,pe,0.049525845665832936,0.030557278963693132,-0.018968566702139804,84,84
2014-03-31,pe,0.01740222336214194,0.003130005521648496,-0.014272217840493442,84,85
2014-04-30,pe,-0.01293214429240003,0.026435874056394238,0.03936801834879427,84,85
2014-05-31,pe,-0.003923740801908555,0.027976800868833453,0.03190054167074201,84,85
2014-06-30,pe,-0.004066142981558394,-0.014540334646163692,-0.010474191664605299,86,86
2014-07-31,pe,0.001368303214643679,0.04627702206752552,0.04490871885288184,86,86
2014-08-31,pe,0.0074853302854542,-0.021658736871032824,-0.029144067156487024,86,86
2014-09-30,pe,-0.0036220246234297815,0.03435934795764964,0.03798137258107942,86,86
2014-10-31,pe,-0.00426775123479807,0.025685085786565566,0.029952837021363636,86,86
2014-11-30,pe,0.014137340040231969,0.00895382553584308,-0.005183514504388888,86,86
2014-12-31,pe,-0.041750810687812334,-0.033141712042423256,0.008609098645389078,85,86
2015-01-31,pe,0.026959656937622672,0.0669459728698512,0.039986315932228525,85,85
2015-02-28,pe,-0.017342128249549338,-0.01336758062542069,0.00397454762412865,85,85
2015-03-31,pe,-0.0007038788660111272,0.00706045422710007,0.007764333093111198,84,84
2015-04-30,pe,-0.0012122701761680364,0.024694317438140486,0.025906587614308522,84,84
2015-05-31,pe,-0.00491441362063097,-0.019398474245455627,-0.014484060624824657,84,84
2015-06-30,pe,-0.01941164330740031,0.012410843560508308,0.03182248686790862,84,84
2015-07-31,pe,0.010299711573659283,-0.05604688211283789,-0.06634659368649717,84,84
2015-08-31,pe,-0.006893556109802565,-0.037475523097641565,-0.030581966987839,84,84
2015-09-30,pe,0.00701843951332725,0.0681853536006409,0.06116691408731365,83,83
2015-10-31,pe,0.006742251570281702,0.01411214484459616,0.007369893274314458,83,84
2015-11-30,pe,-0.019096853442646965,-0.034480394584105456,-0.015383541141458493,83,84
2015-12-31,pe,-0.04009167184880631,-0.08455557657923182,-0.04446390473042551,83,83
2016-01-31,pe,0.010533770028955804,0.01585907184315508,0.005325301814199274,83,83
2016-02-29,pe,0.010119964568550285,0.08143010499197151,0.07131014042342122,83,83
2016-03-31,pe,-0.0013048819122491433,0.01393587874999406,0.015240760662243204,83,83
2016-04-30,pe,-0.025796939697773413,0.017348902415738984,0.0431458421135124,83,83
2016-05-31,pe,-0.046053420447513996,-0.026589026553288618,0.019464393894225378,83,83
2016-06-30,pe,0.014091415223448561,0.05653612833557209,0.04244471311212353,83,83
2016-07-31,pe,0.04277248117877022,0.034211219902813714,-0.008561261275956508,83,83
2016-08-31,pe,-0.01743757767170746,-0.00047161752467639984,0.01696596014703106,83,83
2016-09-30,pe,0.03577845275729959,0.004003280090970944,-0.03177517266632865,83,83
2016-10-31,pe,0.07321093018306726,0.0974956852056139,0.024284755022546636,83,84
2016-11-30,pe,0.014357051571590273,0.02396972859231914,0.009612677020728868,83,84
2016-12-31,pe,-0.011912451405859285,0.028097938401498792,0.04001038980735808,83,83
2017-01-31,pe,0.024596100386746495,0.05408315890249592,0.029487058515749422,83,83
2017-02-28,pe,-0.01971606376388293,-0.002554300478910654,0.01716176328497228,83,83
2017-03-31,pe,-0.007514978982369011,0.011191549217529042,0.018706528199898053,84,85
2017-04-30,pe,-0.04617007587124675,0.001203384599525669,0.04737346047077242,84,84
2017-05-31,pe,0.03221265971540265,0.0298784561155153,-0.0023342035998873516,84,84
2017-06-30,pe,-0.013269504168539469,0.016716036956579354,0.029985541125118823,85,86
2017-07-31,pe,-0.02942961783177774,-0.01313236347149583,0.01629725436028191,86,86
2017-08-31,pe,0.0402493580012007,0.050532215363012674,0.010282857361811974,86,86
2017-09-30,pe,-0.01147175645930128,0.020566587787340735,0.032038344246642016,87,87
2017-10-31,pe,0.021810952502689527,0.04243152051468998,0.02062056801200045,87,87
2017-11-30,pe,0.027316212819415427,0.023470843728779077,-0.0038453690906363517,87,87
2017-12-31,pe,-0.02899650492868401,0.04219623755135342,0.07119274248003743,86,86
2018-01-31,pe,-0.01595420040567179,-0.04869556143115414,-0.03274136102548235,85,85
2018-02-28,pe,-0.014731096907304496,-0.01430128451668856,0.0004298123906159363,85,85
2018-03-31,pe,-0.018423865784370528,-0.005475387103628771,0.012948478680741756,85,86
2018-04-30,pe,-0.04348171682028163,0.007026748652067696,0.05050846547234933,86,86
2018-05-31,pe,-0.01754357029295172,0.00039563967816247766,0.017939209971114197,86,86
2018-06-30,pe,0.01881681769270127,0.046694495127102296,0.027877677434401026,85,86
2018-07-31,pe,-0.047388370136782064,0.015522266925913736,0.0629106370626958,86,86
2018-08-31,pe,-0.02288582835890137,-0.009035418520847521,0.013850409838053851,86,86
2018-09-30,pe,0.02442986835186374,-0.06278366236247945,-0.0872135307143432,87,87
2018-10-31,pe,0.010344945773321568,0.025650548276691137,0.01530560250336957,87,87
2018-11-30,pe,-0.027038190230202416,-0.10347013731784024,-0.07643194708763783,87,87
2018-12-31,pe,0.03089413859099284,0.1332507059569938,0.10235656736600095,88,88
2019-01-31,pe,-0.014276420891560622,0.03724598673561111,0.05152240762717173,88,88
2019-02-28,pe,-0.046716460001640085,-0.010716209483206592,0.036000250518433495,88,88
2019-03-31,pe,0.03967662936172673,0.06819107995268978,0.028514450590963046,89,89
2019-04-30,pe,-0.048473159966756676,-0.0910106173861726,-0.04253745741941592,89,89
2019-05-31,pe,0.022155106542733713,0.0940157956065693,0.07186068906383558,89,89
2019-06-30,pe,-0.0022230525470492563,0.013738908513514472,0.015961961060563728,90,90
2019-07-31,pe,-0.05825638149254916,-0.05211915926368777,0.006137222228861386,90,90
2019-08-31,pe,0.07221968051612666,0.06617941143930427,-0.006040269076822391,90,90
2019-09-30,pe,0.025078582977363664,0.031427597896742286,0.006349014919378622,89,89
2019-10-31,pe,0.0047632502021857995,0.04893888193673461,0.04417563173454881,89,89
2019-11-30,pe,0.01720196083119207,0.032706084883016,0.015504124051823926,89,89
2019-12-31,pe,-0.04559894953879359,-0.026342840419119808,0.019256109119673785,88,88
2020-01-31,pe,-0.050922184665709684,-0.11084415429954558,-0.0599219696338359,88,88
2020-02-29,pe,-0.1017251841997937,-0.2382768604138259,-0.1365516762140322,88,88
2020-03-31,pe,-0.004690015096673078,0.14750658957907223,0.1521966046757453,86,86
2020-04-30,pe,-0.016653027535918588,0.051239391532612005,0.0678924190685306,86,86
2020-05-31,pe,-0.00785145617322986,0.022993109685235515,0.030844565858465376,86,86
2020-06-30,pe,-0.03972249403383026,0.038319979385808854,0.07804247341963912,82,83
2020-07-31,pe,-0.0173336611933479,0.04766404615110462,0.06499770734445252,83,83
2020-08-31,pe,-0.004236956483214947,-0.02589687960896156,-0.021659923125746612,83,83
2020-09-30,pe,0.028978998272725775,0.0007718244657902635,-0.02820717380693551,81,81
2020-10-31,pe,0.028132654475654217,0.1588264288096411,0.13069377433398688,81,81
2020-11-30,pe,-0.0015946102426997177,0.04477331411020533,0.04636792435290505,81,81
2020-12-31,pe,0.037171186565267356,0.016333009212917693,-0.020838177352349663,82,82
2021-01-31,pe,0.012009808622377126,0.057259654558273684,0.04524984593589656,82,82
2021-02-28,pe,0.08577105590007764,0.10483980622771043,0.019068750327632795,82,82
2021-03-31,pe,-0.012420194750327691,0.053095654453757114,0.0655158492040848,84,84
2021-04-30,pe,0.03962804466236465,0.038140866459978384,-0.0014871782023862686,84,85
2021-05-31,pe,-0.0640664649368547,-0.018057726293332393,0.046008738643522305,85,85
2021-06-30,pe,-0.047117960695801944,-0.005310798071226627,0.04180716262457532,88,88
2021-07-31,pe,0.022599737963741526,0.04572845772298635,0.023128719759244826,89,89
2021-08-31,pe,0.014898899849418848,-0.028416851722321293,-0.04331575157174014,89,89
2021-09-30,pe,-0.01421324281471447,0.049084457350079484,0.06329770016479395,90,90
2021-10-31,pe,0.009594987054895015,-0.02260929758039071,-0.032204284635285726,90,90
2021-11-30,pe,0.026840269582963615,0.06797219856272664,0.041131928979763026,90,90
2021-12-31,pe,0.11424751803163702,0.003010552091877644,-0.11123696593975937,92,92
2022-01-31,pe,0.03622731633907046,0.010962509444901524,-0.02526480689416894,92,92
2022-02-28,pe,-0.03312839987632677,0.007318447102187331,0.040446846978514105,92,92
2022-03-31,pe,0.030382701719274367,-0.061918015393299185,-0.09230071711257355,93,93
2022-04-30,pe,0.06819264420563625,0.048647398814077855,-0.0195452453915584,93,93
2022-05-31,pe,-0.044038078918192586,-0.13332146557894822,-0.08928338666075564,93,93
2022-06-30,pe,-0.018589487610096267,0.09538269807800996,0.11397218568810623,93,93
2022-07-31,pe,0.017501673470197758,-0.018382748215441995,-0.03588442168563975,93,93
2022-08-31,pe,-0.004019561981919995,-0.09383374709062285,-0.08981418510870286,93,93
2022-09-30,pe,0.06769675778508435,0.14462863921198307,0.07693188142689872,91,91
2022-10-31,pe,0.020959173239414347,0.07308897429042523,0.05212980105101088,91,91
2022-11-30,pe,0.0038099006143749725,-0.05860585222334225,-0.06241575283771722,91,91
2022-12-31,pe,0.020322287328280286,0.09600827064354005,0.07568598331525976,89,89
2023-01-31,pe,-0.010404044124907624,-0.029550230226206873,-0.01914618610129925,90,90
2023-02-28,pe,-0.07426897213960665,-0.038164256746567336,0.03610471539303931,89,90
2023-03-31,pe,-0.00424346616457257,0.005698523143448224,0.009941989308020795,90,91
2023-04-30,pe,-0.040991165190310666,-0.03916563349605512,0.0018255316942555457,90,90
2023-05-31,pe,0.02235557227468314,0.0994429499334151,0.07708737765873196,90,90
2023-06-30,pe,0.0570961640977609,0.07095689499007934,0.013860730892318446,92,92
2023-07-31,pe,-0.016933088914782533,-0.02812657463910004,-0.011193485724317508,91,92
2023-08-31,pe,0.0353974879113535,-0.02799259826030431,-0.06339008617165781,92,92
2023-09-30,pe,-0.00337469647476768,-0.04098336997892594,-0.03760867350415826,92,92
2023-10-31,pe,-0.030674692210640772,0.08600848822212219,0.11668318043276296,92,93
2023-11-30,pe,0.001989764387334697,0.0688190209914528,0.0668292566041181,92,93
2023-12-31,pe,0.008441373647319868,0.0003550289271873231,-0.008086344720132544,93,93
2024-01-31,pe,-0.032074366921840604,0.04373164374842813,0.07580601067026874,93,94
2024-02-29,pe,0.04751432724478341,0.07528633152101691,0.027772004276233494,93,94
2024-03-31,pe,0.009559045233191996,-0.052477679726557425,-0.06203672495974942,94,94
2024-04-30,pe,0.0029509923624863044,0.03288223722838119,0.029931244865894886,94,94
2024-05-31,pe,-0.044297664965804465,-0.018502577773205537,0.025795087192598928,94,94
2024-06-30,pe,0.041801501256056736,0.05776052657886405,0.015959025322807314,94,94
2024-07-31,pe,-0.02127768077692158,0.019844673146541026,0.041122353923462605,94,94
2024-08-31,pe,-0.02305433927907751,0.01680457101154812,0.03985891029062563,94,95
2024-09-30,pe,0.004600534694479291,0.0014788517679745028,-0.003121682926504788,94,94
2024-10-31,pe,-0.003893468557987431,0.08376395895654869,0.08765742751453612,94,94
2024-11-30,pe,-0.022786828422325385,-0.0710870554531997,-0.04830022703087431,94,94
2024-12-31,pe,-0.0048607869839350296,0.0361627634618894,0.04102355044582443,95,96
2025-01-31,pe,0.030099556578468824,-0.0012824330016538734,-0.0313819895801227,95,95
2025-02-28,pe,0.03340881475302084,-0.026406743325254084,-0.059815558078274926,95,95
2025-03-31,pe,-0.046687668624218734,-0.03575193098331682,0.010935737640901918,94,94
2025-04-30,pe,-0.013545701880455757,0.049223153013398496,0.06276885489385425,94,94
2025-05-31,pe,0.00782790738133516,0.04562295212208387,0.03779504474074871,94,94
2025-06-30,pe,-0.004419680467895631,0.014153171092432592,0.018572851560328223,94,95
2025-07-31,pe,0.06390506201713078,0.0647286873048921,0.0008236252877613181,94,95
2025-08-31,pe,-0.022256320571162266,0.011983134596034617,0.03423945516719688,95,95
2025-09-30,pe,-0.038691265972567196,-0.022853530722663985,0.015837735249903215,94,94
2025-10-31,pe,0.03805293815993232,0.035997069717584096,-0.002055868442348223,94,94
2025-11-30,pe,0.021736578408585512,0.025731555629377803,0.003994977220792293,94,94
2025-12-31,pe,0.025656953304788822,0.024250379710999064,-0.0014065735937897569,94,94
2026-01-31,pe,-0.001206231708877549,0.032576884669287,0.03378311637816455,94,94
2026-02-28,pe,0.037546828937949965,-0.03292495162421693,-0.0704717805621669,94,94
2026-03-31,pe,-0.056107287596378674,0.04624728329161171,0.10235457088799038,94,94
2026-04-30,pe,-0.033196754719091226,0.00932782899659031,0.04252458371568154,95,95
2007-06-30,momentum,0.0025198641794140393,-0.025720491769341658,-0.028240355948755697,78,79
2007-07-31,momentum,-0.00840955444458353,0.018119261456231193,0.026528815900814722,78,79
2007-08-31,momentum,0.05774135123797092,0.06833609997399104,0.01059474873602012,78,79
2007-09-30,momentum,0.06747609446232615,0.06546384269170225,-0.002012251770623899,78,79
2007-10-31,momentum,0.030881938919215,-0.04138712555382575,-0.07226906447304075,79,79
2007-11-30,momentum,0.050657387742698984,0.016947436824481882,-0.0337099509182171,79,79
2007-12-31,momentum,-0.13462865825364081,-0.11338251269095126,0.02124614556268955,79,79
2008-01-31,momentum,0.02941366204245181,-0.0010942507722181557,-0.030507912814669965,79,79
2008-02-29,momentum,-0.00249138826189173,0.00017786955945950613,0.002669257821351236,79,79
2008-03-31,momentum,0.0012491169044406558,0.07417415438453963,0.07292503748009897,79,79
2008-04-30,momentum,0.02055724650729361,0.03858314621825475,0.018025899710961142,79,80
2008-05-31,momentum,0.09374067173518953,-0.06356959956100854,-0.15731027129619807,80,80
2008-06-30,momentum,-0.05411542150315732,-0.027679770327700505,0.026435651175456813,80,80
2008-07-31,momentum,-0.07810421412156635,-0.008589634568652964,0.06951457955291337,80,80
2008-08-31,momentum,-0.004455579295213147,-0.1014534492925401,-0.09699786999732696,80,80
2008-09-30,momentum,0.08385397091485838,-0.15898079857967687,-0.24283476949453525,80,80
2008-10-31,momentum,0.07434402403601921,-0.0820164236084515,-0.1563604476444707,79,79
2008-11-30,momentum,-0.12676805620042875,0.008937327092089763,0.13570538329251852,78,78
2008-12-31,momentum,0.03281907079771494,-0.08107948344384812,-0.11389855424156306,78,78
2009-01-31,momentum,0.0427771214510866,-0.09212999471569876,-0.13490711616678536,77,78
2009-02-28,momentum,-0.07102299248523132,0.06891883897295555,0.13994183145818687,76,76
2009-03-31,momentum,-0.29389749017754163,0.03549648548571814,0.3293939756632598,77,77
2009-04-30,momentum,-0.1341167340636104,-0.022295796714421928,0.11182093734918848,79,80
2009-05-31,momentum,0.03173027347198248,0.024736792441605242,-0.006993481030377236,80,80
2009-06-30,momentum,-0.05411771261445972,0.07423468699458399,0.1283523996090437,80,80
2009-07-31,momentum,-0.1091783213612164,0.03204303937003185,0.14122136073124825,81,81
2009-08-31,momentum,-0.05625825209944607,0.024114438915513983,0.08037269101496006,81,82
2009-09-30,momentum,0.0013980242102511475,-0.04144545537574973,-0.04284347958600088,81,81
2009-10-31,momentum,0.02248851707713767,0.07970689619440183,0.057218379117264156,81,81
2009-11-30,momentum,0.01952806047048558,0.06744775183483678,0.0479196913643512,81,81
2009-12-31,momentum,-0.04843668171190409,-0.06071518804544235,-0.012278506333538261,81,81
2010-01-31,momentum,0.03903651984958626,0.05943640421982779,0.020399884370241532,81,82
2010-02-28,momentum,0.055321372364966585,0.10714613840176418,0.051824766036797594,81,82
2010-03-31,momentum,0.024447157328283054,0.050884741334475014,0.02643758400619196,82,82
2010-04-30,momentum,0.0016769869248159652,-0.06474506055267046,-0.06642204747748642,81,82
2010-05-31,momentum,-0.023225833028501577,-0.06836047699472095,-0.04513464396621937,81,82
2010-06-30,momentum,0.013373702235006224,0.08106390122006933,0.06769019898506311,81,82
2010-07-31,momentum,-0.0029661745254652983,-0.04772400833097265,-0.04475783380550735,81,82
2010-08-31,momentum,-0.005312463382349933,0.10118010120731465,0.10649256458966458,82,82
2010-09-30,momentum,0.023021951272547563,0.04972178736683797,0.02669983609429041,82,82
2010-10-31,momentum,0.040714117547259586,0.03617205378673626,-0.004542063760523322,82,82
2010-11-30,momentum,-0.037412630010291104,0.05221361958832339,0.0896262495986145,82,82
2010-12-31,momentum,-0.03268764912595426,0.017627300779460373,0.05031494990541464,82,82
2011-01-31,momentum,0.026250556062019467,0.04436931990901784,0.01811876384699837,82,83
2011-02-28,momentum,0.01069560737106788,0.024036353020647404,0.013340745649579523,83,83
2011-03-31,momentum,-0.0068624521398706305,0.02870644548427515,0.03556889762414578,83,83
2011-04-30,momentum,-0.008248011469440937,-0.011157794438558157,-0.002909782969117221,83,83
2011-05-31,momentum,0.02407991533173835,-0.004581150466074674,-0.028661065797813023,83,83
2011-06-30,momentum,0.00395546546151665,-0.03378529588008452,-0.03774076134160117,83,84
2011-07-31,momentum,-0.0002374535912268716,-0.06699891045581761,-0.06676145686459074,84,84
2011-08-31,momentum,0.01843739515970294,-0.07473867629477562,-0.09317607145447857,83,84
2011-09-30,momentum,-0.07638910812089267,0.1046708461059819,0.18105995422687457,83,83
2011-10-31,momentum,0.02537293620103674,0.00330954337152948,-0.022063392829507263,84,84
2011-11-30,momentum,0.006782304950025421,0.0021418073745207685,-0.004640497575504652,84,84
2011-12-31,momentum,-0.10623492027502346,0.04111103133652053,0.14734595161154398,84,85
2012-01-31,momentum,0.004795433711716729,0.05131524929048044,0.04651981557876371,84,85
2012-02-29,momentum,0.027291342888662008,0.04659236210686204,0.01930101921820003,85,85
2012-03-31,momentum,0.05584543231934683,0.02250990508261719,-0.03333552723672963,85,85
2012-04-30,momentum,0.044462640935490606,-0.04784174454101398,-0.09230438547650459,85,85
2012-05-31,momentum,-0.02097336371402805,0.02084383114092615,0.0418171948549542,85,86
2012-06-30,momentum,0.012149832716427387,0.015484593877531299,0.003334761161103912,86,86
2012-07-31,momentum,-0.04485201392954968,0.01039794928191983,0.055249963211469515,85,86
2012-08-31,momentum,-0.0129261099860535,0.017896133966034657,0.030822243952088157,85,86
2012-09-30,momentum,0.004529836436532911,-0.002067166135419017,-0.006597002571951928,86,86
2012-10-31,momentum,-0.01586329568793256,0.01858541377842864,0.0344487094663612,86,86
2012-11-30,momentum,-0.009234208306620799,0.025313326154974745,0.034547534461595544,86,86
2012-12-31,momentum,0.010650862015611023,0.07396633084534222,0.0633154688297312,86,86
2013-01-31,momentum,0.0017812438515251872,0.012237857450280382,0.010456613598755195,86,86
2013-02-28,momentum,0.014786068922038778,0.05458374934922264,0.03979768042718386,86,86
2013-03-31,momentum,-0.002754131452675442,0.02042959785015649,0.023183729302831933,86,86
2013-04-30,momentum,0.02515713508166382,0.0620302175914558,0.03687308250979198,86,87
2013-05-31,momentum,-0.00969245320297646,-0.01813880142850618,-0.008446348225529721,87,87
2013-06-30,momentum,0.028508825034041715,0.06979858603218562,0.04128976099814391,87,87
2013-07-31,momentum,0.005299667262594449,-0.010061881561534432,-0.01536154882412888,87,87
2013-08-31,momentum,0.04320647339757743,0.07687013146743353,0.0336636580698561,87,87
2013-09-30,momentum,0.024644181373248628,0.053800124703764905,0.029155943330516278,87,87
2013-10-31,momentum,0.04239574484708734,0.042058996479380675,-0.0003367483677066622,87,88
2013-11-30,momentum,0.002915166928882603,0.032562465315516195,0.029647298386633592,87,88
2013-12-31,momentum,-0.001135367283400376,0.0071704810728231705,0.008305848356223547,87,88
2014-01-31,momentum,0.021270301306677113,0.0675443048363011,0.046274003529623985,88,88
2014-02-28,momentum,-0.03440403183212251,-0.02160468648981171,0.012799345342310803,88,88
2014-03-31,momentum,-0.044977523446921186,-0.026843280003558442,0.018134243443362744,88,88
2014-04-30,momentum,0.024272068355186756,0.04263968237900261,0.018367614023815856,88,88
2014-05-31,momentum,0.018221259607586363,0.04228238304644086,0.024061123438854495,88,88
2014-06-30,momentum,-0.009403143358391331,-0.01980892102582262,-0.010405777667431287,89,89
2014-07-31,momentum,-0.003021607796042179,0.05004580658195313,0.05306741437799531,89,89
2014-08-31,momentum,0.0030558080929068646,-0.015004208973649241,-0.018060017066556106,89,89
2014-09-30,momentum,-0.02318985861975904,0.019588128330446947,0.04277798695020599,89,89
2014-10-31,momentum,0.019194693494818747,0.04986017319060784,0.030665479695789095,89,89
2014-11-30,momentum,-0.009668924850361194,-0.0015168309758144824,0.00815209387454671,89,89
2014-12-31,momentum,0.04883900979203272,0.01784171912408842,-0.0309972906679443,89,90
2015-01-31,momentum,-0.06764060370997807,0.027556203930083234,0.0951968076400613,89,90
2015-02-28,momentum,0.029846135141988576,0.013660265774741524,-0.016185869367247054,89,90
2015-03-31,momentum,-0.08566690485601891,-0.03644047346360539,0.049226431392413526,90,90
2015-04-30,momentum,0.05904550601032872,0.04631311122288122,-0.012732394787447508,90,90
2015-05-31,momentum,0.030239593230682694,0.001053856552523216,-0.029185736678159477,90,90
2015-06-30,momentum,0.05406771188264418,0.03738809426439903,-0.01667961761824515,90,90
2015-07-31,momentum,0.014899364725598684,-0.046280325119591646,-0.06117968984519033,90,90
2015-08-31,momentum,0.04924497780136616,-0.018161266710058067,-0.06740624451142423,90,90
2015-09-30,momentum,-0.036622471777993326,0.06033015764312326,0.09695262942111658,90,91
2015-10-31,momentum,0.022631810421182473,0.01573160257852491,-0.006900207842657564,91,91
2015-11-30,momentum,0.029955737180687118,-0.021363774019536073,-0.05131951120022319,91,91
2015-12-31,momentum,0.01999690510523662,-0.05130604215369147,-0.07130294725892809,91,91
2016-01-31,momentum,-0.05510622163730546,-0.0049343907810561315,0.05017183085624933,90,91
2016-02-29,momentum,-0.0418323282820359,0.06752976317540392,0.10936209145743982,91,91
2016-03-31,momentum,-0.04969772017107863,-0.011583829421577497,0.03811389074950113,91,91
2016-04-30,momentum,0.01584425266948775,0.03758796413090532,0.021743711461417573,91,91
2016-05-31,momentum,0.06175240753015766,0.03583653202931864,-0.025915875500839018,91,91
2016-06-30,momentum,-0.054016539694615937,0.022109851754006787,0.07612639144862272,91,91
2016-07-31,momentum,-0.05561588914819876,-0.011225007572738355,0.04439088157546041,91,92
2016-08-31,momentum,0.010666080900440383,0.00969808879158462,-0.0009679921088557647,92,92
2016-09-30,momentum,-0.014833435047980147,-0.029057756705483474,-0.014224321657503328,92,92
2016-10-31,momentum,-0.04068268787981283,0.040626307651127166,0.08130899553094,92,92
2016-11-30,momentum,-0.017351255206726413,0.0016869336790509234,0.019038188885777338,92,92
2016-12-31,momentum,-0.013142943334790005,0.03620425080863491,0.049347194143424915,92,92
2017-01-31,momentum,-0.00813108315892249,0.03754603416878895,0.04567711732771144,92,93
2017-02-28,momentum,0.017641137895152134,0.008072426942455442,-0.00956871095269669,92,93
2017-03-31,momentum,0.011641214122816242,0.00887069027787596,-0.002770523844940281,92,93
2017-04-30,momentum,0.037264507889505076,0.03472093884854973,-0.002543569040955348,92,93
2017-05-31,momentum,-0.02632320334840059,-0.008507168539173675,0.017816034809226913,92,93
2017-06-30,momentum,0.014998935638248792,0.030000546158401406,0.015001610520152614,92,93
2017-07-31,momentum,0.02267488936579596,0.007143913811701303,-0.015530975554094655,93,93
2017-08-31,momentum,-0.0073233739934938265,0.026921153882944134,0.03424452787643796,93,93
2017-09-30,momentum,0.05954790300890524,0.04824252645747187,-0.011305376551433372,93,93
2017-10-31,momentum,-0.03352174004974,0.02040296461332727,0.05392470466306727,93,93
2017-11-30,momentum,-0.036973139248589214,-0.0037777262106917686,0.03319541303789744,93,93
2017-12-31,momentum,0.04456023613584621,0.07623226567516136,0.03167202953931515,93,93
2018-01-31,momentum,0.04005930959980319,-0.020209975316483754,-0.06026928491628694,93,93
2018-02-28,momentum,-0.009813431849099531,-0.002193478964394125,0.007619952884705406,93,93
2018-03-31,momentum,-0.01360354187335987,-0.005033093316608017,0.008570448556751853,93,93
2018-04-30,momentum,0.05697726636234373,0.06764361117802155,0.01066634481567782,93,94
2018-05-31,momentum,-0.040425875953448195,-0.003942865662309261,0.036483010291138936,94,94
2018-06-30,momentum,-0.02987251892235728,0.018530053083156535,0.048402572005513816,94,94
2018-07-31,momentum,0.0725318743029895,0.0878523498485809,0.015320475545591388,94,94
2018-08-31,momentum,0.010634500949972111,0.003987329063204164,-0.006647171886767948,94,94
2018-09-30,momentum,-0.04480951720245292,-0.10229630344508328,-0.05748678624263036,94,94
2018-10-31,momentum,-0.026767196427454225,0.007687835477779537,0.03445503190523376,94,94
2018-11-30,momentum,0.009776684530795707,-0.08724610668930229,-0.09702279122009799,94,94
2018-12-31,momentum,-0.05250304843648977,0.0871659663354138,0.13966901477190358,94,94
2019-01-31,momentum,0.00800825460130243,0.05749989353223852,0.04949163893093609,94,94
2019-02-28,momentum,0.03429736492911124,0.02894492610586753,-0.005352438823243716,94,94
2019-03-31,momentum,-0.04108323970473668,0.024224590135022674,0.06530782983975936,94,94
2019-04-30,momentum,0.06593052972916195,-0.04354772584362229,-0.10947825557278425,94,94
2019-05-31,momentum,-0.046772647927993294,0.0669364001905566,0.1137090481185499,94,94
2019-06-30,momentum,0.005830362813634563,0.014716009466188822,0.00888564665255426,94,94
2019-07-31,momentum,0.09599135981874507,0.02288656306436404,-0.07310479675438103,94,95
2019-08-31,momentum,-0.08678364832009135,-0.013275431702334908,0.07350821661775644,94,95
2019-09-30,momentum,-0.03463845917785397,-0.003750183028910549,0.03088827614894342,94,95
2019-10-31,momentum,-0.02913077547545357,0.03576271827531318,0.06489349375076675,95,95
2019-11-30,momentum,-0.03380076505204824,0.018653130662775193,0.05245389571482343,95,95
2019-12-31,momentum,0.040125814716426976,0.013131897633169857,-0.02699391708325712,95,95
2020-01-31,momentum,0.01946971475956283,-0.06468423019704869,-0.08415394495661152,95,95
2020-02-29,momentum,0.1285575057287416,-0.13608366797378532,-0.26464117370252693,95,95
2020-03-31,momentum,-0.11268427154902545,0.11492999781482761,0.22761426936385307,95,95
2020-04-30,momentum,0.0398676263440852,0.07587310552368297,0.03600547917959777,96,96
2020-05-31,momentum,-0.006480164976515362,0.03047831923543538,0.03695848421195074,96,96
2020-06-30,momentum,0.06975896895633524,0.07538045312350117,0.005621484167165925,96,97
2020-07-31,momentum,-0.005781045148503229,0.054437586375290725,0.060218631523793954,96,97
2020-08-31,momentum,0.023063156403097806,-0.025519224435607543,-0.04858238083870535,96,97
2020-09-30,momentum,-0.023854929810983742,-0.01818933845300668,0.005665591357977062,97,97
2020-10-31,momentum,-0.13987822651278026,0.12010952949379573,0.259987756006576,97,97
2020-11-30,momentum,-0.022042644606033043,0.03497935737148751,0.05702200197752055,97,97
2020-12-31,momentum,0.016046507443404367,0.01111378196263264,-0.004932725480771726,97,97
2021-01-31,momentum,-0.08170051945537474,0.03896054697661103,0.12066106643198576,97,97
2021-02-28,momentum,-0.06546210678566965,0.018488975677098913,0.08395108246276856,97,97
2021-03-31,momentum,0.008023661423228697,0.047515576716950315,0.03949191529372162,97,97
2021-04-30,momentum,0.018841968345255204,0.028117293605790003,0.0092753252605348,97,97
2021-05-31,momentum,-0.015600312160789087,-0.0016566815202686547,0.013943630640520432,97,97
2021-06-30,momentum,-0.006883620890706333,0.009623348825759671,0.016506969716466004,97,97
2021-07-31,momentum,0.029716450897600125,0.04134960623649277,0.01163315533889264,97,97
2021-08-31,momentum,0.0058302222707468515,-0.03170325934433626,-0.03753348161508311,97,97
2021-09-30,momentum,0.04603165973741914,0.08298014184297742,0.036948482105558275,97,97
2021-10-31,momentum,-0.0034987724354269938,-0.02534705781008426,-0.021848285374657266,97,97
2021-11-30,momentum,-0.03923307399466085,0.03883884860905158,0.07807192260371243,97,98
2021-12-31,momentum,-0.05399418403557733,-0.06621355894932714,-0.012219374913749805,98,98
2022-01-31,momentum,0.039086050656831656,0.01251863438259965,-0.02656741627423201,98,98
2022-02-28,momentum,0.03646478963952065,0.0514985975135678,0.01503380787404715,98,98
2022-03-31,momentum,0.012512363211705832,-0.06863579008902018,-0.08114815330072601,98,98
2022-04-30,momentum,0.02457413797871125,0.020636384007469297,-0.003937753971241954,98,99
2022-05-31,momentum,0.022344873019018135,-0.10129290961376451,-0.12363778263278265,98,99
2022-06-30,momentum,-0.07860098919888134,0.057522534360793194,0.13612352355967453,98,99
2022-07-31,momentum,0.050373552267815216,0.010225042575656162,-0.04014850969215906,99,99
2022-08-31,momentum,0.031901082515674,-0.07568972676325261,-0.10759080927892661,99,99
2022-09-30,momentum,0.03639684599973844,0.134185264529458,0.09778841852971956,99,99
2022-10-31,momentum,-0.018194721277509276,0.04501044265353209,0.06320516393104136,99,99
2022-11-30,momentum,0.042638209304245556,-0.04052016960660104,-0.0831583789108466,99,99
2022-12-31,momentum,-0.1486786168939517,0.015411420515086743,0.16409003740903844,98,99
2023-01-31,momentum,0.010758251441446126,-0.011651128415699586,-0.022409379857145712,99,99
2023-02-28,momentum,-0.004290033454093019,0.0031667642049797618,0.007456797659072781,99,99
2023-03-31,momentum,0.017055815378670014,0.009483110982026076,-0.007572704396643936,99,99
2023-04-30,momentum,-0.015184300891009495,-0.008358589675560283,0.006825711215449212,99,99
2023-05-31,momentum,-0.011164296634145046,0.0896810776516959,0.10084537428584095,99,99
2023-06-30,momentum,-0.02213913111807364,0.03603040012530888,0.05816953124338252,99,99
2023-07-31,momentum,0.017540153382787728,-0.014968377927384355,-0.03250853131017208,99,99
2023-08-31,momentum,0.004353579170269899,-0.05289948984238212,-0.05725306901265202,99,99
2023-09-30,momentum,0.005330846477032365,-0.044960954387690814,-0.05029180086472318,99,99
2023-10-31,momentum,0.01676457362377326,0.12314000002723699,0.10637542640346373,99,99
2023-11-30,momentum,-0.033258461003254386,0.06883576628027636,0.10209422728353075,99,99
2023-12-31,momentum,0.057524381060597166,0.025328948422371166,-0.032195432638226,99,99
2024-01-31,momentum,0.09093650750520081,0.11822143206059928,0.02728492455539847,99,99
2024-02-29,momentum,-0.01164902846741269,0.05109764626335379,0.06274667473076648,99,99
2024-03-31,momentum,-0.01525281444366796,-0.04765307738233011,-0.03240026293866215,99,99
2024-04-30,momentum,0.025589963370881624,0.057283928884338614,0.03169396551345699,99,99
2024-05-31,momentum,0.023675631981649826,0.01103954909837283,-0.012636082883276998,99,99
2024-06-30,momentum,-0.036413884283797444,0.009461977938520784,0.04587586222231823,99,99
2024-07-31,momentum,0.027852986095923973,0.0362190164929349,0.008366030397010926,99,99
2024-08-31,momentum,0.012309052446766392,0.03788978336257582,0.025580730915809428,99,99
2024-09-30,momentum,0.04621196036052372,0.009289893797600509,-0.03692206656292321,99,100
2024-10-31,momentum,0.08396857918233254,0.13570686560315282,0.051738286420820276,99,100
2024-11-30,momentum,-0.004431942830876827,-0.0609240567567901,-0.05649211392591327,99,100
2024-12-31,momentum,0.05259625532286699,0.06930166237807638,0.016705407055209384,99,100
2025-01-31,momentum,-0.03983267938598567,-0.04233242609357621,-0.0024997467075905423,99,100
2025-02-28,momentum,-0.022730116048583403,-0.06736300305289712,-0.04463288700431372,99,100
2025-03-31,momentum,0.04395372897394099,0.0029602689599778765,-0.04099346001396311,100,100
2025-04-30,momentum,0.01453090403438552,0.061072293183927616,0.046541389149542096,100,100
2025-05-31,momentum,-0.0005354575350096993,0.055548874453212535,0.056084331988222234,100,100
2025-06-30,momentum,0.025790790483229364,0.034384375436756535,0.008593584953527172,100,100
2025-07-31,momentum,-0.03638188653626087,0.015546337317578953,0.05192822385383983,100,100
2025-08-31,momentum,0.082380525643082,0.07013374064588833,-0.012246784997193666,100,100
2025-09-30,momentum,0.02970994820553885,0.015901332286418976,-0.013808615919119875,100,100
2025-10-31,momentum,-0.01835644037968113,0.003330456138091458,0.021686896517772586,100,100
2025-11-30,momentum,-0.0015146912505820728,0.015304717267152901,0.016819408517734974,100,100
2025-12-31,momentum,0.049032449953310395,0.06248144179646406,0.013448991843153662,100,100
2026-01-31,momentum,0.057150171105216065,0.05631593827388868,-0.0008342328313273895,100,100
2026-02-28,momentum,0.006470922126312922,-0.059196766758255234,-0.06566768888456816,100,100
2026-03-31,momentum,0.1433415443324184,0.16012672750213383,0.016785183169715424,100,100
2026-04-30,momentum,0.0539794325181759,0.07025124866224947,0.01627181614407357,100,100
2010-05-31,trend,0.029767924820269007,-0.0385436958046845,-0.06831162062495351,78,78
2010-06-30,trend,0.058999790915870716,0.10874285969047967,0.049743068774608955,78,78
2010-07-31,trend,-0.02186504243401584,-0.051267056734108564,-0.029402014300092726,78,78
2010-08-31,trend,-0.005421910413523148,0.11096171404747586,0.11638362446099901,78,78
2010-09-30,trend,-6.526439820375013e-05,0.04297136295899877,0.04303662735720252,78,78
2010-10-31,trend,0.006212912681680782,0.017316112336901786,0.011103199655221004,78,78
2010-11-30,trend,0.01052755576965999,0.07097081194011053,0.060443256170450536,78,78
2010-12-31,trend,-0.0023554363149503495,0.028962793712989213,0.03131823002793956,78,78
2011-01-31,trend,-0.029081179487669327,0.02471777794787526,0.05379895743554459,78,78
2011-02-28,trend,0.015644130624412687,0.02206404765346748,0.006419917029054796,78,78
2011-03-31,trend,-0.0063431520372364165,0.027612467682200655,0.03395561971943707,79,79
2011-04-30,trend,0.0033198445614507867,-0.0031001573734696945,-0.006420001934920481,79,79
2011-05-31,trend,0.026403100331038196,-0.008227535313463966,-0.03463063564450216,80,80
2011-06-30,trend,-0.01864353929535243,-0.045706155218834435,-0.027062615923482004,80,80
2011-07-31,trend,-0.067819369909912,-0.08791228357480636,-0.020092913664894362,80,80
2011-08-31,trend,0.07680948600147278,-0.03392354454512048,-0.11073303054659327,80,80
2011-09-30,trend,0.018898237474453294,0.14951911740906093,0.13062087993460764,80,80
2011-10-31,trend,0.011689891639353111,0.00045044052312485233,-0.011239451116228259,80,80
2011-11-30,trend,0.049741810324727465,0.030147020451952423,-0.019594789872775045,81,81
2011-12-31,trend,0.10295498840272713,0.13744754827897093,0.034492559876243806,81,81
2012-01-31,trend,0.0025393388711710332,0.037272227572292205,0.03473288870112117,81,81
2012-02-29,trend,-0.02237963313494382,0.019862674230188556,0.042242307365132375,81,81
2012-03-31,trend,-0.024756744839068978,-0.016989621113006156,0.007767123726062823,81,81
2012-04-30,trend,0.030208158768591516,-0.048745662056068055,-0.07895382082465957,82,82
2012-05-31,trend,0.03824271122524212,0.04825640991268605,0.010013698687443931,82,82
2012-06-30,trend,7.98866672444944e-05,-0.005987372449335137,-0.0060672591165796316,82,82
2012-07-31,trend,-0.020786427062486377,0.020075492192073528,0.040861919254559904,82,82
2012-08-31,trend,-0.012593599178948249,0.01839997288516166,0.03099357206410991,82,82
2012-09-30,trend,-0.01155602347547149,-0.005426617418131641,0.006129406057339849,82,82
2012-10-31,trend,0.011944262116907342,0.030212915620470605,0.018268653503563263,82,82
2012-11-30,trend,-0.015341592570841295,0.01974604292999178,0.035087635500833075,82,82
2012-12-31,trend,0.018939429979455087,0.0689572151831572,0.05001778520370211,82,82
2013-01-31,trend,-0.008844838164719095,0.008793371039827932,0.017638209204547027,82,82
2013-02-28,trend,-0.0014538733104126622,0.04996389000020215,0.05141776331061481,82,82
2013-03-31,trend,0.003197712021159333,0.02005671025083551,0.016858998229676177,82,82
2013-04-30,trend,-0.0029351418187405012,0.03170971721304337,0.034644859031783874,82,82
2013-05-31,trend,-0.0021800080632501245,-0.006315016271708018,-0.004135008208457893,82,82
2013-06-30,trend,0.015229436191308066,0.055166244969811956,0.03993680877850389,82,82
2013-07-31,trend,0.00891004315761936,-0.010259367873764047,-0.019169411031383407,82,82
2013-08-31,trend,0.000761185762301074,0.049497405245378406,0.04873621948307733,82,82
2013-09-30,trend,-0.005839917127382584,0.03954685626159255,0.045386773388975135,82,82
2013-10-31,trend,-0.018464718489756057,0.013900589457994546,0.0323653079477506,82,82
2013-11-30,trend,-0.021066127927292712,0.020053786100297115,0.04111991402758983,83,83
2013-12-31,trend,0.0047079510093403915,-0.01022687045821032,-0.01493482146755071,83,83
2014-01-31,trend,0.00171943172571061,0.055162029749820506,0.053442598024109896,83,83
2014-02-28,trend,0.017051711614244427,0.012132585692114478,-0.0049191259221299495,83,83
2014-03-31,trend,-0.024300483913231564,-0.01927456735065779,0.005025916562573772,83,83
2014-04-30,trend,0.022030851022957654,0.035916854230181545,0.013886003207223893,83,83
2014-05-31,trend,-0.007095216121099875,0.023714777249283673,0.030809993370383548,83,83
2014-06-30,trend,-0.006127453735029879,-0.020590620215038304,-0.014463166480008425,84,84
2014-07-31,trend,-0.006253852602473235,0.050301591847813756,0.05655544445028699,84,84
2014-08-31,trend,-0.003359342305880187,-0.01766253716979567,-0.014303194863915483,84,84
2014-09-30,trend,-0.010170549943899675,0.04224055164628817,0.052411101590187845,84,84
2014-10-31,trend,0.007078488764505911,0.038962891180513125,0.031884402416007214,84,84
2014-11-30,trend,0.0023957208846205834,0.0056185539437145285,0.003222833059093945,84,85
2014-12-31,trend,-0.01570806727152448,-0.01707803791601556,-0.0013699706444910815,85,85
2015-01-31,trend,0.03931937493073141,0.08478682800403714,0.04546745307330573,85,85
2015-02-28,trend,0.005060797857006654,0.0016642697868115707,-0.003396528070195083,85,85
2015-03-31,trend,0.04053316646356683,0.02257149611461234,-0.017961670348954496,85,86
2015-04-30,trend,0.01810422095719581,0.029423811046344405,0.011319590089148596,85,86
2015-05-31,trend,0.009304913499867916,-0.017480142439201665,-0.02678505593906958,85,86
2015-06-30,trend,-0.037161898714636765,0.003318748393529646,0.04048064710816641,86,86
2015-07-31,trend,-0.0028517404577680025,-0.05402014460725231,-0.05116840414948431,86,86
2015-08-31,trend,0.05866145817437447,0.005285425203431145,-0.05337603297094333,86,86
2015-09-30,trend,0.016666441208856624,0.07089312266027492,0.0542266814514183,86,86
2015-10-31,trend,-0.034819228199972505,-0.006261398916872496,0.02855782928310001,86,86
2015-11-30,trend,-0.0018821899289877889,-0.024369085039373427,-0.022486895110385638,86,86
2015-12-31,trend,-0.007796337012036317,-0.06686782255307258,-0.059071485541036264,86,86
2016-01-31,trend,-0.003118401208199069,0.015271896308273684,0.018390297516472753,86,86
2016-02-29,trend,-0.02102704569016535,0.07298266920583181,0.09400971489599716,86,86
2016-03-31,trend,0.028314132031793365,0.025388223686145163,-0.002925908345648204,86,86
2016-04-30,trend,0.012293445896869742,0.028640489766603428,0.016347043869733686,86,87
2016-05-31,trend,-0.029847620166339378,-0.01803381642314279,0.011813803743196587,87,87
2016-06-30,trend,0.01915671210222114,0.06078994413190921,0.04163323202968807,87,87
2016-07-31,trend,-0.020934515272566376,-0.006109184121273787,0.01482533115129259,87,87
2016-08-31,trend,-0.0159711583567491,-0.006130116810878151,0.00984104154587095,87,87
2016-09-30,trend,-0.003849280072257988,-0.021300007747590183,-0.017450727675332196,87,87
2016-10-31,trend,-0.04277856628004864,0.03275223037527859,0.07553079665532723,88,88
2016-11-30,trend,-0.02793867641137835,0.011047715414238242,0.03898639182561659,88,88
2016-12-31,trend,0.004551501740176538,0.038437229864290545,0.03388572812411401,88,88
2017-01-31,trend,0.002733992726361871,0.039190306340793235,0.036456313614431364,88,88
2017-02-28,trend,0.002493640209039894,0.0031745520959563208,0.0006809118869164267,88,88
2017-03-31,trend,0.012008125423924368,0.012234085080701989,0.00022595965677762124,88,88
2017-04-30,trend,-0.01862642878195236,0.002402285114735421,0.02102871389668778,88,89
2017-05-31,trend,0.035683759152832624,0.022874466038982636,-0.01280929311384999,88,89
2017-06-30,trend,0.009132274101162418,0.024884936700463017,0.0157526625993006,89,89
2017-07-31,trend,0.013484338969794228,0.003051950914093204,-0.010432388055701024,89,89
2017-08-31,trend,-0.004822909356832973,0.03188845046483444,0.036711359821667414,89,89
2017-09-30,trend,-0.024754701708739363,0.009338901679795083,0.03409360338853445,89,89
2017-10-31,trend,0.018863680408594416,0.039527979436866756,0.02066429902827234,89,89
2017-11-30,trend,-0.027023011533286945,0.0025909099372406277,0.029613921470527573,90,90
2017-12-31,trend,0.004185538462893185,0.056534162689702495,0.05234862422680931,90,90
2018-01-31,trend,-0.03276625811867323,-0.054050006990763975,-0.021283748872090745,90,90
2018-02-28,trend,0.031071662609761342,0.015377009507133867,-0.015694653102627475,90,90
2018-03-31,trend,-0.0052805688264163,-0.0015970665374042089,0.003683502289012091,90,90
2018-04-30,trend,0.0016522756387784589,0.029119896996281733,0.027467621357503275,90,90
2018-05-31,trend,-0.04715233219941921,-0.014772973343531379,0.03237935885588783,90,90
2018-06-30,trend,0.022111118285040008,0.039388693218383536,0.017277574933343528,90,90
2018-07-31,trend,0.06776720221260213,0.0788570433955564,0.011089841182954266,90,91
2018-08-31,trend,-0.020421075562140706,-0.006530837019979372,0.013890238542161332,90,91
2018-09-30,trend,0.039617483016399294,-0.05666137263314304,-0.09627885564954233,91,91
2018-10-31,trend,-0.013905282917363997,0.014354136974613721,0.02825941989197772,91,91
2018-11-30,trend,-0.0011386406905360413,-0.08576464719875464,-0.0846260065082186,91,91
2018-12-31,trend,-0.0040080576041331695,0.09768372215440599,0.10169177975853916,91,91
2019-01-31,trend,-0.0006803784411994196,0.045798800063181704,0.04647917850438112,91,91
2019-02-28,trend,-0.004935346149156817,0.007508163166840925,0.012443509315997742,91,91
2019-03-31,trend,0.009718509050289398,0.04597462676172189,0.036256117711432494,91,91
2019-04-30,trend,-0.047576630835736315,-0.09873993111467495,-0.05116330027893864,91,91
2019-05-31,trend,-0.012951024557283461,0.07102877804426251,0.08397980260154597,91,91
2019-06-30,trend,-0.007634019026306973,0.015537298415234466,0.02317131744154144,91,91
2019-07-31,trend,-0.03362152359573957,-0.039354249958466155,-0.005732726362726583,92,92
2019-08-31,trend,-0.025607669136941624,0.022270970726521032,0.047878639863462656,92,92
2019-09-30,trend,0.02534492928635151,0.032370150999248136,0.007025221712896625,92,92
2019-10-31,trend,-0.01506908768513867,0.04034076498707748,0.05540985267221615,92,92
2019-11-30,trend,0.005944917876865734,0.03807433711127282,0.03212941923440708,92,92
2019-12-31,trend,-0.029280872408607217,-0.017175206823977048,0.012105665584630169,92,93
2020-01-31,trend,0.0094448175767618,-0.07630566783312624,-0.08575048540988804,92,93
2020-02-29,trend,-0.20361437021467346,-0.2981116372362364,-0.09449726702156294,92,93
2020-03-31,trend,0.13683596139805915,0.2267244323514795,0.08988847095342035,92,92
2020-04-30,trend,0.016623825007273364,0.06471979066023695,0.04809596565296358,92,93
2020-05-31,trend,0.007395593478589143,0.032648033784907535,0.025252440306318392,92,93
2020-06-30,trend,-0.03914055918856048,0.02187910332115964,0.061019662509720116,93,93
2020-07-31,trend,0.0017866467165754685,0.046971681362912854,0.045185034646337385,93,93
2020-08-31,trend,9.350195502577999e-05,-0.03035806906701392,-0.0304515710220397,93,93
2020-09-30,trend,-0.005345739589741334,-0.011539058471612053,-0.0061933188818707186,93,93
2020-10-31,trend,0.0880775190625764,0.2047229501519908,0.1166454310894144,93,93
2020-11-30,trend,-0.030131121879904937,0.033389354707409585,0.06352047658731452,93,93
2020-12-31,trend,0.0397128471372799,0.01297189392459149,-0.02674095321268841,93,93
2021-01-31,trend,0.028891068226461966,0.08317838688958473,0.054287318663122766,93,93
2021-02-28,trend,0.00040884519507759093,0.051996688206602776,0.051587843011525185,93,93
2021-03-31,trend,0.0008611141274405265,0.04649435950048843,0.0456332453730479,93,93
2021-04-30,trend,-0.01851150175926654,0.016580180966094805,0.035091682725361346,93,94
2021-05-31,trend,0.006619347692341862,0.009893351953823036,0.003274004261481174,94,94
2021-06-30,trend,-0.07040863840810188,-0.039576793134515405,0.03083184527358647,94,94
2021-07-31,trend,-0.02077686074030186,0.015429785625076495,0.036206646365378355,94,94
2021-08-31,trend,-0.009097796253895077,-0.040551400365332044,-0.03145360411143697,94,94
2021-09-30,trend,0.01380010726648949,0.08008370029740877,0.06628359303091928,94,94
2021-10-31,trend,-0.017028108157936137,-0.026844042971216293,-0.009815934813280155,94,94
2021-11-30,trend,0.01729621686381764,0.06433950222259631,0.04704328535877867,94,94
2021-12-31,trend,0.01904094491841933,-0.031193348190258742,-0.05023429310867807,94,94
2022-01-31,trend,0.005235210084382061,0.005818294414716574,0.0005830843303345135,94,94
2022-02-28,trend,-0.004840471044599493,0.022630540477198036,0.02747101152179753,94,94
2022-03-31,trend,0.04252599162762007,-0.05599989703909403,-0.0985258886667141,94,94
2022-04-30,trend,-0.02600991806369824,-0.00500937121612394,0.0210005468475743,94,94
2022-05-31,trend,0.09422274986960248,-0.05151712261260642,-0.1457398724822089,94,94
2022-06-30,trend,0.07340285893305046,0.13786779565851573,0.06446493672546527,94,94
2022-07-31,trend,0.020095539768279658,-0.012848266445079486,-0.03294380621335914,94,95
2022-08-31,trend,-0.034140235738090094,-0.12165818060484772,-0.08751794486675762,94,95
2022-09-30,trend,-0.0945826485174884,0.06459262224777887,0.15917527076526727,95,95
2022-10-31,trend,-0.0026601716054813693,0.05949415495392459,0.06215432655940596,95,95
2022-11-30,trend,-0.03683920849641811,-0.06787731471396652,-0.03103810621754841,95,95
2022-12-31,trend,0.033407232747522414,0.11055877204696951,0.0771515392994471,95,95
2023-01-31,trend,-0.01125176458312591,-0.03081063699878282,-0.01955887241565691,95,95
2023-02-28,trend,0.05390597088746496,0.02310791089968199,-0.03079805998778297,95,95
2023-03-31,trend,0.04614761071295055,0.023440415934903185,-0.022707194778047363,96,96
2023-04-30,trend,-0.023444519252195165,-0.03487221535471368,-0.011427696102518516,96,96
2023-05-31,trend,-0.06134175493615792,0.05053829836831431,0.11188005330447223,96,97
2023-06-30,trend,-0.011535450533972202,0.04362806982713774,0.05516352036110994,96,97
2023-07-31,trend,0.01125044720792378,-0.014434781236377118,-0.0256852284443009,96,97
2023-08-31,trend,0.045418422519908505,-0.020607530209396704,-0.06602595272930521,96,97
2023-09-30,trend,0.029558607465839326,-0.020725330672153333,-0.05028393813799266,97,97
2023-10-31,trend,-0.026416357823919615,0.08580086981356168,0.11221722763748129,97,97
2023-11-30,trend,-0.04607763415269338,0.059810804120689426,0.1058884382733828,97,97
2023-12-31,trend,0.03995291184899578,0.009429169964556573,-0.030523741884439206,97,97
2024-01-31,trend,-0.04964859538782123,0.03562420676896611,0.08527280215678734,97,97
2024-02-29,trend,-0.005235430639904011,0.04348298121472543,0.04871841185462944,97,97
2024-03-31,trend,-0.01955857533383589,-0.05524081198370359,-0.0356822366498677,97,97
2024-04-30,trend,-0.034564728003895755,0.018419258106845054,0.05298398611074081,97,97
2024-05-31,trend,0.010859322758894724,0.010144193811872974,-0.0007151289470217493,97,97
2024-06-30,trend,0.04934482385449225,0.05379539426257019,0.004450570408077943,97,97
2024-07-31,trend,-0.012652850380108157,0.016524554135459456,0.029177404515567613,97,97
2024-08-31,trend,0.038855560072041884,0.04889084374700137,0.01003528367495948,97,97
2024-09-30,trend,0.03883052700069001,-0.0023039640845777007,-0.041134491085267705,97,97
2024-10-31,trend,-0.021561612400256967,0.04780087044904568,0.06936248284930265,97,97
2024-11-30,trend,-0.004035092895016017,-0.05885286336423467,-0.05481777046921865,98,98
2024-12-31,trend,0.027055416247033913,0.038543334223700335,0.01148791797666642,98,98
2025-01-31,trend,0.05168668334092536,0.01222797231175752,-0.03945871102916784,98,98
2025-02-28,trend,0.017480764716760015,-0.038261859618196746,-0.05574262433495676,98,98
2025-03-31,trend,0.03350949734845976,0.018548128228288357,-0.014961369120171403,98,98
2025-04-30,trend,-0.04834010241084581,0.030595208477717694,0.07893531088856351,98,99
2025-05-31,trend,-0.037692210777909144,0.02232656349914808,0.06001877427705723,98,99
2025-06-30,trend,-0.07067492771689783,-0.006890366794600911,0.06378456092229692,98,99
2025-07-31,trend,0.010004248763295902,0.04057790378318021,0.030573655019884304,99,99
2025-08-31,trend,-0.0715603499283864,-0.00938727650347766,0.06217307342490875,99,99
2025-09-30,trend,0.007145117638533406,0.0048765957639590775,-0.002268521874574329,99,99
2025-10-31,trend,-0.019165839319258915,0.008041076545593993,0.027206915864852906,99,99
2025-11-30,trend,-0.013660729598728964,-0.00113383989552816,0.012526889703200804,99,99
2025-12-31,trend,-0.012424377321711803,0.04125834097409657,0.053682718295808375,99,99
2026-01-31,trend,-0.09764177488662404,-0.012114785011568895,0.08552698987505515,99,99
2026-02-28,trend,-0.015606310741468087,-0.06397486055740541,-0.04836854981593732,99,99
2026-03-31,trend,0.15745931072655284,0.16221118531282464,0.004751874586271809,99,99
2026-04-30,trend,0.011110922918069296,0.041901756120176804,0.030790833202107508,99,99
2010-11-30,hzz_trend_improvement,-0.010365902508264052,0.07880591915561694,0.08917182166388099,78,78
2010-12-31,hzz_trend_improvement,0.0027248012448085196,0.024450670646360778,0.02172586940155226,78,78
2011-01-31,hzz_trend_improvement,-0.0023487548098778677,0.03658666589894596,0.038935420708823824,78,78
2011-02-28,hzz_trend_improvement,0.0034105544527951587,0.023827345626975544,0.020416791174180385,78,78
2011-03-31,hzz_trend_improvement,0.0008504724560422089,0.031074781930712257,0.030224309474670048,79,79
2011-04-30,hzz_trend_improvement,0.010123601850714134,-0.004235017903492723,-0.014358619754206858,79,79
2011-05-31,hzz_trend_improvement,0.028135519791123213,-0.014171248801396358,-0.04230676859251957,80,80
2011-06-30,hzz_trend_improvement,0.029946573364480228,-0.0186391583668514,-0.04858573173133163,80,80
2011-07-31,hzz_trend_improvement,0.04809114552147342,-0.05073201217460442,-0.09882315769607784,80,80
2011-08-31,hzz_trend_improvement,0.015530907116896156,-0.08609990933427011,-0.10163081645116627,80,80
2011-09-30,hzz_trend_improvement,0.03299327971977051,0.16248956776591586,0.12949628804614535,80,80
2011-10-31,hzz_trend_improvement,-0.0009943248900301975,-0.006249109517640658,-0.00525478462761046,80,80
2011-11-30,hzz_trend_improvement,-0.01900479248626339,-0.00997362157310146,0.00903117091316193,81,81
2011-12-31,hzz_trend_improvement,0.04564026021014013,0.1115262426187694,0.06588598240862927,81,81
2012-01-31,hzz_trend_improvement,0.03411828595823823,0.057453935599693716,0.023335649641455486,81,81
2012-02-29,hzz_trend_improvement,-0.01794062311313991,0.023328515556596992,0.0412691386697369,81,81
2012-03-31,hzz_trend_improvement,-0.012171343990600231,-0.009237529376921556,0.002933814613678676,81,81
2012-04-30,hzz_trend_improvement,0.03364307550222518,-0.05011363610167766,-0.08375671160390284,82,82
2012-05-31,hzz_trend_improvement,-0.019119414394371537,0.028317515022877333,0.04743692941724887,82,82
2012-06-30,hzz_trend_improvement,-0.002879057324560612,-0.0068753171756304665,-0.003996259851069855,82,82
2012-07-31,hzz_trend_improvement,-0.01704734449114905,0.021402969922321873,0.038450314413470923,82,82
2012-08-31,hzz_trend_improvement,-0.021853170877421675,0.014292233952090295,0.03614540482951197,82,82
2012-09-30,hzz_trend_improvement,-0.011821369950021036,-0.01619588722235956,-0.004374517272338524,82,82
2012-10-31,hzz_trend_improvement,0.003716315106764765,0.023719592833155754,0.02000327772639099,82,82
2012-11-30,hzz_trend_improvement,-0.004099867486156428,0.0247127611926752,0.028812628678831626,82,82
2012-12-31,hzz_trend_improvement,-0.01824694596457177,0.06502600138940536,0.08327294735397713,82,82
2013-01-31,hzz_trend_improvement,-0.0026626415963239055,0.011252510958795875,0.01391515255511978,82,82
2013-02-28,hzz_trend_improvement,0.009593093471742933,0.05766684734055546,0.048073753868812526,82,82
2013-03-31,hzz_trend_improvement,0.0014371763674480564,0.0332210243411944,0.031783847973746344,82,82
2013-04-30,hzz_trend_improvement,0.044921551260148504,0.07024141132312767,0.02531986006297916,82,82
2013-05-31,hzz_trend_improvement,-0.002674811780644675,-0.015807961963580704,-0.013133150182936029,82,82
2013-06-30,hzz_trend_improvement,-0.001000429817314026,0.04611949060807593,0.047119920425389955,82,82
2013-07-31,hzz_trend_improvement,0.014042571601376428,-0.008106664744818099,-0.022149236346194527,82,82
2013-08-31,hzz_trend_improvement,-0.024992796145856158,0.037692353481926594,0.06268514962778275,82,82
2013-09-30,hzz_trend_improvement,-0.012125297106933948,0.032140135136449255,0.0442654322433832,82,82
2013-10-31,hzz_trend_improvement,0.0027554949951184293,0.0253579570306009,0.02260246203548247,82,82
2013-11-30,hzz_trend_improvement,0.004014718249823641,0.03283277844892502,0.02881806019910138,83,83
2013-12-31,hzz_trend_improvement,-0.02326717900570658,-0.02139183261567954,0.0018753463900270367,83,83
2014-01-31,hzz_trend_improvement,-0.0038293396690114515,0.05265208086615143,0.056481420535162884,83,83
2014-02-28,hzz_trend_improvement,-0.01598418577691669,-0.008519646852740995,0.007464538924175692,83,83
2014-03-31,hzz_trend_improvement,-0.015935013241908585,-0.012107953703301137,0.003827059538607448,83,83
2014-04-30,hzz_trend_improvement,0.026520930592913102,0.046169083277879115,0.019648152684966013,83,83
2014-05-31,hzz_trend_improvement,0.008128958910530764,0.03253055039551165,0.024401591484980886,83,83
2014-06-30,hzz_trend_improvement,-0.0004242771513971212,-0.01706928928548366,-0.016645012134086538,84,84
2014-07-31,hzz_trend_improvement,-0.001405664359785272,0.050732058163722706,0.05213772252350798,84,84
2014-08-31,hzz_trend_improvement,-0.007323651716319705,-0.023056972792477332,-0.015733321076157627,84,84
2014-09-30,hzz_trend_improvement,-0.009945926891562859,0.032726984664751754,0.04267291155631461,84,84
2014-10-31,hzz_trend_improvement,-0.012617927372835173,0.03306801431647135,0.04568594168930652,84,84
2014-11-30,hzz_trend_improvement,-0.015435326830969976,-0.000531869724884644,0.014903457106085332,84,85
2014-12-31,hzz_trend_improvement,0.0069388299714795865,-0.01257923738911306,-0.019518067360592646,85,85
2015-01-31,hzz_trend_improvement,-0.049327704337701075,0.025819844995405655,0.07514754933310673,85,85
2015-02-28,hzz_trend_improvement,0.009388597251463168,-0.004865374517057155,-0.014253971768520323,85,85
2015-03-31,hzz_trend_improvement,0.015255785392792893,0.019748252263620508,0.004492466870827616,85,86
2015-04-30,hzz_trend_improvement,-0.007315889843515465,0.019212358392617025,0.02652824823613249,85,86
2015-05-31,hzz_trend_improvement,0.027773014089686146,-0.005156376710539088,-0.032929390800225236,85,86
2015-06-30,hzz_trend_improvement,-0.006411834851316338,0.006946568528193618,0.013358403379509956,86,86
2015-07-31,hzz_trend_improvement,-0.019233511406925537,-0.0624577609999195,-0.043224249592993966,86,86
2015-08-31,hzz_trend_improvement,0.004709781483915869,-0.03670853872344573,-0.0414183202073616,86,86
2015-09-30,hzz_trend_improvement,0.007542948203062921,0.08078967390092495,0.07324672569786203,86,86
2015-10-31,hzz_trend_improvement,0.011327712237022431,0.01180691864555825,0.00047920640853581963,86,86
2015-11-30,hzz_trend_improvement,0.013153216142221497,-0.022763102899983758,-0.035916319042205255,86,86
2015-12-31,hzz_trend_improvement,-0.009827642815336754,-0.05960790897453931,-0.04978026615920256,86,86
2016-01-31,hzz_trend_improvement,-0.04294104822581413,0.002595884142516929,0.045536932368331055,86,86
2016-02-29,hzz_trend_improvement,-0.034708692315012196,0.07177223206113745,0.10648092437614964,86,86
2016-03-31,hzz_trend_improvement,-0.000632948355320982,0.0008822806839614845,0.0015152290392824665,86,86
2016-04-30,hzz_trend_improvement,0.0005623025084049021,0.02904933401171664,0.02848703150331174,86,87
2016-05-31,hzz_trend_improvement,0.0186674628377871,0.006094407523001659,-0.012573055314785439,87,87
2016-06-30,hzz_trend_improvement,-0.015807906200840424,0.04640924231901778,0.062217148519858205,87,87
2016-07-31,hzz_trend_improvement,-0.0023011758078388127,0.0038323602824345275,0.00613353609027334,87,87
2016-08-31,hzz_trend_improvement,0.019091598708725118,0.014423283375953059,-0.00466831533277206,87,87
2016-09-30,hzz_trend_improvement,-0.004195743243231371,-0.0230111977712122,-0.018815454527980828,87,87
2016-10-31,hzz_trend_improvement,0.047524153130443274,0.08374264589515977,0.036218492764716496,88,88
2016-11-30,hzz_trend_improvement,0.0003045911586003619,0.008400762508016689,0.008096171349416327,88,88
2016-12-31,hzz_trend_improvement,0.010331549091186276,0.044948231225742964,0.03461668213455669,88,88
2017-01-31,hzz_trend_improvement,0.0071809393453297135,0.03889652123818673,0.03171558189285702,88,88
2017-02-28,hzz_trend_improvement,0.010025091650744996,0.005527983285890465,-0.00449710836485453,88,88
2017-03-31,hzz_trend_improvement,-0.01644481375491418,0.0029156307952794623,0.01936044455019364,88,88
2017-04-30,hzz_trend_improvement,-0.02169451431771926,0.002581353103054089,0.024275867420773346,88,89
2017-05-31,hzz_trend_improvement,-0.0018840808718361551,0.010941281386934358,0.012825362258770514,88,89
2017-06-30,hzz_trend_improvement,-0.0038277235618807554,0.022203514967264217,0.026031238529144973,89,89
2017-07-31,hzz_trend_improvement,0.004951573994908307,0.0014019525143982453,-0.0035496214805100616,89,89
2017-08-31,hzz_trend_improvement,-0.022605619604653134,0.009530597792199993,0.03213621739685313,89,89
2017-09-30,hzz_trend_improvement,-0.012633193828188036,0.01821064250758822,0.030843836335776257,89,89
2017-10-31,hzz_trend_improvement,0.006339746996773754,0.04974573176958906,0.043405984772815306,89,89
2017-11-30,hzz_trend_improvement,-0.04216977902579103,-0.005114090584793638,0.03705568844099739,90,90
2017-12-31,hzz_trend_improvement,-0.00015663876578553976,0.05609571158670226,0.0562523503524878,90,90
2018-01-31,hzz_trend_improvement,0.008386490347979891,-0.036997719142866446,-0.04538420949084634,90,90
2018-02-28,hzz_trend_improvement,-0.033546428086599925,-0.015197998400027828,0.018348429686572094,90,90
2018-03-31,hzz_trend_improvement,-0.004273425278202303,-0.0008105727127149557,0.0034628525654873473,90,90
2018-04-30,hzz_trend_improvement,0.010188685854552515,0.03440343770334698,0.024214751848794465,90,90
2018-05-31,hzz_trend_improvement,-0.04628033315086255,-0.010751743879416752,0.0355285892714458,90,90
2018-06-30,hzz_trend_improvement,-0.032672963747634405,0.024109492544308095,0.0567824562919425,90,90
2018-07-31,hzz_trend_improvement,0.07678040187656276,0.0778858993257437,0.0011054974491809346,90,91
2018-08-31,hzz_trend_improvement,0.017938530076751842,0.01068744667190425,-0.007251083404847591,90,91
2018-09-30,hzz_trend_improvement,0.009098029841762459,-0.08195463977898655,-0.09105266962074901,91,91
2018-10-31,hzz_trend_improvement,0.030504093799791132,0.03999761725634844,0.00949352345655731,91,91
2018-11-30,hzz_trend_improvement,0.025585561230994924,-0.08218612709387739,-0.10777168832487231,91,91
2018-12-31,hzz_trend_improvement,-0.06274383565332413,0.07178169622951584,0.13452553188283997,91,91
2019-01-31,hzz_trend_improvement,-0.014613301424887988,0.03347070147057382,0.04808400289546181,91,91
2019-02-28,hzz_trend_improvement,0.016625971603955514,0.028656202039694004,0.01203023043573849,91,91
2019-03-31,hzz_trend_improvement,0.017725092844766328,0.04854780752968099,0.030822714684914664,91,91
2019-04-30,hzz_trend_improvement,-0.028668498711229964,-0.08697712752085154,-0.05830862880962158,91,91
2019-05-31,hzz_trend_improvement,0.05307563750509736,0.11527229263499167,0.06219665512989431,91,91
2019-06-30,hzz_trend_improvement,0.0019396427811920382,0.01218255548903418,0.010242912707842142,91,91
2019-07-31,hzz_trend_improvement,0.04766196094392919,0.003172374302984497,-0.04448958664094469,92,92
2019-08-31,hzz_trend_improvement,0.025714520812967167,0.05125424970029657,0.025539728887329406,92,92
2019-09-30,hzz_trend_improvement,-0.005606679350445006,0.00968127938720913,0.015287958737654136,92,92
2019-10-31,hzz_trend_improvement,-0.010089097365970585,0.04531637300792927,0.055405470373899854,92,92
2019-11-30,hzz_trend_improvement,0.0015734073244927857,0.04252782347675565,0.04095441615226286,92,92
2019-12-31,hzz_trend_improvement,0.09168403953736554,0.04793554292346013,-0.04374849661390541,92,93
2020-01-31,hzz_trend_improvement,-0.016740744976528027,-0.08185115407911062,-0.06511040910258259,92,93
2020-02-29,hzz_trend_improvement,0.15001995300376775,-0.10876920527305951,-0.25878915827682725,92,93
2020-03-31,hzz_trend_improvement,-0.08804238786859801,0.11362214203185338,0.2016645299004514,92,92
2020-04-30,hzz_trend_improvement,-0.001536138677743451,0.056834072796074754,0.058370211473818205,92,93
2020-05-31,hzz_trend_improvement,0.017675283963499894,0.03403734203433288,0.016362058070832988,92,93
2020-06-30,hzz_trend_improvement,0.037267889989126696,0.06266766982155424,0.025399779832427537,93,93
2020-07-31,hzz_trend_improvement,-0.024223407136722476,0.03203330770884808,0.05625671484557056,93,93
2020-08-31,hzz_trend_improvement,0.003349329920788534,-0.027624813472900064,-0.030974143393688598,93,93
2020-09-30,hzz_trend_improvement,-0.030990387163100264,-0.018187794658481662,0.012802592504618604,93,93
2020-10-31,hzz_trend_improvement,-0.13372656543157024,0.10496900027607024,0.2386955657076405,93,93
2020-11-30,hzz_trend_improvement,0.04540176830880542,0.07078856136727199,0.02538679305846657,93,93
2020-12-31,hzz_trend_improvement,-0.005786459714166508,-0.007550264675694043,-0.0017638049615275352,93,93
2021-01-31,hzz_trend_improvement,0.1734974155479171,0.16095420777284764,-0.012543207775069445,93,93
2021-02-28,hzz_trend_improvement,-0.04143382698107148,0.04612463899481098,0.08755846597588246,93,93
2021-03-31,hzz_trend_improvement,-0.00728618906438204,0.04145430189458058,0.04874049095896262,93,93
2021-04-30,hzz_trend_improvement,0.027884987891859246,0.031076126301984162,0.003191138410124915,93,94
2021-05-31,hzz_trend_improvement,-0.04805052121740334,0.0010083546183504272,0.04905887583575377,94,94
2021-06-30,hzz_trend_improvement,-0.025842414919709476,-0.00702504011685673,0.018817374802852747,94,94
2021-07-31,hzz_trend_improvement,-0.008345165665819249,0.024209133324155772,0.03255429898997502,94,94
2021-08-31,hzz_trend_improvement,-0.035881803864919126,-0.044041666397017454,-0.008159862532098328,94,94
2021-09-30,hzz_trend_improvement,-0.011464339577593574,0.058066693201092145,0.06953103277868572,94,94
2021-10-31,hzz_trend_improvement,-0.029703662453615273,-0.022058544376756604,0.007645118076858667,94,94
2021-11-30,hzz_trend_improvement,-0.04336190194224267,0.03812433532149985,0.08148623726374252,94,94
2021-12-31,hzz_trend_improvement,-0.07592454603992883,-0.07565476303940998,0.0002697830005188649,94,94
2022-01-31,hzz_trend_improvement,-0.014452560192969947,-0.015481147352650212,-0.0010285871596802647,94,94
2022-02-28,hzz_trend_improvement,0.008888469746922784,0.03588273882731495,0.026994269080392166,94,94
2022-03-31,hzz_trend_improvement,0.04959366830341262,-0.04336609148182789,-0.09295975978524051,94,94
2022-04-30,hzz_trend_improvement,0.01574537956331866,0.021851538107153866,0.006106158543835207,94,94
2022-05-31,hzz_trend_improvement,0.00843800587862005,-0.10270728128783756,-0.11114528716645761,94,94
2022-06-30,hzz_trend_improvement,-0.09634728853393149,0.043592256496060446,0.13993954502999192,94,94
2022-07-31,hzz_trend_improvement,0.026571454016355644,-0.004695665566855728,-0.03126711958321137,94,95
2022-08-31,hzz_trend_improvement,0.019172508973517133,-0.08163111489792865,-0.10080362387144579,94,95
2022-09-30,hzz_trend_improvement,-0.03281619996230424,0.0692293084270411,0.10204550838934534,95,95
2022-10-31,hzz_trend_improvement,-0.017071618528262167,0.06460273593630236,0.08167435446456453,95,95
2022-11-30,hzz_trend_improvement,0.0056097580709522435,-0.05540389158216743,-0.06101364965311967,95,95
2022-12-31,hzz_trend_improvement,-0.018883132924337964,0.0913603169241383,0.11024344984847627,95,95
2023-01-31,hzz_trend_improvement,0.010632050603114727,-0.015582810678295705,-0.026214861281410432,95,95
2023-02-28,hzz_trend_improvement,-0.0347698620747204,-0.010185646871793014,0.024584215202927386,95,95
2023-03-31,hzz_trend_improvement,-0.028475718935956906,-0.006283569208977632,0.022192149726979273,96,96
2023-04-30,hzz_trend_improvement,-0.016903927965740292,-0.015304875538003101,0.001599052427737192,96,96
2023-05-31,hzz_trend_improvement,-0.039305755459983396,0.059140332605448265,0.09844608806543166,96,97
2023-06-30,hzz_trend_improvement,0.011995668836025701,0.0503319835550897,0.038336314719064,96,97
2023-07-31,hzz_trend_improvement,9.397810281747826e-05,-0.0341577802620002,-0.034251758364817676,96,97
2023-08-31,hzz_trend_improvement,0.011739062315382041,-0.042958665032417576,-0.05469772734779962,96,97
2023-09-30,hzz_trend_improvement,-0.011101416907142565,-0.042678745806555764,-0.0315773288994132,97,97
2023-10-31,hzz_trend_improvement,-0.048815741185393946,0.08024211386536073,0.12905785505075468,97,97
2023-11-30,hzz_trend_improvement,-0.04561312691418801,0.06049171433415079,0.1061048412483388,97,97
2023-12-31,hzz_trend_improvement,0.0044460441585452,-0.004137219946447141,-0.008583264104992341,97,97
2024-01-31,hzz_trend_improvement,0.03165140451230407,0.06819234128304427,0.036540936770740204,97,97
2024-02-29,hzz_trend_improvement,-0.002279028779161224,0.04234811987733402,0.044627148656495245,97,97
2024-03-31,hzz_trend_improvement,-0.009220287224739776,-0.04633560337729183,-0.03711531615255206,97,97
2024-04-30,hzz_trend_improvement,0.02241579631591249,0.0445431598526938,0.022127363536781314,97,97
2024-05-31,hzz_trend_improvement,0.0330909809146878,0.023115974033185237,-0.009975006881502562,97,97
2024-06-30,hzz_trend_improvement,-0.03514203259083248,0.02444331981389434,0.059585352404726816,97,97
2024-07-31,hzz_trend_improvement,-0.010131305893266416,0.015648344451351236,0.02577965034461765,97,97
2024-08-31,hzz_trend_improvement,0.0016140754951796052,0.034714381491631786,0.03310030599645218,97,97
2024-09-30,hzz_trend_improvement,0.04008306117190143,0.007413028650780704,-0.032670032521120725,97,97
2024-10-31,hzz_trend_improvement,0.029741025220474497,0.0921946596349263,0.06245363441445181,97,97
2024-11-30,hzz_trend_improvement,-0.015639295080076034,-0.06768690726158044,-0.05204761218150441,98,98
2024-12-31,hzz_trend_improvement,0.0327238911386111,0.06159420333496751,0.02887031219635641,98,98
2025-01-31,hzz_trend_improvement,-0.04463490034934219,-0.03580653468820255,0.008828365661139639,98,98
2025-02-28,hzz_trend_improvement,0.06576853142724831,-0.008179817531737205,-0.07394834895898551,98,98
2025-03-31,hzz_trend_improvement,-0.01638918949975643,-0.017702821017327904,-0.0013136315175714742,98,98
2025-04-30,hzz_trend_improvement,0.03624362522552058,0.08200434902069621,0.04576072379517563,98,99
2025-05-31,hzz_trend_improvement,0.04692352439850491,0.08248130184932774,0.03555777745082283,98,99
2025-06-30,hzz_trend_improvement,0.053198014192945564,0.05989114486720034,0.006693130674254773,98,99
2025-07-31,hzz_trend_improvement,-0.012912354837440049,0.025872430754009912,0.03878478559144996,99,99
2025-08-31,hzz_trend_improvement,0.04341613203143521,0.04614122007624522,0.0027250880448100117,99,99
2025-09-30,hzz_trend_improvement,0.004621889269199458,0.013399757002499513,0.008777867733300054,99,99
2025-10-31,hzz_trend_improvement,0.004034089825948473,0.011174469606662293,0.00714037978071382,99,99
2025-11-30,hzz_trend_improvement,-0.010013115486110627,0.0048597352835651145,0.014872850769675742,99,99
2025-12-31,hzz_trend_improvement,0.025593302583321046,0.04421222006494916,0.018618917481628115,99,99
2026-01-31,hzz_trend_improvement,0.09725721157517223,0.08558974936756455,-0.011667462207607676,99,99
2026-02-28,hzz_trend_improvement,-0.005779255576012825,-0.06530334197701475,-0.05952408640100192,99,99
2026-03-31,hzz_trend_improvement,-0.10516836503408317,0.01397714766211297,0.11914551269619614,99,99
2026-04-30,hzz_trend_improvement,0.04830442638850987,0.07309401333439347,0.024789586945883603,99,99
