date,ticker,reason,is_buy,status,exectype,size,price,value,commission
2016-06-02,CL,rebalance_entry,True,Completed,0,1777,56.1260901048,99736.0621162296,0.0
2016-06-02,CLX,rebalance_entry,True,Completed,0,1034,96.7665044401,100056.5655910634,0.0
2016-06-02,KLAC,rebalance_entry,True,Completed,0,1610,61.963856373300004,99761.808761013,0.0
2016-06-02,KMB,rebalance_entry,True,Completed,0,1103,90.5130727182,99835.91920817459,0.0
2016-06-02,LII,rebalance_entry,True,Completed,0,815,122.3197340687,99690.5832659905,0.0
2016-06-02,LMT,rebalance_entry,True,Completed,0,547,182.6604960448,99915.2913365056,0.0
2016-06-02,MO,rebalance_entry,True,Completed,0,3060,32.6238595539,99829.01023493399,0.0
2016-06-02,MSI,rebalance_entry,True,Completed,0,1687,59.25037058230001,99955.37517234011,0.0
2016-06-02,SPGI,rebalance_entry,True,Completed,0,989,100.560051022,99453.89046075799,0.0
2016-06-02,UPS,rebalance_entry,True,Completed,0,1421,70.2399549351,99810.9759627771,0.0
2016-06-27,MSI,stop_loss,False,Completed,0,-1687,55.39278185850001,99955.37517234011,0.0
2016-06-27,SPGI,stop_loss,False,Completed,0,-989,93.909567742,99453.89046075799,0.0
2016-07-05,SPGI,rebalance_entry,True,Margin,0,0,0.0,0.0,0.0
2016-07-05,CHTR,rebalance_entry,True,Completed,0,430,231.67,99618.09999999999,0.0
2016-07-05,LMT,rebalance_exit,False,Completed,0,-547,190.8450485698,99915.2913365056,0.0
2016-07-05,MSI,rebalance_entry,True,Completed,0,1754,56.5149669359,99127.2520055686,0.0
2016-08-02,CL,rebalance_exit,False,Completed,0,-1777,59.7819088706,99736.0621162296,0.0
2016-08-02,SPGI,rebalance_entry,True,Completed,0,904,110.3578823563,99763.5256500952,0.0
2016-08-02,YUM,rebalance_entry,True,Completed,0,1870,53.380543922,99821.61713414,0.0
2016-08-11,KLAC,stop_loss,False,Completed,0,-1610,59.77168841719999,99761.808761013,0.0
2016-09-02,AMAT,rebalance_entry,True,Margin,0,0,0.0,0.0,0.0
2016-09-02,CHTR,rebalance_exit,False,Completed,0,-430,268.68,99618.09999999999,0.0
2016-09-02,KLAC,rebalance_entry,True,Completed,0,1652,60.747063807900005,100354.1494106508,0.0
2016-09-02,MSI,rebalance_exit,False,Completed,0,-1754,66.6232648253,99127.2520055686,0.0
2016-09-02,TSN,rebalance_entry,True,Completed,0,1702,58.7856691078,100053.2088214756,0.0
2016-09-15,CLX,stop_loss,False,Completed,0,-1034,91.6755880071,100056.5655910634,0.0
2016-10-04,NVDA,rebalance_entry,True,Margin,0,0,0.0,0.0,0.0
2016-10-04,AMAT,rebalance_entry,True,Completed,0,3714,26.9042192401,99922.2702577314,0.0
2016-10-04,CLX,rebalance_entry,True,Completed,0,1074,92.9331611912,99810.2151193488,0.0
2016-10-04,TSN,rebalance_exit,False,Completed,0,-1702,58.46660471359999,100053.2088214756,0.0
2016-10-12,AMAT,stop_loss,False,Completed,0,-3714,25.7884589773,99922.2702577314,0.0
2016-10-21,KMB,stop_loss,False,Completed,0,-1103,85.4390131619,99835.91920817459,0.0
2016-11-02,CLX,rebalance_exit,False,Completed,0,-1074,88.3221768526,99810.2151193488,0.0
2016-11-02,KLAC,rebalance_exit,False,Completed,0,-1652,63.1256108133,100354.1494106508,0.0
2016-11-02,LII,rebalance_exit,False,Completed,0,-815,128.7936656795,99690.5832659905,0.0
2016-11-02,MO,rebalance_exit,False,Completed,0,-3060,33.7513778946,99829.01023493399,0.0
2016-11-02,SPGI,rebalance_exit,False,Completed,0,-904,110.5308343906,99763.5256500952,0.0
2016-11-02,UPS,rebalance_exit,False,Completed,0,-1421,73.616436756,99810.9759627771,0.0
2016-11-02,YUM,rebalance_exit,False,Completed,0,-1870,51.0500095763,99821.61713414,0.0
2016-12-02,CLX,rebalance_entry,True,Completed,0,1168,85.963401993,100405.25352782401,0.0
2016-12-02,GEN,rebalance_entry,True,Completed,0,8546,11.671391428,99743.711143688,0.0
2016-12-02,KMB,rebalance_entry,True,Completed,0,1221,81.9999133884,100121.8942472364,0.0
2016-12-02,LII,rebalance_entry,True,Completed,0,756,132.0038945192,99794.9442565152,0.0
2016-12-02,LMT,rebalance_entry,True,Completed,0,482,207.2981380296,99917.70253026721,0.0
2016-12-02,NVDA,rebalance_entry,True,Completed,0,46332,2.1390964428,99108.61638780961,0.0
2016-12-02,OKE,rebalance_entry,True,Completed,0,3294,30.3732146236,100049.3689701384,0.0
2016-12-02,SPGI,rebalance_entry,True,Completed,0,937,106.7412375559,100016.5395898783,0.0
2016-12-02,TPL,rebalance_entry,True,Completed,0,3390,29.5249677342,100089.640618938,0.0
2016-12-02,UPS,rebalance_entry,True,Completed,0,1238,80.8993241374,100153.3632821012,0.0
2016-12-13,LMT,stop_loss,False,Completed,0,-482,198.0366749643,99917.70253026721,0.0
2016-12-23,SPGI,stop_loss,False,Completed,0,-937,100.55573380619998,100016.5395898783,0.0
2016-12-28,NVDA,take_profit,False,Completed,0,-46332,2.9453826222,99108.61638780961,0.0
2017-01-04,GEN,rebalance_exit,False,Completed,0,-8546,11.8585276618,99743.711143688,0.0
2017-01-04,KMB,rebalance_exit,False,Completed,0,-1221,83.166325591,100121.8942472364,0.0
2017-01-04,LMT,rebalance_entry,True,Completed,0,507,197.5934311401,100179.86958803069,0.0
2017-01-04,MO,rebalance_entry,True,Completed,0,2834,35.5648519215,100790.790345531,0.0
2017-01-04,NVDA,rebalance_entry,True,Completed,0,39805,2.5464261132,101360.491435926,0.0
2017-01-04,SPGI,rebalance_entry,True,Completed,0,1005,99.757308248,100256.09478924,0.0
2017-01-04,STLD,rebalance_entry,True,Completed,0,3321,30.2313719641,100398.3862927761,0.0
2017-01-26,STLD,stop_loss,False,Completed,0,-3321,28.21927295,100398.3862927761,0.0
2017-02-01,UPS,stop_loss,False,Completed,0,-1238,74.7290954561,100153.3632821012,0.0
2017-02-02,CLX,rebalance_exit,False,Completed,0,-1168,91.9480497178,100405.25352782401,0.0
2017-02-02,LII,rebalance_exit,False,Completed,0,-756,140.7812477121,99794.9442565152,0.0
2017-02-02,LMT,rebalance_exit,False,Completed,0,-507,195.1050447581,100179.86958803069,0.0
2017-02-02,MO,rebalance_exit,False,Completed,0,-2834,37.3856137406,100790.790345531,0.0
2017-02-02,NVDA,rebalance_exit,False,Completed,0,-39805,2.7902328687,101360.491435926,0.0
2017-02-02,OKE,rebalance_exit,False,Completed,0,-3294,30.561005924100005,100049.3689701384,0.0
2017-02-02,SPGI,rebalance_exit,False,Completed,0,-1005,109.3567695569,100256.09478924,0.0
2017-02-02,TPL,rebalance_exit,False,Completed,0,-3390,32.1710496309,100089.640618938,0.0
2017-04-04,BA,rebalance_entry,True,Completed,0,605,165.3349456295,100027.6421058475,0.0
2017-04-04,KMB,rebalance_entry,True,Completed,0,1042,96.0240012185,100057.009269677,0.0
2017-04-04,LII,rebalance_entry,True,Completed,0,668,149.4646761375,99842.40365985,0.0
2017-04-04,LMT,rebalance_entry,True,Completed,0,475,210.233236004,99860.7871019,0.0
2017-04-04,MCD,rebalance_entry,True,Completed,0,959,103.8177409638,99561.21358428421,0.0
2017-04-04,MO,rebalance_entry,True,Completed,0,2654,37.718625673,100105.232536142,0.0
2017-04-04,OKE,rebalance_entry,True,Completed,0,3205,31.2095602111,100026.6404765755,0.0
2017-04-04,SPGI,rebalance_entry,True,Completed,0,839,118.638707191,99537.875333249,0.0
2017-04-04,TPL,rebalance_entry,True,Completed,0,3511,28.7052987647,100784.3039628617,0.0
2017-04-04,URI,rebalance_entry,True,Completed,0,837,118.7090660935,99359.4883202595,0.0
2017-04-21,URI,stop_loss,False,Completed,0,-837,108.8552108671,99359.4883202595,0.0
2017-05-02,NVDA,rebalance_entry,True,Completed,0,38029,2.6026596387,98976.5434001223,0.0
2017-05-02,OKE,rebalance_exit,False,Completed,0,-3205,30.3621740304,100026.6404765755,0.0
2017-05-02,STX,rebalance_entry,True,Completed,0,3423,29.2436636907,100101.0608132661,0.0
2017-05-17,NVDA,take_profit,False,Completed,0,-38029,3.3066476319,98976.5434001223,0.0
2017-06-02,BA,rebalance_exit,False,Completed,0,-605,176.9218229438,100027.6421058475,0.0
2017-06-02,KMB,rebalance_exit,False,Completed,0,-1042,95.0543563804,100057.009269677,0.0
2017-06-02,LII,rebalance_exit,False,Completed,0,-668,160.6929559701,99842.40365985,0.0
2017-06-02,LMT,rebalance_exit,False,Completed,0,-475,221.6379487014,99860.7871019,0.0
2017-06-02,MCD,rebalance_exit,False,Completed,0,-959,123.3696281455,99561.21358428421,0.0
2017-06-02,MO,rebalance_exit,False,Completed,0,-2654,39.6171789173,100105.232536142,0.0
2017-06-02,SPGI,rebalance_exit,False,Completed,0,-839,133.012496633,99537.875333249,0.0
2017-06-02,STX,rebalance_exit,False,Completed,0,-3423,29.7491781234,100101.0608132661,0.0
2017-06-02,TPL,rebalance_exit,False,Completed,0,-3511,28.2323667455,100784.3039628617,0.0
2017-07-05,APO,rebalance_entry,True,Completed,0,5244,19.015323483,99716.356344852,0.0
2017-07-05,BA,rebalance_entry,True,Completed,0,534,187.7357007385,100250.86419435899,0.0
2017-07-05,IT,rebalance_entry,True,Completed,0,805,124.42,100158.1,0.0
2017-07-05,KMB,rebalance_entry,True,Completed,0,1060,94.5579586533,100231.43617249801,0.0
2017-07-05,LII,rebalance_entry,True,Completed,0,603,166.0501406414,100128.2348067642,0.0
2017-07-05,LMT,rebalance_entry,True,Completed,0,455,220.2353763583,100207.09624302649,0.0
2017-07-05,MU,rebalance_entry,True,Completed,0,3519,28.8148811235,101399.5666735965,0.0
2017-07-05,NVDA,rebalance_entry,True,Completed,0,29076,3.5025824956,101841.0886420656,0.0
2017-07-05,SPGI,rebalance_entry,True,Completed,0,743,134.8683561237,100207.1885999091,0.0
2017-07-05,WYNN,rebalance_entry,True,Completed,0,844,118.89604268729998,100348.26002808119,0.0
2017-07-26,KMB,stop_loss,False,Completed,0,-1060,91.5098343064,100231.43617249801,0.0
2017-07-26,LII,stop_loss,False,Completed,0,-603,155.0071752622,100128.2348067642,0.0
2017-08-01,MU,stop_loss,False,Completed,0,-3519,27.517967692300005,101399.5666735965,0.0
2017-08-02,APO,rebalance_exit,False,Completed,0,-5244,19.8091320535,99716.356344852,0.0
2017-08-02,BA,rebalance_exit,False,Completed,0,-534,225.1886433444,100250.86419435899,0.0
2017-08-02,IT,rebalance_exit,False,Completed,0,-805,128.18,100158.1,0.0
2017-08-02,LMT,rebalance_exit,False,Completed,0,-455,230.6601134932,100207.09624302649,0.0
2017-08-02,NVDA,rebalance_exit,False,Completed,0,-29076,4.0912829362,101841.0886420656,0.0
2017-08-02,SPGI,rebalance_exit,False,Completed,0,-743,142.541088645,100207.1885999091,0.0
2017-08-02,WYNN,rebalance_exit,False,Completed,0,-844,115.4990128963,100348.26002808119,0.0
2017-11-02,ABBV,rebalance_entry,True,Completed,0,1548,64.3451152733,99606.23844306839,0.0
2017-11-02,HD,rebalance_entry,True,Completed,0,743,134.2437623222,99743.11540539461,0.0
2017-11-02,KMB,rebalance_entry,True,Completed,0,1205,82.9741840681,99983.8918020605,0.0
2017-11-02,LII,rebalance_entry,True,Completed,0,582,171.079049642,99568.006891644,0.0
2017-11-02,LMT,rebalance_entry,True,Completed,0,411,242.6362461731,99723.4971771441,0.0
2017-11-02,MU,rebalance_entry,True,Completed,0,2310,42.9834165795,99291.69229864501,0.0
2017-11-02,NVDA,rebalance_entry,True,Completed,0,19535,5.0891714619,99416.96450821651,0.0
2017-11-02,SPGI,rebalance_entry,True,Completed,0,689,144.6119499465,99637.6335131385,0.0
2017-11-02,UPS,rebalance_entry,True,Completed,0,1199,83.4500040269,100056.55482825311,0.0
2017-11-02,WYNN,rebalance_entry,True,Completed,0,727,137.4465094729,99923.6123867983,0.0
2017-11-10,UPS,stop_loss,False,Completed,0,-1199,79.7378423753,100056.55482825311,0.0
2017-11-30,NVDA,stop_loss,False,Completed,0,-19535,4.9246138934,99416.96450821651,0.0
2017-12-01,MU,stop_loss,False,Completed,0,-2310,40.69187781,99291.69229864501,0.0
2017-12-04,MU,rebalance_entry,True,Completed,0,2442,40.9064048437,99893.44062831541,0.0
2017-12-04,NVR,rebalance_entry,True,Completed,0,28,3499.0,97972.0,0.0
2017-12-04,UPS,rebalance_entry,True,Completed,0,1163,87.2635166624,101487.4698783712,0.0
2017-12-05,MU,stop_loss,False,Completed,0,-2442,38.7806369639,99893.44062831541,0.0
2017-12-08,NVR,stop_loss,False,Completed,0,-28,3393.03,97972.0,0.0
2018-01-03,NVR,rebalance_entry,True,Completed,0,28,3542.0,99176.0,0.0
2018-01-03,TPL,rebalance_entry,True,Completed,0,2150,46.441163105,99848.50067575001,0.0
2018-01-24,WYNN,take_profit,False,Completed,0,-727,179.1468596468,99923.6123867983,0.0
2018-01-26,NVR,stop_loss,False,Completed,0,-28,3374.9900000000002,99176.0,0.0
2018-01-29,ABBV,take_profit,False,Completed,0,-1548,85.5109361699,99606.23844306839,0.0
2018-02-02,HD,rebalance_exit,False,Completed,0,-743,162.9136166778,99743.11540539461,0.0
2018-02-02,KMB,rebalance_exit,False,Completed,0,-1205,87.5575896983,99983.8918020605,0.0
2018-02-02,LII,rebalance_exit,False,Completed,0,-582,192.8721042133,99568.006891644,0.0
2018-02-02,LMT,rebalance_exit,False,Completed,0,-411,283.1521384645,99723.4971771441,0.0
2018-02-02,SPGI,rebalance_exit,False,Completed,0,-689,168.5004837637,99637.6335131385,0.0
2018-02-02,TPL,rebalance_exit,False,Completed,0,-2150,53.4169785313,99848.50067575001,0.0
2018-02-02,UPS,rebalance_exit,False,Completed,0,-1163,85.0408341332,101487.4698783712,0.0
2018-03-02,ABBV,rebalance_entry,True,Completed,0,1248,79.4864619837,99199.1045556576,0.0
2018-03-02,HD,rebalance_entry,True,Completed,0,680,145.3099521003,98810.767428204,0.0
2018-03-02,KMB,rebalance_entry,True,Completed,0,1201,83.0117608725,99697.1248078725,0.0
2018-03-02,LII,rebalance_entry,True,Completed,0,562,176.5320795964,99211.02873317679,0.0
2018-03-02,MU,rebalance_entry,True,Completed,0,2153,45.2066967475,97330.01809736749,0.0
2018-03-02,NVDA,rebalance_entry,True,Completed,0,17408,5.6366346455,98122.535908864,0.0
2018-03-02,SPGI,rebalance_entry,True,Completed,0,567,174.8117675713,99118.2722129271,0.0
2018-03-02,TPL,rebalance_entry,True,Completed,0,1915,52.0945012218,99760.969839747,0.0
2018-03-02,UPS,rebalance_entry,True,Completed,0,1303,76.2319547047,99330.2369802241,0.0
2018-03-02,WYNN,rebalance_entry,True,Completed,0,670,147.6567134465,98929.998009155,0.0
2018-03-13,MU,take_profit,False,Completed,0,-2153,60.6233894907,97330.01809736749,0.0
2018-03-23,ABBV,stop_loss,False,Completed,0,-1248,69.6685396828,99199.1045556576,0.0
2018-03-26,KMB,stop_loss,False,Completed,0,-1201,79.7385665325,99697.1248078725,0.0
2018-03-29,TPL,stop_loss,False,Completed,0,-1915,50.8668215485,99760.969839747,0.0
2018-04-03,ABBV,rebalance_entry,True,Completed,0,1553,64.9883114891,100926.8477425723,0.0
2018-04-03,IBKR,rebalance_entry,True,Completed,0,6496,15.4432096405,100319.089824688,0.0
2018-04-03,MSCI,rebalance_entry,True,Completed,0,748,133.932726101,100181.67912354799,0.0
2018-04-03,MU,rebalance_entry,True,Completed,0,2048,49.5362423376,101450.2243074048,0.0
2018-04-03,TPL,rebalance_entry,True,Completed,0,1936,51.3754897639,99462.9481829104,0.0
2018-04-03,UPS,rebalance_exit,False,Completed,0,-1303,75.2588728321,99330.2369802241,0.0
2018-04-05,NVDA,stop_loss,False,Completed,0,-17408,5.6549402263,98122.535908864,0.0
2018-04-09,MU,stop_loss,False,Completed,0,-2048,47.9077871269,101450.2243074048,0.0
2018-05-02,ABBV,rebalance_exit,False,Completed,0,-1553,71.9448279715,100926.8477425723,0.0
2018-05-02,BA,rebalance_entry,True,Completed,0,316,315.5783271837,99722.7513900492,0.0
2018-05-02,IBKR,rebalance_exit,False,Completed,0,-6496,17.5981313549,100319.089824688,0.0
2018-05-02,KMB,rebalance_entry,True,Completed,0,1286,77.4039466208,99541.4753543488,0.0
2018-05-02,LII,rebalance_exit,False,Completed,0,-562,178.0355912056,99211.02873317679,0.0
2018-05-02,LMT,rebalance_entry,True,Completed,0,404,246.4809290821,99578.2953491684,0.0
2018-05-02,MSCI,rebalance_exit,False,Completed,0,-748,137.5940909479,100181.67912354799,0.0
2018-05-02,MU,rebalance_entry,True,Completed,0,2191,44.7678914512,98086.4501695792,0.0
2018-05-02,NVDA,rebalance_entry,True,Completed,0,17797,5.6153605922,99936.5724593834,0.0
2018-05-02,UPS,rebalance_entry,True,Completed,0,1233,80.7874194715,99610.88820835951,0.0
2018-05-08,TPL,take_profit,False,Completed,0,-1936,66.2030159494,99462.9481829104,0.0
2018-05-23,MU,take_profit,False,Completed,0,-2191,57.581006103,98086.4501695792,0.0
2018-06-04,LULU,rebalance_entry,True,Completed,0,818,122.62,100303.16,0.0
2018-06-04,MU,rebalance_entry,True,Completed,0,1745,56.0013070364,97722.280778518,0.0
2018-06-04,NVDA,rebalance_exit,False,Completed,0,-17797,6.4108356493,99936.5724593834,0.0
2018-06-04,TPL,rebalance_entry,True,Completed,0,1375,72.8380394788,100152.30428335,0.0
2018-06-04,VLO,rebalance_entry,True,Completed,0,1111,90.6022533067,100659.10342374371,0.0
2018-06-04,WYNN,rebalance_exit,False,Completed,0,-670,175.7471508348,98929.998009155,0.0
2018-06-07,TPL,stop_loss,False,Completed,0,-1375,69.9566015635,100152.30428335,0.0
2018-06-13,VLO,stop_loss,False,Completed,0,-1111,85.7388249618,100659.10342374371,0.0
2018-06-26,MU,stop_loss,False,Completed,0,-1745,53.0564359368,97722.280778518,0.0
2018-06-29,UPS,stop_loss,False,Completed,0,-1233,77.2254973912,99610.88820835951,0.0
2018-07-03,MU,rebalance_entry,True,Completed,0,1882,53.1929531401,100109.1378096682,0.0
2018-07-03,ORLY,rebalance_entry,True,Completed,0,5464,18.416,100625.024,0.0
2018-07-03,TPL,rebalance_entry,True,Completed,0,1417,70.5586779144,99981.64660470479,0.0
2018-07-03,UPS,rebalance_entry,True,Completed,0,1300,77.1964379378,100355.36931914,0.0
2018-07-05,MU,stop_loss,False,Completed,0,-1882,51.3207172092,100109.1378096682,0.0
2018-08-02,BA,rebalance_exit,False,Completed,0,-316,335.5498985624,99722.7513900492,0.0
2018-08-02,HD,rebalance_exit,False,Completed,0,-680,161.3237890232,98810.767428204,0.0
2018-08-02,KMB,rebalance_exit,False,Completed,0,-1286,85.5029716585,99541.4753543488,0.0
2018-08-02,LMT,rebalance_exit,False,Completed,0,-404,260.3585596791,99578.2953491684,0.0
2018-08-02,LULU,rebalance_exit,False,Completed,0,-818,120.93,100303.16,0.0
2018-08-02,ORLY,rebalance_exit,False,Completed,0,-5464,20.1153333333,100625.024,0.0
2018-08-02,SPGI,rebalance_exit,False,Completed,0,-567,183.4852093647,99118.2722129271,0.0
2018-08-02,TPL,rebalance_exit,False,Completed,0,-1417,80.1076291452,99981.64660470479,0.0
2018-08-02,UPS,rebalance_exit,False,Completed,0,-1300,86.4518738434,100355.36931914,0.0
2018-10-02,AMD,rebalance_entry,True,Completed,0,3182,30.73,97782.86,0.0
2018-10-02,BA,rebalance_entry,True,Completed,0,270,368.3952507165,99466.71769345501,0.0
2018-10-02,GWW,rebalance_entry,True,Completed,0,310,319.2553294151,98969.152118681,0.0
2018-10-02,HD,rebalance_entry,True,Completed,0,579,172.4450196177,99845.6663586483,0.0
2018-10-02,KMB,rebalance_entry,True,Completed,0,1147,87.1908941635,100007.9556055345,0.0
2018-10-02,LULU,rebalance_entry,True,Completed,0,618,162.88,100659.84,0.0
2018-10-02,ORLY,rebalance_entry,True,Completed,0,4338,23.1233333333,100309.0199998554,0.0
2018-10-02,SPGI,rebalance_entry,True,Completed,0,536,186.0946820973,99746.74960415279,0.0
2018-10-02,TPL,rebalance_entry,True,Completed,0,1136,88.2087542776,100205.14485935359,0.0
2018-10-02,UPS,rebalance_entry,True,Completed,0,1163,85.9852692065,100000.86808715951,0.0
2018-10-03,AMD,stop_loss,False,Completed,0,-3182,29.04,97782.86,0.0
2018-10-08,HD,stop_loss,False,Completed,0,-579,163.0951402467,99845.6663586483,0.0
2018-10-08,LULU,stop_loss,False,Completed,0,-618,153.02,100659.84,0.0
2018-10-09,SPGI,stop_loss,False,Completed,0,-536,175.9109077855,99746.74960415279,0.0
2018-10-10,GWW,stop_loss,False,Completed,0,-310,299.543635568,98969.152118681,0.0
2018-10-11,TPL,stop_loss,False,Completed,0,-1136,80.9361186937,100205.14485935359,0.0
2018-10-12,BA,stop_loss,False,Completed,0,-270,354.0405559006,99466.71769345501,0.0
2018-10-12,ORLY,stop_loss,False,Completed,0,-4338,22.2746666667,100309.0199998554,0.0
2018-10-15,KMB,stop_loss,False,Completed,0,-1147,83.6777922433,100007.9556055345,0.0
2018-10-25,UPS,stop_loss,False,Completed,0,-1163,78.3514050779,100000.86808715951,0.0
2018-12-04,ABBV,rebalance_entry,True,Completed,0,1470,68.1738613465,100215.576179355,0.0
2018-12-04,DECK,rebalance_entry,True,Completed,0,4382,22.815,99975.33,0.0
2018-12-04,HD,rebalance_entry,True,Completed,0,658,151.3525831414,99589.9997070412,0.0
2018-12-04,KMB,rebalance_entry,True,Completed,0,1151,87.3136226149,100497.9796297499,0.0
2018-12-04,LMT,rebalance_entry,True,Completed,0,411,241.9655642337,99447.8469000507,0.0
2018-12-04,MCO,rebalance_entry,True,Completed,0,676,147.5913309114,99771.73969610641,0.0
2018-12-04,ORLY,rebalance_entry,True,Completed,0,4331,23.102,100054.762,0.0
2018-12-04,SPGI,rebalance_entry,True,Completed,0,575,173.0973194904,99530.95870698,0.0
2018-12-04,TPL,rebalance_entry,True,Completed,0,1640,61.8118182808,101371.381980512,0.0
2018-12-04,UPS,rebalance_entry,True,Completed,0,1175,83.8327197259,98503.44567793251,0.0
2018-12-06,DECK,stop_loss,False,Completed,0,-4382,21.07,99975.33,0.0
2018-12-06,UPS,stop_loss,False,Completed,0,-1175,78.3275076734,98503.44567793251,0.0
2018-12-07,ABBV,stop_loss,False,Completed,0,-1470,65.2776336339,100215.576179355,0.0
2018-12-07,HD,stop_loss,False,Completed,0,-658,146.5794513081,99589.9997070412,0.0
2018-12-07,LMT,stop_loss,False,Completed,0,-411,233.5214798874,99447.8469000507,0.0
2018-12-07,MCO,stop_loss,False,Completed,0,-676,140.5328996174,99771.73969610641,0.0
2018-12-07,SPGI,stop_loss,False,Completed,0,-575,164.37587041,99530.95870698,0.0
2018-12-07,TPL,stop_loss,False,Completed,0,-1640,59.9832525002,101371.381980512,0.0
2018-12-11,ORLY,stop_loss,False,Completed,0,-4331,22.7053333333,100054.762,0.0
2018-12-26,KMB,stop_loss,False,Completed,0,-1151,83.2813398617,100497.9796297499,0.0
2019-04-02,HD,rebalance_entry,True,Completed,0,606,164.6503235854,99778.0960927524,0.0
2019-04-02,LLY,rebalance_entry,True,Completed,0,850,117.6250665723,99981.306586455,0.0
2019-04-02,LMT,rebalance_entry,True,Completed,0,398,251.2260076054,99987.9510269492,0.0
2019-04-02,LULU,rebalance_entry,True,Completed,0,604,165.61,100028.44,0.0
2019-04-02,MCO,rebalance_entry,True,Completed,0,578,173.3525412815,100197.768860707,0.0
2019-04-02,MSCI,rebalance_entry,True,Completed,0,534,187.5204402189,100135.9150768926,0.0
2019-04-02,ORLY,rebalance_entry,True,Completed,0,3831,26.2,100372.2,0.0
2019-04-02,SBUX,rebalance_entry,True,Completed,0,1584,63.1432359496,100018.8857441664,0.0
2019-04-02,SPGI,rebalance_entry,True,Completed,0,499,200.3225385554,99960.9467391446,0.0
2019-04-02,TPL,rebalance_entry,True,Completed,0,1231,81.9801852798,100917.60807943379,0.0
2019-04-17,LLY,stop_loss,False,Completed,0,-850,109.3847488273,99981.306586455,0.0
2019-04-26,ORLY,stop_loss,False,Completed,0,-3831,25.3753333333,100372.2,0.0
2019-05-02,DECK,rebalance_entry,True,Completed,0,3832,26.1966666667,100385.6266667944,0.0
2019-05-02,ERIE,rebalance_entry,True,Completed,0,612,163.4373930891,100023.68457052919,0.0
2019-05-02,ORLY,rebalance_entry,True,Completed,0,4015,24.8666666667,99839.66666680049,0.0
2019-05-02,SBUX,rebalance_exit,False,Completed,0,-1584,66.2573125773,100018.8857441664,0.0
2019-05-10,DECK,stop_loss,False,Completed,0,-3832,24.6833333333,100385.6266667944,0.0
2019-05-14,ORLY,stop_loss,False,Completed,0,-4015,23.6686666667,99839.66666680049,0.0
2019-06-03,TPL,stop_loss,False,Completed,0,-1231,74.8068681788,100917.60807943379,0.0
2019-06-04,ERIE,rebalance_exit,False,Completed,0,-612,188.194042186,100023.68457052919,0.0
2019-06-04,HD,rebalance_exit,False,Completed,0,-606,161.3488951022,99778.0960927524,0.0
2019-06-04,LMT,rebalance_exit,False,Completed,0,-398,286.8722141968,99987.9510269492,0.0
2019-06-04,LULU,rebalance_exit,False,Completed,0,-604,165.4,100028.44,0.0
2019-06-04,MCO,rebalance_exit,False,Completed,0,-578,171.1299760409,100197.768860707,0.0
2019-06-04,MSCI,rebalance_exit,False,Completed,0,-534,203.2190283796,100135.9150768926,0.0
2019-06-04,SPGI,rebalance_exit,False,Completed,0,-499,203.0895730641,99960.9467391446,0.0
2019-10-02,HLT,rebalance_entry,True,Completed,0,1103,90.1311395147,99414.6468847141,0.0
2019-10-02,HSY,rebalance_entry,True,Completed,0,757,131.8372675468,99800.8115329276,0.0
2019-10-02,IDXX,rebalance_entry,True,Completed,0,371,266.84,98997.63999999998,0.0
2019-10-02,KLAC,rebalance_entry,True,Completed,0,683,144.4194769702,98638.5027706466,0.0
2019-10-02,LMT,rebalance_entry,True,Completed,0,312,319.2619958647,99609.7427097864,0.0
2019-10-02,LRCX,rebalance_entry,True,Completed,0,4676,21.0839458832,98588.53094984319,0.0
2019-10-02,MCO,rebalance_entry,True,Completed,0,526,188.3147629916,99053.5653335816,0.0
2019-10-02,ORLY,rebalance_entry,True,Completed,0,3743,26.5773333333,99478.9586665419,0.0
2019-10-02,SPGI,rebalance_entry,True,Completed,0,435,227.9307706067,99149.8852139145,0.0
2019-10-02,TER,rebalance_entry,True,Completed,0,1768,56.0157099319,99035.7751595992,0.0
2019-10-23,LMT,stop_loss,False,Completed,0,-312,311.7880253287,99609.7427097864,0.0
2019-10-25,HSY,stop_loss,False,Completed,0,-757,124.7060931293,99800.8115329276,0.0
2019-11-04,BLDR,rebalance_entry,True,Completed,0,4115,24.49,100776.34999999999,0.0
2019-11-04,LMT,rebalance_entry,True,Completed,0,316,316.9180385872,100146.10019355519,0.0
2019-11-04,STX,rebalance_entry,True,Completed,0,2180,46.0230821914,100330.31917725201,0.0
2019-11-04,TER,rebalance_exit,False,Completed,0,-1768,61.4733016776,99035.7751595992,0.0
2019-11-12,IDXX,stop_loss,False,Completed,0,-371,252.25,98997.63999999998,0.0
2019-12-03,FICO,rebalance_entry,True,Completed,0,277,355.08,98357.15999999999,0.0
2019-12-03,IDXX,rebalance_entry,True,Completed,0,397,250.08,99281.76000000001,0.0
2019-12-03,KLAC,rebalance_exit,False,Completed,0,-683,146.7067239222,98638.5027706466,0.0
2019-12-03,STX,rebalance_exit,False,Completed,0,-2180,46.7553761314,100330.31917725201,0.0
2019-12-03,TGT,rebalance_entry,True,Completed,0,964,102.4839740319,98794.5509667516,0.0
2019-12-23,LRCX,take_profit,False,Completed,0,-4676,27.8102099695,98588.53094984319,0.0
2020-01-03,APO,rebalance_entry,True,Completed,0,2494,39.6564299634,98903.1363287196,0.0
2020-01-03,FICO,rebalance_exit,False,Completed,0,-277,378.66,98357.15999999999,0.0
2020-01-03,LRCX,rebalance_entry,True,Completed,0,3601,27.22022864,98020.04333264,0.0
2020-01-03,TER,rebalance_entry,True,Completed,0,1473,66.3727835357,97767.1101480861,0.0
2020-01-03,TGT,rebalance_exit,False,Completed,0,-964,104.20597229049999,98794.5509667516,0.0
2020-01-29,MCO,take_profit,False,Completed,0,-526,246.0122079713,99053.5653335816,0.0
2020-02-04,APO,rebalance_exit,False,Completed,0,-2494,39.2106630943,98903.1363287196,0.0
2020-02-04,BLDR,rebalance_exit,False,Completed,0,-4115,24.95,100776.34999999999,0.0
2020-02-04,HLT,rebalance_exit,False,Completed,0,-1103,108.2977123811,99414.6468847141,0.0
2020-02-04,IDXX,rebalance_exit,False,Completed,0,-397,280.58,99281.76000000001,0.0
2020-02-04,LMT,rebalance_exit,False,Completed,0,-316,357.0750473439,100146.10019355519,0.0
2020-02-04,LRCX,rebalance_exit,False,Completed,0,-3601,29.5046587169,98020.04333264,0.0
2020-02-04,ORLY,rebalance_exit,False,Completed,0,-3743,27.3186666667,99478.9586665419,0.0
2020-02-04,SPGI,rebalance_exit,False,Completed,0,-435,283.1401332029,99149.8852139145,0.0
2020-02-04,TER,rebalance_exit,False,Completed,0,-1473,67.2300864788,97767.1101480861,0.0
2020-06-02,DVA,rebalance_entry,True,Completed,0,1244,80.31,99905.64,0.0
2020-06-02,EBAY,rebalance_entry,True,Completed,0,2443,40.9607218244,100067.04341700919,0.0
2020-06-02,FTNT,rebalance_entry,True,Completed,0,3454,29.064,100387.056,0.0
2020-06-02,GEN,rebalance_entry,True,Completed,0,5258,18.7880869242,98787.76104744361,0.0
2020-06-02,LLY,rebalance_entry,True,Completed,0,700,142.418258897,99692.78122789999,0.0
2020-06-02,LOW,rebalance_entry,True,Completed,0,861,117.6858222221,101327.4929332281,0.0
2020-06-02,MCO,rebalance_entry,True,Completed,0,380,262.8651504317,99888.757164046,0.0
2020-06-02,NVDA,rebalance_entry,True,Completed,0,11399,8.7623615506,99882.15931528939,0.0
2020-06-02,REGN,rebalance_entry,True,Completed,0,168,597.3598431925,100356.45365633999,0.0
2020-06-02,SPGI,rebalance_entry,True,Completed,0,321,309.9634474589,99498.2666343069,0.0
2020-06-05,FTNT,stop_loss,False,Completed,0,-3454,27.592,100387.056,0.0
2020-06-12,GEN,stop_loss,False,Completed,0,-5258,17.8242617484,98787.76104744361,0.0
2020-06-12,LLY,stop_loss,False,Completed,0,-700,136.2937493416,99692.78122789999,0.0
2020-06-12,LOW,stop_loss,False,Completed,0,-861,113.7378379451,101327.4929332281,0.0
2020-06-12,MCO,stop_loss,False,Completed,0,-380,252.60283425750004,99888.757164046,0.0
2020-06-12,SPGI,stop_loss,False,Completed,0,-321,299.1087333974,99498.2666343069,0.0
2020-06-16,DVA,stop_loss,False,Completed,0,-1244,80.41,99905.64,0.0
2020-07-02,AMD,rebalance_entry,True,Completed,0,1901,53.03,100810.03,0.0
2020-07-02,EBAY,rebalance_exit,False,Completed,0,-2443,48.5208904194,100067.04341700919,0.0
2020-07-02,GEN,rebalance_entry,True,Completed,0,5740,17.4453970647,100136.579151378,0.0
2020-07-02,LOW,rebalance_entry,True,Completed,0,821,123.1412186777,101098.9405343917,0.0
2020-07-02,LRCX,rebalance_entry,True,Completed,0,3350,30.3557332506,101691.70638951,0.0
2020-07-02,LULU,rebalance_entry,True,Completed,0,324,312.15,101136.59999999999,0.0
2020-07-02,MCO,rebalance_entry,True,Completed,0,378,268.2713613553,101406.57459230338,0.0
2020-07-02,META,rebalance_entry,True,Completed,0,424,237.1571201236,100554.6189324064,0.0
2020-07-02,REGN,rebalance_exit,False,Completed,0,-168,607.1802723649,100356.45365633999,0.0
2020-07-02,SMCI,rebalance_entry,True,Completed,0,35790,2.835,101464.65,0.0
2020-07-02,SPGI,rebalance_entry,True,Completed,0,314,321.8836549252,101071.4676465128,0.0
2020-07-15,LULU,stop_loss,False,Completed,0,-324,308.59,101136.59999999999,0.0
2020-07-15,SMCI,stop_loss,False,Completed,0,-35790,2.811,101464.65,0.0
2020-07-27,AMD,take_profit,False,Completed,0,-1901,69.28,100810.03,0.0
2020-07-27,META,stop_loss,False,Completed,0,-424,229.6752595139,100554.6189324064,0.0
2020-08-04,AAPL,rebalance_entry,True,Completed,0,948,105.67032341,100175.46659268,0.0
2020-08-04,CLX,rebalance_entry,True,Completed,0,519,192.3920853461,99851.4922946259,0.0
2020-08-04,EBAY,rebalance_entry,True,Completed,0,1952,50.9492890048,99453.0121373696,0.0
2020-08-04,GEN,rebalance_exit,False,Completed,0,-5740,19.3220988701,100136.579151378,0.0
2020-08-04,GNRC,rebalance_entry,True,Completed,0,614,161.68,99271.52,0.0
2020-08-04,IDXX,rebalance_entry,True,Completed,0,255,393.77,100411.34999999999,0.0
2020-08-04,LRCX,rebalance_exit,False,Completed,0,-3350,35.9330797674,101691.70638951,0.0
2020-08-04,MCO,rebalance_exit,False,Completed,0,-378,264.657736159,101406.57459230338,0.0
2020-08-04,MTD,rebalance_entry,True,Completed,0,107,918.96,98328.72,0.0
2020-08-04,NEM,rebalance_entry,True,Completed,0,1742,57.5680751764,100283.5869572888,0.0
2020-08-04,NTAP,rebalance_entry,True,Completed,0,2691,37.0197796422,99620.2270171602,0.0
2020-08-04,NVDA,rebalance_exit,False,Completed,0,-11399,11.0124512456,99882.15931528939,0.0
2020-08-04,SPGI,rebalance_exit,False,Completed,0,-314,331.5396889062,101071.4676465128,0.0
2020-08-04,STX,rebalance_entry,True,Completed,0,2699,37.3232318313,100735.4027126787,0.0
2020-08-12,IDXX,stop_loss,False,Completed,0,-255,375.02,100411.34999999999,0.0
2020-08-12,NEM,stop_loss,False,Completed,0,-1742,54.2842446486,100283.5869572888,0.0
2020-08-19,NTAP,stop_loss,False,Completed,0,-2691,35.7863660549,99620.2270171602,0.0
2020-08-26,CLX,stop_loss,False,Completed,0,-519,181.5736601934,99851.4922946259,0.0
2020-09-02,AMD,rebalance_entry,True,Completed,0,1084,94.01,101906.84000000001,0.0
2020-09-02,IDXX,rebalance_entry,True,Completed,0,250,399.0,99750.0,0.0
2020-09-02,MTD,rebalance_exit,False,Completed,0,-107,977.35,98328.72,0.0
2020-09-02,NVDA,rebalance_entry,True,Completed,0,7257,14.6580265409,106373.2986073113,0.0
2020-09-02,ORLY,rebalance_entry,True,Completed,0,3169,31.557333333299997,100005.1893332277,0.0
2020-09-02,REGN,rebalance_entry,True,Completed,0,170,586.5474514775,99713.06675117499,0.0
2020-09-02,STX,rebalance_exit,False,Completed,0,-2699,38.9783640633,100735.4027126787,0.0
2020-09-02,WST,rebalance_entry,True,Completed,0,360,279.5746142933,100646.861145588,0.0
2020-09-03,AMD,stop_loss,False,Completed,0,-1084,87.84,101906.84000000001,0.0
2020-09-03,NVDA,stop_loss,False,Completed,0,-7257,13.785632838900002,106373.2986073113,0.0
2020-09-04,EBAY,stop_loss,False,Completed,0,-1952,47.963407465,99453.0121373696,0.0
2020-09-04,IDXX,stop_loss,False,Completed,0,-250,382.11,99750.0,0.0
2020-09-04,WST,stop_loss,False,Completed,0,-360,261.8757772376,100646.861145588,0.0
2020-09-09,REGN,stop_loss,False,Completed,0,-170,560.4588366054,99713.06675117499,0.0
2020-09-22,AAPL,stop_loss,False,Completed,0,-948,109.30657738849999,100175.46659268,0.0
2020-09-22,ORLY,stop_loss,False,Completed,0,-3169,30.438,100005.1893332277,0.0
2020-10-02,ALGN,rebalance_entry,True,Completed,0,314,312.02,97974.28,0.0
2020-10-02,HUM,rebalance_entry,True,Completed,0,253,393.1687735328,99471.6997037984,0.0
2020-10-02,IDXX,rebalance_entry,True,Completed,0,253,389.7,98594.09999999999,0.0
2020-10-02,MCO,rebalance_entry,True,Completed,0,358,275.4856005423,98623.84499414341,0.0
2020-10-02,NRG,rebalance_entry,True,Completed,0,3836,25.739231217399997,98735.6909499464,0.0
2020-10-02,NVDA,rebalance_entry,True,Completed,0,7368,13.1838749301,97138.7904849768,0.0
2020-10-02,ORLY,rebalance_entry,True,Completed,0,3235,30.55,98829.25,0.0
2020-10-02,SPGI,rebalance_entry,True,Completed,0,288,342.9961787929,98782.89949235521,0.0
2020-10-07,GNRC,take_profit,False,Completed,0,-614,212.55,99271.52,0.0
2020-10-19,LOW,take_profit,False,Completed,0,-821,160.52687546540002,101098.9405343917,0.0
2020-10-20,SPGI,stop_loss,False,Completed,0,-288,324.3723831622,98782.89949235521,0.0
2020-10-23,ALGN,take_profit,False,Completed,0,-314,451.3399999999999,97974.28,0.0
2020-10-23,MCO,stop_loss,False,Completed,0,-358,259.7954278331,98623.84499414341,0.0
2020-11-02,HUM,stop_loss,False,Completed,0,-253,383.366361372,99471.6997037984,0.0
2020-11-02,NVDA,stop_loss,False,Completed,0,-7368,12.6183888769,97138.7904849768,0.0
2020-11-02,ORLY,stop_loss,False,Completed,0,-3235,29.514,98829.25,0.0
2020-11-03,CL,rebalance_entry,True,Completed,0,1419,71.0558542418,100828.25716911421,0.0
2020-11-03,FIX,rebalance_entry,True,Completed,0,2202,46.4752796745,102338.565843249,0.0
2020-11-03,IDXX,rebalance_exit,False,Completed,0,-253,437.32,98594.09999999999,0.0
2020-11-03,KMB,rebalance_entry,True,Completed,0,911,110.2748805752,100460.4162040072,0.0
2020-11-03,LOW,rebalance_entry,True,Completed,0,690,146.7376925681,101249.00787198899,0.0
2020-11-03,NEM,rebalance_entry,True,Completed,0,1828,55.0157316923,100568.7575335244,0.0
2020-11-03,NTAP,rebalance_entry,True,Completed,0,2535,39.9402058676,101248.421874366,0.0
2020-11-03,ORLY,rebalance_entry,True,Completed,0,3397,29.6653333333,100773.1373332201,0.0
2020-11-03,SPGI,rebalance_entry,True,Completed,0,319,316.4043723397,100932.9947763643,0.0
2020-11-03,UPS,rebalance_entry,True,Completed,0,798,126.50377662079998,100950.01374339839,0.0
2020-11-10,LOW,stop_loss,False,Completed,0,-690,140.6194799754,101249.00787198899,0.0
2020-11-19,NEM,stop_loss,False,Completed,0,-1828,51.5170353911,100568.7575335244,0.0
2020-12-02,EBAY,rebalance_entry,True,Completed,0,2172,46.0204313897,99956.3769784284,0.0
2020-12-02,FIX,rebalance_exit,False,Completed,0,-2202,48.9952264437,102338.565843249,0.0
2020-12-02,GEN,rebalance_entry,True,Completed,0,6149,16.2525606749,99936.9955899601,0.0
2020-12-02,IDXX,rebalance_entry,True,Completed,0,213,465.51000000000005,99153.63,0.0
2020-12-02,KMB,rebalance_exit,False,Completed,0,-911,115.1656441962,100460.4162040072,0.0
2020-12-02,LOW,rebalance_entry,True,Completed,0,721,137.7275626494,99301.5726702174,0.0
2020-12-02,MTD,rebalance_entry,True,Completed,0,86,1157.71,99563.06,0.0
2020-12-02,NRG,rebalance_exit,False,Completed,0,-3836,28.5946644405,98735.6909499464,0.0
2020-12-02,QCOM,rebalance_entry,True,Completed,0,744,134.2867283916,99909.3259233504,0.0
2020-12-02,UPS,rebalance_exit,False,Completed,0,-798,132.5522530088,100950.01374339839,0.0
2020-12-03,NTAP,take_profit,False,Completed,0,-2535,52.08216886950001,101248.421874366,0.0
2020-12-14,QCOM,stop_loss,False,Completed,0,-744,129.2814227888,99909.3259233504,0.0
2020-12-22,SPGI,stop_loss,False,Completed,0,-319,304.2222807144,100932.9947763643,0.0
2021-01-05,ALGN,rebalance_entry,True,Completed,0,189,526.97,99597.33,0.0
2021-01-05,COHR,rebalance_entry,True,Completed,0,1315,75.98,99913.70000000001,0.0
2021-01-05,EBAY,rebalance_exit,False,Completed,0,-2172,46.7767806411,99956.3769784284,0.0
2021-01-05,GEN,rebalance_exit,False,Completed,0,-6149,18.6074871393,99936.9955899601,0.0
2021-01-05,GNRC,rebalance_entry,True,Completed,0,445,223.17,99310.65,0.0
2021-01-05,LOW,rebalance_exit,False,Completed,0,-721,144.0897807665,99301.5726702174,0.0
2021-01-05,MTD,rebalance_exit,False,Completed,0,-86,1154.77,99563.06,0.0
2021-01-05,NTAP,rebalance_entry,True,Completed,0,1756,56.5007790322,99215.3679805432,0.0
2021-01-05,PYPL,rebalance_entry,True,Completed,0,433,229.2479501243,99264.3624038219,0.0
2021-01-05,ROL,rebalance_entry,True,Completed,0,2802,35.5256895455,99542.982106491,0.0
2021-01-05,TTD,rebalance_entry,True,Completed,0,1292,77.676,100357.392,0.0
2021-01-27,ROL,stop_loss,False,Completed,0,-2802,33.9766313725,99542.982106491,0.0
2021-01-28,TTD,stop_loss,False,Completed,0,-1292,77.49949,100357.392,0.0
2021-02-02,ABBV,rebalance_entry,True,Completed,0,1194,84.1866952776,100518.91416145439,0.0
2021-02-02,ALGN,rebalance_exit,False,Completed,0,-189,551.78,99597.33,0.0
2021-02-02,CL,rebalance_exit,False,Completed,0,-1419,69.6622476064,100828.25716911421,0.0
2021-02-02,COHR,rebalance_exit,False,Completed,0,-1315,89.82,99913.70000000001,0.0
2021-02-02,EBAY,rebalance_entry,True,Completed,0,1877,53.298801278899994,100041.8500004953,0.0
2021-02-02,FCX,rebalance_entry,True,Completed,0,3779,26.5160683336,100204.2222326744,0.0
2021-02-02,MTD,rebalance_entry,True,Completed,0,84,1197.04,100551.36,0.0
2021-02-02,NRG,rebalance_entry,True,Completed,0,2735,36.7055937167,100389.79881517451,0.0
2021-02-02,NTAP,rebalance_exit,False,Completed,0,-1756,58.9675250039,99215.3679805432,0.0
2021-02-02,PYPL,rebalance_exit,False,Completed,0,-433,242.3182762606,99264.3624038219,0.0
2021-02-02,QCOM,rebalance_entry,True,Completed,0,693,146.7776871152,101716.9371708336,0.0
2021-02-02,SPGI,rebalance_entry,True,Completed,0,325,309.6468060776,100635.21197522,0.0
2021-02-05,QCOM,stop_loss,False,Completed,0,-693,132.8056575715,101716.9371708336,0.0
2021-02-12,GNRC,take_profit,False,Completed,0,-445,320.58000000000004,99310.65,0.0
2021-02-17,NRG,stop_loss,False,Completed,0,-2735,35.2771920744,100389.79881517451,0.0
2021-02-22,FCX,take_profit,False,Completed,0,-3779,35.5140978848,100204.2222326744,0.0
2021-02-23,MTD,stop_loss,False,Completed,0,-84,1122.76,100551.36,0.0
2021-03-02,ABBV,rebalance_exit,False,Completed,0,-1194,89.0719457714,100518.91416145439,0.0
2021-03-02,ALGN,rebalance_entry,True,Completed,0,176,565.0,99440.0,0.0
2021-03-02,FCX,rebalance_entry,True,Completed,0,3057,32.7865701771,100228.54503139471,0.0
2021-03-02,GNRC,rebalance_entry,True,Completed,0,288,345.9,99619.2,0.0
2021-03-02,IDXX,rebalance_exit,False,Completed,0,-213,542.08,99153.63,0.0
2021-03-02,LOW,rebalance_entry,True,Completed,0,680,147.3076992788,100169.23550958399,0.0
2021-03-02,NTAP,rebalance_entry,True,Completed,0,1734,57.2435868666,99260.3796266844,0.0
2021-03-02,ON,rebalance_entry,True,Completed,0,2365,42.35,100157.75,0.0
2021-03-02,ORLY,rebalance_exit,False,Completed,0,-3397,30.03,100773.1373332201,0.0
2021-03-02,PYPL,rebalance_entry,True,Completed,0,367,274.4967428138,100740.3046126646,0.0
2021-03-02,SPGI,rebalance_exit,False,Completed,0,-325,321.8482808924,100635.21197522,0.0
2021-03-02,TTD,rebalance_entry,True,Completed,0,1201,83.5,100283.5,0.0
2021-03-02,WBD,rebalance_entry,True,Completed,0,1718,57.64,99025.52,0.0
2021-03-04,ALGN,stop_loss,False,Completed,0,-176,523.7,99440.0,0.0
2021-03-04,EBAY,stop_loss,False,Completed,0,-1877,49.7769254399,100041.8500004953,0.0
2021-03-04,GNRC,stop_loss,False,Completed,0,-288,315.65,99619.2,0.0
2021-03-04,ON,stop_loss,False,Completed,0,-2365,39.42,100157.75,0.0
2021-03-04,PYPL,stop_loss,False,Completed,0,-367,250.4250614973,100740.3046126646,0.0
2021-03-04,TTD,stop_loss,False,Completed,0,-1201,69.001,100283.5,0.0
2021-03-05,FCX,stop_loss,False,Completed,0,-3057,31.614951746,100228.54503139471,0.0
2021-03-05,LOW,stop_loss,False,Completed,0,-680,140.5240903974,100169.23550958399,0.0
2021-03-05,NTAP,stop_loss,False,Completed,0,-1734,54.9361619752,99260.3796266844,0.0
2021-03-17,WBD,take_profit,False,Completed,0,-1718,74.69,99025.52,0.0
2021-04-05,ADSK,rebalance_entry,True,Completed,0,352,285.74,100580.48000000001,0.0
2021-04-05,BLDR,rebalance_entry,True,Completed,0,2111,48.71,102826.81,0.0
2021-04-05,GNRC,rebalance_entry,True,Completed,0,308,327.0,100716.0,0.0
2021-04-05,HD,rebalance_entry,True,Completed,0,367,274.0953894422,100593.00792528738,0.0
2021-04-05,KMB,rebalance_entry,True,Completed,0,879,114.3236678964,100490.5040809356,0.0
2021-04-05,SPGI,rebalance_entry,True,Completed,0,288,347.6853621847,100133.3843091936,0.0
2021-04-05,TPL,rebalance_entry,True,Completed,0,598,168.0062619971,100467.7446742658,0.0
2021-04-05,TPR,rebalance_entry,True,Completed,0,2766,36.6783377859,101452.2823157994,0.0
2021-04-05,TTD,rebalance_entry,True,Completed,0,1517,67.5,102397.5,0.0
2021-04-05,XYZ,rebalance_entry,True,Completed,0,435,231.62,100754.7,0.0
2021-04-06,TTD,stop_loss,False,Completed,0,-1517,66.60745,102397.5,0.0
2021-04-09,BLDR,stop_loss,False,Completed,0,-2111,47.18,102826.81,0.0
2021-04-21,GNRC,stop_loss,False,Completed,0,-308,312.87,100716.0,0.0
2021-04-21,TPL,stop_loss,False,Completed,0,-598,151.5128114257,100467.7446742658,0.0
2021-04-27,KMB,stop_loss,False,Completed,0,-879,107.9898776986,100490.5040809356,0.0
2021-05-04,CL,rebalance_entry,True,Completed,0,1388,72.1353507873,100123.86689277239,0.0
2021-05-04,FTNT,rebalance_entry,True,Completed,0,2460,40.628,99944.88,0.0
2021-05-04,GNRC,rebalance_entry,True,Completed,0,307,319.96,98227.71999999999,0.0
2021-05-04,KMB,rebalance_entry,True,Completed,0,894,112.3147855532,100409.4182845608,0.0
2021-05-04,LOW,rebalance_entry,True,Completed,0,551,180.7341649321,99584.52487758709,0.0
2021-05-04,MAS,rebalance_entry,True,Completed,0,1690,58.8930480891,99529.251270579,0.0
2021-05-04,ORLY,rebalance_entry,True,Completed,0,2702,36.902,99709.204,0.0
2021-05-04,TPR,rebalance_exit,False,Completed,0,-2766,42.5549775417,101452.2823157994,0.0
2021-05-04,XYZ,rebalance_exit,False,Completed,0,-435,238.83,100754.7,0.0
2021-05-12,ADSK,stop_loss,False,Completed,0,-352,271.95,100580.48000000001,0.0
2021-05-12,GNRC,stop_loss,False,Completed,0,-307,296.56,98227.71999999999,0.0
2021-05-19,MAS,stop_loss,False,Completed,0,-1690,55.188968603899994,99529.251270579,0.0
2021-05-20,LOW,stop_loss,False,Completed,0,-551,174.4216581147,99584.52487758709,0.0
2021-06-02,ADSK,rebalance_entry,True,Completed,0,355,280.84,99698.2,0.0
2021-06-02,FTNT,rebalance_exit,False,Completed,0,-2460,42.978,99944.88,0.0
2021-06-02,MAS,rebalance_entry,True,Completed,0,1810,55.2940784367,100082.281970427,0.0
2021-06-02,MOS,rebalance_entry,True,Completed,0,3008,33.5757972385,100995.99809340801,0.0
2021-06-02,NUE,rebalance_entry,True,Completed,0,974,102.2758527102,99616.68053973479,0.0
2021-06-02,WAT,rebalance_entry,True,Completed,0,313,318.6,99721.8,0.0
2021-06-03,NUE,stop_loss,False,Completed,0,-974,96.42807606470001,99616.68053973479,0.0
2021-06-07,MOS,stop_loss,False,Completed,0,-3008,32.3250211723,100995.99809340801,0.0
2021-06-07,ORLY,stop_loss,False,Completed,0,-2702,34.936,99709.204,0.0
2021-06-24,MAS,stop_loss,False,Completed,0,-1810,52.8515511545,100082.281970427,0.0
2021-07-02,ADSK,rebalance_exit,False,Completed,0,-355,295.03,99698.2,0.0
2021-07-02,DVN,rebalance_entry,True,Completed,0,4182,23.8318424695,99664.765207449,0.0
2021-07-02,MAS,rebalance_entry,True,Completed,0,1865,53.580663776,99927.93794224001,0.0
2021-07-02,MOS,rebalance_entry,True,Completed,0,3546,28.2001213795,99997.630411707,0.0
2021-07-02,ORLY,rebalance_entry,True,Completed,0,2606,38.448,100195.488,0.0
2021-07-02,SPGI,rebalance_exit,False,Completed,0,-288,396.3060683359,100133.3843091936,0.0
2021-07-02,STLD,rebalance_entry,True,Completed,0,1765,56.7496775763,100163.1809221695,0.0
2021-07-02,TPR,rebalance_entry,True,Completed,0,2671,37.6563093195,100580.00219238449,0.0
2021-07-07,DVN,stop_loss,False,Completed,0,-4182,22.4989832289,99664.765207449,0.0
2021-07-07,MOS,stop_loss,False,Completed,0,-3546,26.842896286299997,99997.630411707,0.0
2021-07-07,STLD,stop_loss,False,Completed,0,-1765,55.2528397504,100163.1809221695,0.0
2021-07-08,TPR,stop_loss,False,Completed,0,-2671,35.2422174258,100580.00219238449,0.0
2021-08-03,GNRC,rebalance_entry,True,Completed,0,250,403.12,100780.0,0.0
2021-08-03,IVZ,rebalance_entry,True,Completed,0,5147,19.530866589,100525.37033358299,0.0
2021-08-03,KLAC,rebalance_entry,True,Completed,0,303,330.2050071416,100052.1171639048,0.0
2021-08-03,KMB,rebalance_exit,False,Completed,0,-894,111.9293731437,100409.4182845608,0.0
2021-08-03,LOW,rebalance_entry,True,Completed,0,573,174.9761153524,100261.3140969252,0.0
2021-08-03,TPR,rebalance_entry,True,Completed,0,2681,37.6739304282,101003.80747800421,0.0
2021-08-13,KLAC,stop_loss,False,Completed,0,-303,312.096301541,100052.1171639048,0.0
2021-08-20,IVZ,stop_loss,False,Completed,0,-5147,18.7740504789,100525.37033358299,0.0
2021-08-20,TPR,stop_loss,False,Completed,0,-2681,35.5946396001,101003.80747800421,0.0
2021-08-31,WAT,take_profit,False,Completed,0,-313,414.58,99721.8,0.0
2021-09-02,ADSK,rebalance_entry,True,Completed,0,329,306.5,100838.5,0.0
2021-09-02,COF,rebalance_entry,True,Completed,0,672,149.3763864226,100380.9316759872,0.0
2021-09-02,GNRC,rebalance_exit,False,Completed,0,-250,443.5,100780.0,0.0
2021-09-02,KMB,rebalance_entry,True,Completed,0,854,117.2386072133,100121.7705601582,0.0
2021-09-02,STX,rebalance_entry,True,Completed,0,1330,75.7864788129,100796.016821157,0.0
2021-09-02,WAT,rebalance_entry,True,Completed,0,240,419.0,100560.0,0.0
2021-09-03,ADSK,stop_loss,False,Completed,0,-329,286.7,100838.5,0.0
2021-09-09,CL,stop_loss,False,Completed,0,-1388,69.7321934709,100123.86689277239,0.0
2021-09-09,COF,stop_loss,False,Completed,0,-672,142.3350133765,100380.9316759872,0.0
2021-09-09,STX,stop_loss,False,Completed,0,-1330,72.7936413672,100796.016821157,0.0
2021-09-17,WAT,stop_loss,False,Completed,0,-240,399.97,100560.0,0.0
2021-09-29,MAS,stop_loss,False,Completed,0,-1865,50.3524707559,99927.93794224001,0.0
2021-10-04,KMB,stop_loss,False,Completed,0,-854,111.6057163153,100121.7705601582,0.0
2021-10-04,AMAT,rebalance_entry,True,Completed,0,806,122.5998189634,98815.4540845004,0.0
2021-10-04,BX,rebalance_entry,True,Completed,0,1018,95.7633147248,97487.0543898464,0.0
2021-10-04,COR,rebalance_entry,True,Completed,0,885,113.1363825624,100125.698567724,0.0
2021-10-04,IT,rebalance_entry,True,Completed,0,326,304.89,99394.14,0.0
2021-10-04,MAS,rebalance_entry,True,Completed,0,1956,50.8830745538,99527.2938272328,0.0
2021-10-04,MTD,rebalance_entry,True,Completed,0,71,1386.57,98446.47,0.0
2021-10-04,WAT,rebalance_entry,True,Completed,0,281,352.83,99145.23,0.0
2021-10-13,WAT,stop_loss,False,Completed,0,-281,341.91,99145.23,0.0
2021-11-02,AMAT,rebalance_exit,False,Completed,0,-806,133.9705056039,98815.4540845004,0.0
2021-11-02,COF,rebalance_entry,True,Completed,0,710,140.8458457087,100000.55045317701,0.0
2021-11-02,DVN,rebalance_entry,True,Completed,0,2932,33.9112732688,99427.8532241216,0.0
2021-11-02,EBAY,rebalance_entry,True,Completed,0,1426,69.4807391897,99079.5340845122,0.0
2021-11-02,IT,rebalance_exit,False,Completed,0,-326,362.82,99394.14,0.0
2021-11-02,MAS,rebalance_exit,False,Completed,0,-1956,59.5282571236,99527.2938272328,0.0
2021-11-02,MTD,rebalance_exit,False,Completed,0,-71,1454.93,98446.47,0.0
2021-11-02,TPL,rebalance_entry,True,Completed,0,725,136.2402692854,98774.19523191499,0.0
2021-11-02,WAT,rebalance_entry,True,Completed,0,274,350.01,95902.73999999999,0.0
2021-11-04,BX,take_profit,False,Completed,0,-1018,123.5320274263,97487.0543898464,0.0
2021-11-05,TPL,stop_loss,False,Completed,0,-725,134.0728629101,98774.19523191499,0.0
2021-11-18,HD,take_profit,False,Completed,0,-367,355.7439842,100593.00792528738,0.0
2021-11-18,LOW,take_profit,False,Completed,0,-573,225.8984598872,100261.3140969252,0.0
2021-11-24,EBAY,stop_loss,False,Completed,0,-1426,65.5441403873,99079.5340845122,0.0
2021-11-29,COF,stop_loss,False,Completed,0,-710,139.5577381881,100000.55045317701,0.0
2021-12-01,WAT,stop_loss,False,Completed,0,-274,328.89,95902.73999999999,0.0
2021-12-02,APA,rebalance_entry,True,Completed,0,4563,21.8784807815,99831.5078059845,0.0
2021-12-02,CL,rebalance_entry,True,Completed,0,1476,68.0384300631,100424.7227731356,0.0
2021-12-02,COR,rebalance_exit,False,Completed,0,-885,109.5628937332,100125.698567724,0.0
2021-12-02,DVN,rebalance_exit,False,Completed,0,-2932,32.7094369556,99427.8532241216,0.0
2021-12-02,EOG,rebalance_entry,True,Completed,0,1466,67.6908971574,99234.8552327484,0.0
2021-12-02,FANG,rebalance_entry,True,Completed,0,1189,82.8829055455,98547.7746935995,0.0
2021-12-02,HD,rebalance_entry,True,Completed,0,278,360.6294107359,100254.97618458021,0.0
2021-12-02,LOW,rebalance_entry,True,Completed,0,444,226.4117613176,100526.8220250144,0.0
2021-12-02,SPG,rebalance_entry,True,Completed,0,864,117.3836651642,101419.4867018688,0.0
2021-12-02,STLD,rebalance_entry,True,Completed,0,1812,55.9236131919,101333.5871037228,0.0
2021-12-02,STX,rebalance_entry,True,Completed,0,1107,89.7768505868,99382.9735995876,0.0
2021-12-16,APA,stop_loss,False,Completed,0,-4563,22.1735495425,99831.5078059845,0.0
2021-12-21,FANG,stop_loss,False,Completed,0,-1189,82.7841294912,98547.7746935995,0.0
2021-12-21,HD,stop_loss,False,Completed,0,-278,351.4927356873,100254.97618458021,0.0
2022-01-04,BX,rebalance_entry,True,Completed,0,923,109.0928859506,100692.73373240381,0.0
2022-01-04,CL,rebalance_exit,False,Completed,0,-1476,75.8648263368,100424.7227731356,0.0
2022-01-04,EOG,rebalance_exit,False,Completed,0,-1466,75.2453330257,99234.8552327484,0.0
2022-01-04,F,rebalance_entry,True,Completed,0,5856,17.6634689327,103437.2740698912,0.0
2022-01-04,FANG,rebalance_entry,True,Completed,0,1095,92.4984687176,101285.823245772,0.0
2022-01-04,HD,rebalance_entry,True,Completed,0,272,366.759419634,99758.56214044799,0.0
2022-01-04,KKR,rebalance_entry,True,Completed,0,1412,71.5079982994,100969.2935987528,0.0
2022-01-04,MCK,rebalance_entry,True,Completed,0,412,242.32910631410002,99839.5918014092,0.0
2022-01-04,NUE,rebalance_entry,True,Completed,0,942,107.0655515779,100855.74958638179,0.0
2022-01-04,ORCL,rebalance_entry,True,Completed,0,1208,82.7238232814,99930.3785239312,0.0
2022-01-04,SPG,rebalance_exit,False,Completed,0,-864,128.3816496128,101419.4867018688,0.0
2022-01-04,STLD,rebalance_exit,False,Completed,0,-1812,58.4184326267,101333.5871037228,0.0
2022-01-04,STX,rebalance_exit,False,Completed,0,-1107,99.4408209628,99382.9735995876,0.0
2022-01-06,BX,stop_loss,False,Completed,0,-923,99.74890629820001,100692.73373240381,0.0
2022-01-06,KKR,stop_loss,False,Completed,0,-1412,68.0322493582,100969.2935987528,0.0
2022-01-11,HD,stop_loss,False,Completed,0,-272,348.2975919571,99758.56214044799,0.0
2022-01-12,NUE,stop_loss,False,Completed,0,-942,105.8641497542,100855.74958638179,0.0
2022-01-21,LOW,stop_loss,False,Completed,0,-444,204.9886876549,100526.8220250144,0.0
2022-01-21,ORCL,stop_loss,False,Completed,0,-1208,78.7419325574,99930.3785239312,0.0
2022-01-24,F,stop_loss,False,Completed,0,-5856,15.6320131362,103437.2740698912,0.0
2022-02-02,BLDR,rebalance_entry,True,Completed,0,1426,70.46,100475.95999999999,0.0
2022-02-02,F,rebalance_entry,True,Completed,0,6139,16.405769933,100715.021618687,0.0
2022-02-02,FANG,rebalance_exit,False,Completed,0,-1095,106.114870255,101285.823245772,0.0
2022-02-02,HD,rebalance_entry,True,Completed,0,302,330.62557509,99848.92367717999,0.0
2022-02-02,LOW,rebalance_entry,True,Completed,0,456,219.446142767,100067.441101752,0.0
2022-02-02,NUE,rebalance_entry,True,Completed,0,991,100.8989812801,99990.8904485791,0.0
2022-02-02,NVDA,rebalance_entry,True,Completed,0,4066,25.7434885742,104673.0245426972,0.0
2022-02-02,ON,rebalance_entry,True,Completed,0,1676,60.6,101565.6,0.0
2022-02-02,ORCL,rebalance_entry,True,Completed,0,1306,76.663810537,100122.936561322,0.0
2022-02-04,NVDA,stop_loss,False,Completed,0,-4066,23.9250565286,104673.0245426972,0.0
2022-02-04,ON,stop_loss,False,Completed,0,-1676,56.42999999999999,101565.6,0.0
2022-02-07,BLDR,stop_loss,False,Completed,0,-1426,67.19,100475.95999999999,0.0
2022-02-07,F,stop_loss,False,Completed,0,-6139,13.9776213797,100715.021618687,0.0
2022-02-07,LOW,stop_loss,False,Completed,0,-456,212.00588755990003,100067.441101752,0.0
2022-02-14,HD,stop_loss,False,Completed,0,-302,312.334274747,99848.92367717999,0.0
2022-02-18,ORCL,stop_loss,False,Completed,0,-1306,71.3173693388,100122.936561322,0.0
2022-03-02,MCK,rebalance_exit,False,Completed,0,-412,267.7452945447,99839.5918014092,0.0
2022-03-02,NUE,rebalance_exit,False,Completed,0,-991,124.9082458489,99990.8904485791,0.0
2022-03-02,ORLY,rebalance_exit,False,Completed,0,-2606,43.768,100195.488,0.0
2022-04-04,ADM,rebalance_entry,True,Completed,0,1242,80.7276566048,100263.7495031616,0.0
2022-04-04,CF,rebalance_entry,True,Completed,0,1096,93.6353855914,102624.38260817439,0.0
2022-04-04,COP,rebalance_entry,True,Completed,0,1159,86.9484166061,100773.2148464699,0.0
2022-04-04,COR,rebalance_entry,True,Completed,0,665,149.7596135408,99590.14300463199,0.0
2022-04-04,DVN,rebalance_entry,True,Completed,0,1967,51.6578136639,101610.9194768913,0.0
2022-04-04,FANG,rebalance_entry,True,Completed,0,880,114.7976158818,101021.901975984,0.0
2022-04-04,MOS,rebalance_entry,True,Completed,0,1699,59.8855954833,101745.6267261267,0.0
2022-04-04,NUE,rebalance_entry,True,Completed,0,711,140.7987877463,100107.9380876193,0.0
2022-04-04,ORLY,rebalance_entry,True,Completed,0,2247,44.5466666667,100096.3600000749,0.0
2022-04-04,STLD,rebalance_entry,True,Completed,0,1249,79.5856136158,99402.4314061342,0.0
2022-04-06,DVN,stop_loss,False,Completed,0,-1967,49.9479594044,101610.9194768913,0.0
2022-04-07,STLD,stop_loss,False,Completed,0,-1249,76.7516765877,99402.4314061342,0.0
2022-04-08,FANG,stop_loss,False,Completed,0,-880,111.8292775283,101021.901975984,0.0
2022-04-25,CF,stop_loss,False,Completed,0,-1096,86.5796005571,102624.38260817439,0.0
2022-04-25,COP,stop_loss,False,Completed,0,-1159,79.737725514,100773.2148464699,0.0
2022-04-26,MOS,stop_loss,False,Completed,0,-1699,58.3585395889,101745.6267261267,0.0
2022-04-29,ORLY,stop_loss,False,Completed,0,-2247,41.6593333333,100096.3600000749,0.0
2022-05-03,COR,stop_loss,False,Completed,0,-665,143.404837298,99590.14300463199,0.0
2022-05-03,ADM,rebalance_exit,False,Completed,0,-1242,78.8122945357,100263.7495031616,0.0
2022-05-03,NUE,rebalance_exit,False,Completed,0,-711,141.5992624275,100107.9380876193,0.0
2022-12-02,AON,rebalance_entry,True,Completed,0,339,291.4776939431,98810.9382467109,0.0
2022-12-02,CL,rebalance_entry,True,Completed,0,1397,71.3001312141,99606.28330609771,0.0
2022-12-02,COR,rebalance_entry,True,Completed,0,601,166.060107775,99802.124772775,0.0
2022-12-02,EQT,rebalance_entry,True,Completed,0,2536,38.7196464038,98193.0232800368,0.0
2022-12-02,IT,rebalance_entry,True,Completed,0,280,351.52,98425.59999999999,0.0
2022-12-02,MTD,rebalance_entry,True,Completed,0,67,1463.08,98026.36,0.0
2022-12-02,OXY,rebalance_entry,True,Completed,0,1537,64.5557840296,99222.2400534952,0.0
2022-12-02,STX,rebalance_entry,True,Completed,0,2083,46.8258176576,97538.1781807808,0.0
2022-12-02,TPL,rebalance_entry,True,Completed,0,365,275.1649501333,100435.2067986545,0.0
2022-12-02,VLO,rebalance_entry,True,Completed,0,840,118.5163129141,99553.702847844,0.0
2022-12-06,EQT,stop_loss,False,Completed,0,-2536,34.9407304477,98193.0232800368,0.0
2022-12-06,VLO,stop_loss,False,Completed,0,-840,108.0942277852,99553.702847844,0.0
2022-12-07,OXY,stop_loss,False,Completed,0,-1537,60.689998426600006,99222.2400534952,0.0
2022-12-07,TPL,stop_loss,False,Completed,0,-365,262.8516683489,100435.2067986545,0.0
2022-12-19,IT,stop_loss,False,Completed,0,-280,338.7,98425.59999999999,0.0
2023-01-04,AON,rebalance_exit,False,Completed,0,-339,293.129290769,98810.9382467109,0.0
2023-01-04,CL,rebalance_exit,False,Completed,0,-1397,72.8923504861,99606.28330609771,0.0
2023-01-04,COR,rebalance_exit,False,Completed,0,-601,159.5789099393,99802.124772775,0.0
2023-01-04,MTD,rebalance_exit,False,Completed,0,-67,1484.9,98026.36,0.0
2023-01-04,STX,rebalance_exit,False,Completed,0,-2083,48.3539313409,97538.1781807808,0.0
2023-02-02,AON,rebalance_entry,True,Completed,0,321,312.0871905237,100179.98815810769,0.0
2023-02-02,COR,rebalance_entry,True,Completed,0,640,156.4594096357,100134.02216684801,0.0
2023-02-02,KLAC,rebalance_entry,True,Completed,0,251,401.0641928357,100667.11240176069,0.0
2023-02-02,KMB,rebalance_entry,True,Completed,0,871,113.5193146433,98875.3230543143,0.0
2023-02-02,MPC,rebalance_entry,True,Completed,0,876,113.9038803011,99779.79914376361,0.0
2023-02-02,MTD,rebalance_entry,True,Completed,0,64,1555.51,99552.64,0.0
2023-02-02,OXY,rebalance_entry,True,Completed,0,1662,59.87836070899999,99517.83549835799,0.0
2023-02-02,SMCI,rebalance_entry,True,Completed,0,12540,8.027,100658.57999999999,0.0
2023-02-02,TPL,rebalance_entry,True,Completed,0,478,210.0545704315,100406.084666257,0.0
2023-02-02,VLO,rebalance_entry,True,Completed,0,814,121.8312025662,99170.5988888868,0.0
2023-02-07,MPC,stop_loss,False,Completed,0,-876,108.35528789150001,99779.79914376361,0.0
2023-02-07,TPL,stop_loss,False,Completed,0,-478,207.79763448340003,100406.084666257,0.0
2023-02-07,VLO,stop_loss,False,Completed,0,-814,116.2012948691,99170.5988888868,0.0
2023-02-08,COR,stop_loss,False,Completed,0,-640,151.5767135084,100134.02216684801,0.0
2023-02-13,KLAC,stop_loss,False,Completed,0,-251,385.100844175,100667.11240176069,0.0
2023-02-21,OXY,stop_loss,False,Completed,0,-1662,57.340018306299996,99517.83549835799,0.0
2023-02-22,AON,stop_loss,False,Completed,0,-321,296.4862373192,100179.98815810769,0.0
2023-02-22,MTD,stop_loss,False,Completed,0,-64,1464.52,99552.64,0.0
2023-03-02,AON,rebalance_entry,True,Completed,0,340,292.3694542839,99405.61445652599,0.0
2023-03-02,APA,rebalance_entry,True,Completed,0,2843,35.1882371594,100040.1582441742,0.0
2023-03-02,CL,rebalance_entry,True,Completed,0,1488,67.2250108857,100030.81619792161,0.0
2023-03-02,COR,rebalance_entry,True,Completed,0,657,152.0800953408,99916.6226389056,0.0
2023-03-02,IT,rebalance_entry,True,Completed,0,307,324.31,99563.17,0.0
2023-03-02,MPC,rebalance_entry,True,Completed,0,829,120.1292902373,99587.1816067217,0.0
2023-03-02,MRK,rebalance_entry,True,Completed,0,1034,96.6120206305,99896.829331937,0.0
2023-03-02,MTD,rebalance_entry,True,Completed,0,70,1407.43,98520.1,0.0
2023-03-02,SMCI,rebalance_exit,False,Completed,0,-12540,10.006,100658.57999999999,0.0
2023-03-02,VLO,rebalance_entry,True,Completed,0,791,125.6690115763,99404.1881568533,0.0
2023-03-09,VLO,stop_loss,False,Completed,0,-791,121.5859028969,99404.1881568533,0.0
2023-03-10,APA,stop_loss,False,Completed,0,-2843,32.6636996555,100040.1582441742,0.0
2023-03-14,COR,stop_loss,False,Completed,0,-657,145.1510194907,99916.6226389056,0.0
2023-03-14,MPC,stop_loss,False,Completed,0,-829,116.3959582433,99587.1816067217,0.0
2023-03-16,AON,stop_loss,False,Completed,0,-340,277.8974534011,99405.61445652599,0.0
2023-03-16,IT,stop_loss,False,Completed,0,-307,309.61,99563.17,0.0
2023-04-04,AON,rebalance_entry,True,Completed,0,324,308.5738130397,99977.91542486279,0.0
2023-04-04,APA,rebalance_entry,True,Completed,0,2874,35.1305587981,100965.2259857394,0.0
2023-04-04,COR,rebalance_entry,True,Completed,0,634,157.5320049507,99875.2911387438,0.0
2023-04-04,DECK,rebalance_entry,True,Completed,0,1322,75.9566666667,100414.7133333774,0.0
2023-04-04,HD,rebalance_entry,True,Completed,0,362,275.6655620801,99790.9334729962,0.0
2023-04-04,IT,rebalance_entry,True,Completed,0,307,324.06,99486.42,0.0
2023-04-04,KMB,rebalance_exit,False,Completed,0,-871,120.749517996,98875.3230543143,0.0
2023-04-04,MPC,rebalance_entry,True,Completed,0,789,125.32795503900002,98883.75652577101,0.0
2023-04-04,MRK,rebalance_exit,False,Completed,0,-1034,99.164305089,99896.829331937,0.0
2023-04-04,SMCI,rebalance_entry,True,Completed,0,8871,11.384,100987.464,0.0
2023-04-05,APA,stop_loss,False,Completed,0,-2874,33.6220478116,100965.2259857394,0.0
2023-04-05,MPC,stop_loss,False,Completed,0,-789,117.1332913121,98883.75652577101,0.0
2023-04-06,SMCI,stop_loss,False,Completed,0,-8871,9.984,100987.464,0.0
2023-04-10,IT,stop_loss,False,Completed,0,-307,311.43,99486.42,0.0
2023-05-02,AON,rebalance_exit,False,Completed,0,-324,314.5983271525,99977.91542486279,0.0
2023-05-02,APA,rebalance_entry,True,Completed,0,3033,32.2996940008,97964.9719044264,0.0
2023-05-02,AXON,rebalance_entry,True,Completed,0,462,216.58,100059.96,0.0
2023-05-02,GILD,rebalance_entry,True,Completed,0,1359,73.6626980061,100107.6065902899,0.0
2023-05-02,IT,rebalance_entry,True,Completed,0,325,313.49,101884.25,0.0
2023-05-02,KMB,rebalance_entry,True,Completed,0,769,129.8669751461,99867.7038873509,0.0
2023-05-03,APA,stop_loss,False,Completed,0,-3033,30.0353210945,97964.9719044264,0.0
2023-05-05,IT,stop_loss,False,Completed,0,-325,302.54,101884.25,0.0
2023-05-11,AXON,stop_loss,False,Completed,0,-462,197.84,100059.96,0.0
2023-05-11,GILD,stop_loss,False,Completed,0,-1359,70.6178888282,100107.6065902899,0.0
2023-05-17,HD,stop_loss,False,Completed,0,-362,261.4421456837,99790.9334729962,0.0
2023-05-24,KMB,stop_loss,False,Completed,0,-769,123.8050019262,99867.7038873509,0.0
2023-05-25,MTD,stop_loss,False,Completed,0,-70,1324.92,98520.1,0.0
2023-05-30,DECK,stop_loss,False,Completed,0,-1322,78.5133333333,100414.7133333774,0.0
2023-06-02,APA,rebalance_entry,True,Completed,0,3494,29.4323815632,102836.7411818208,0.0
2023-06-02,BKNG,rebalance_entry,True,Completed,0,998,101.2078335508,101005.4178836984,0.0
2023-06-02,BLDR,rebalance_entry,True,Completed,0,863,116.67,100686.21,0.0
2023-06-02,GPC,rebalance_entry,True,Completed,0,728,137.9135305558,100401.05024462241,0.0
2023-06-02,HD,rebalance_entry,True,Completed,0,371,271.3041054703,100653.8231294813,0.0
2023-06-02,IT,rebalance_entry,True,Completed,0,293,341.7,100118.09999999999,0.0
2023-06-02,KMB,rebalance_entry,True,Completed,0,838,119.1104245758,99814.5357945204,0.0
2023-06-02,MAR,rebalance_entry,True,Completed,0,601,166.9734077515,100351.01805865149,0.0
2023-07-05,AMGN,rebalance_entry,True,Completed,0,487,204.8620983955,99767.8419186085,0.0
2023-07-05,BKNG,rebalance_exit,False,Completed,0,-998,106.6300674523,101005.4178836984,0.0
2023-07-05,DHI,rebalance_entry,True,Completed,0,857,118.3240552442,101403.7153442794,0.0
2023-07-05,GPC,rebalance_exit,False,Completed,0,-728,154.4602093186,100401.05024462241,0.0
2023-07-05,MAR,rebalance_exit,False,Completed,0,-601,178.3433813908,100351.01805865149,0.0
2023-07-05,PHM,rebalance_entry,True,Completed,0,1321,76.4713278443,101018.62408232031,0.0
2023-07-07,DHI,stop_loss,False,Completed,0,-857,111.14643405550001,101403.7153442794,0.0
2023-08-02,ACGL,rebalance_entry,True,Completed,0,1363,73.2342596588,99818.29591494439,0.0
2023-08-02,AMGN,rebalance_exit,False,Completed,0,-487,212.2118202555,99767.8419186085,0.0
2023-08-02,GE,rebalance_entry,True,Completed,0,1123,88.8000026013,99722.4029212599,0.0
2023-08-02,MAR,rebalance_entry,True,Completed,0,502,198.2456942225,99519.33849969499,0.0
2023-08-02,PHM,rebalance_exit,False,Completed,0,-1321,82.2083907193,101018.62408232031,0.0
2023-08-03,BLDR,take_profit,False,Completed,0,-863,148.15,100686.21,0.0
2023-08-07,APA,take_profit,False,Completed,0,-3494,37.6913198629,102836.7411818208,0.0
2023-08-21,IT,stop_loss,False,Completed,0,-293,328.2,100118.09999999999,0.0
2023-09-05,ACGL,rebalance_exit,False,Completed,0,-1363,73.0821043342,99818.29591494439,0.0
2023-09-05,APA,rebalance_entry,True,Completed,0,2467,40.8202748516,100703.61805889719,0.0
2023-09-05,BKNG,rebalance_entry,True,Completed,0,817,121.326017737,99123.356491129,0.0
2023-09-05,IT,rebalance_entry,True,Completed,0,285,348.75,99393.75,0.0
2023-09-05,MSI,rebalance_entry,True,Completed,0,363,275.6045367188,100044.4468289244,0.0
2023-09-12,APA,stop_loss,False,Completed,0,-2467,39.1568936076,100703.61805889719,0.0
2023-09-13,KMB,stop_loss,False,Completed,0,-838,113.7004096691,99814.5357945204,0.0
2023-09-26,MAR,stop_loss,False,Completed,0,-502,187.0540770976,99519.33849969499,0.0
2023-10-03,APA,rebalance_entry,True,Completed,0,2813,35.4524986211,99727.87862115429,0.0
2023-10-03,KMB,rebalance_entry,True,Completed,0,926,108.0092672396,100016.5814638696,0.0
2023-10-03,MAR,rebalance_entry,True,Completed,0,529,187.0248498981,98936.1455960949,0.0
2023-10-04,GE,stop_loss,False,Completed,0,-1123,84.9305287048,99722.4029212599,0.0
2023-10-05,APA,stop_loss,False,Completed,0,-2813,33.6902136275,99727.87862115429,0.0
2023-10-09,CL,stop_loss,False,Completed,0,-1488,64.8904076731,100030.81619792161,0.0
2023-10-10,BKNG,stop_loss,False,Completed,0,-817,118.5724904979,99123.356491129,0.0
2023-10-26,IT,stop_loss,False,Completed,0,-285,331.75,99393.75,0.0
2023-10-30,HD,stop_loss,False,Completed,0,-371,260.6385931816,100653.8231294813,0.0
2023-11-02,COR,rebalance_exit,False,Completed,0,-634,181.8376349093,99875.2911387438,0.0
2023-11-02,KMB,rebalance_exit,False,Completed,0,-926,109.0431959041,100016.5814638696,0.0
2023-11-02,MAR,rebalance_exit,False,Completed,0,-529,179.552429214,98936.1455960949,0.0
2023-11-02,MSI,rebalance_exit,False,Completed,0,-363,272.8823887483,100044.4468289244,0.0
2023-12-04,AVGO,rebalance_entry,True,Completed,0,1106,89.4508027197,98932.5878079882,0.0
2023-12-04,BKNG,rebalance_entry,True,Completed,0,805,123.5957535387,99494.5815986535,0.0
2023-12-04,CL,rebalance_entry,True,Completed,0,1346,74.0934637828,99729.8022516488,0.0
2023-12-04,COR,rebalance_entry,True,Completed,0,500,200.1360827192,100068.0413596,0.0
2023-12-04,FTNT,rebalance_entry,True,Completed,0,1905,51.98,99021.9,0.0
2023-12-04,HD,rebalance_entry,True,Completed,0,330,302.2492674739,99742.258266387,0.0
2023-12-04,META,rebalance_entry,True,Completed,0,310,314.8434420252,97601.46702781199,0.0
2023-12-04,MSI,rebalance_entry,True,Completed,0,315,314.5392135793,99079.8522774795,0.0
2023-12-04,NVDA,rebalance_entry,True,Completed,0,2139,46.0452580309,98490.8069280951,0.0
2023-12-04,SMCI,rebalance_entry,True,Completed,0,3708,26.72,99077.76,0.0
2023-12-07,SMCI,stop_loss,False,Completed,0,-3708,25.55,99077.76,0.0
2024-01-03,AVGO,rebalance_exit,False,Completed,0,-1106,104.4613253202,98932.5878079882,0.0
2024-01-03,BLDR,rebalance_entry,True,Completed,0,604,161.97,97829.88,0.0
2024-01-03,COR,rebalance_exit,False,Completed,0,-500,206.9836168269,100068.0413596,0.0
2024-01-03,CVNA,rebalance_entry,True,Completed,0,10231,9.3,95148.3,0.0
2024-01-03,META,rebalance_exit,False,Completed,0,-310,342.3199301266,97601.46702781199,0.0
2024-01-03,NVDA,rebalance_exit,False,Completed,0,-2139,47.456364206,98490.8069280951,0.0
2024-01-03,ORCL,rebalance_entry,True,Completed,0,988,100.4045496012,99199.6950059856,0.0
2024-01-03,SMCI,rebalance_entry,True,Completed,0,3503,27.725,97120.675,0.0
2024-01-03,VRT,rebalance_entry,True,Completed,0,2197,44.873303779,98586.64840246299,0.0
2024-01-12,CVNA,stop_loss,False,Completed,0,-10231,9.132,95148.3,0.0
2024-01-22,SMCI,take_profit,False,Completed,0,-3503,45.635,97120.675,0.0
2024-02-02,VRT,take_profit,False,Completed,0,-2197,59.9008746223,98586.64840246299,0.0
2024-02-02,BLDR,rebalance_exit,False,Completed,0,-604,175.64,97829.88,0.0
2024-02-02,CVNA,rebalance_entry,True,Completed,0,11756,8.182,96187.592,0.0
2024-02-02,META,rebalance_entry,True,Completed,0,255,456.0561188653,116294.3103106515,0.0
2024-02-02,NVDA,rebalance_entry,True,Completed,0,1587,63.9354205268,101465.5123760316,0.0
2024-02-02,WSM,rebalance_entry,True,Completed,0,1050,94.2694012674,98982.87133077,0.0
2024-02-08,FTNT,take_profit,False,Completed,0,-1905,69.79,99021.9,0.0
2024-02-12,CVNA,take_profit,False,Completed,0,-11756,10.736,96187.592,0.0
2024-03-04,AMGN,rebalance_entry,True,Completed,0,382,264.4877543359,101034.32215631379,0.0
2024-03-04,BKNG,rebalance_exit,False,Completed,0,-805,135.9402889478,99494.5815986535,0.0
2024-03-04,COR,rebalance_entry,True,Completed,0,429,233.1549651323,100023.4800417567,0.0
2024-03-04,LII,rebalance_entry,True,Completed,0,215,464.7235429043,99915.56172442451,0.0
2024-03-04,SMCI,rebalance_entry,True,Completed,0,1104,103.9,114705.6,0.0
2024-03-04,WSM,rebalance_exit,False,Completed,0,-1050,113.6057227417,98982.87133077,0.0
2024-03-05,NVDA,take_profit,False,Completed,0,-1587,85.2225433045,101465.5123760316,0.0
2024-03-06,SMCI,stop_loss,False,Completed,0,-1104,115.8,114705.6,0.0
2024-03-18,AMGN,stop_loss,False,Completed,0,-382,252.106522879,101034.32215631379,0.0
2024-04-02,BLDR,rebalance_entry,True,Completed,0,486,201.54,97948.44,0.0
2024-04-02,CL,rebalance_exit,False,Completed,0,-1346,84.2873105029,99729.8022516488,0.0
2024-04-02,MSI,rebalance_exit,False,Completed,0,-315,345.4614859549,99079.8522774795,0.0
2024-04-02,NVDA,rebalance_entry,True,Completed,0,1107,88.3987746006,97857.44348286421,0.0
2024-04-02,SMCI,rebalance_entry,True,Completed,0,964,100.0,96400.0,0.0
2024-04-02,VRT,rebalance_entry,True,Completed,0,1246,78.5238063048,97840.6626557808,0.0
2024-04-02,VST,rebalance_entry,True,Completed,0,1416,68.8448379119,97484.2904832504,0.0
2024-04-08,SMCI,stop_loss,False,Completed,0,-964,96.2495,96400.0,0.0
2024-04-10,NVDA,stop_loss,False,Completed,0,-1107,83.8792913026,97857.44348286421,0.0
2024-04-11,BLDR,stop_loss,False,Completed,0,-486,189.29,97948.44,0.0
2024-04-17,VST,stop_loss,False,Completed,0,-1416,67.7295021866,97484.2904832504,0.0
2024-04-22,VRT,stop_loss,False,Completed,0,-1246,75.6110838149,97840.6626557808,0.0
2024-04-26,META,stop_loss,False,Completed,0,-255,438.5239712174,116294.3103106515,0.0
2024-05-02,COR,stop_loss,False,Completed,0,-429,224.3286928713,100023.4800417567,0.0
2024-05-02,FFIV,rebalance_entry,True,Completed,0,600,167.53,100518.0,0.0
2024-05-02,HD,rebalance_exit,False,Completed,0,-330,319.1575113213,99742.258266387,0.0
2024-05-02,HUBB,rebalance_entry,True,Completed,0,275,363.672961459,100010.06440122501,0.0
2024-05-02,IT,rebalance_entry,True,Completed,0,236,424.24,100120.64,0.0
2024-05-02,META,rebalance_entry,True,Completed,0,229,435.9213961153,99825.9997104037,0.0
2024-05-02,MPC,rebalance_entry,True,Completed,0,585,171.4705197936,100310.254079256,0.0
2024-05-02,PCAR,rebalance_entry,True,Completed,0,1006,99.4010227203,99997.4288566218,0.0
2024-05-02,PSX,rebalance_entry,True,Completed,0,770,130.9728206658,100849.07191266598,0.0
2024-05-02,TAP,rebalance_entry,True,Completed,0,1902,52.6264018842,100095.4163837484,0.0
2024-05-03,LII,stop_loss,False,Completed,0,-215,454.9234680763,99915.56172442451,0.0
2024-05-15,MPC,stop_loss,False,Completed,0,-585,166.159629474,100310.254079256,0.0
2024-05-24,TAP,stop_loss,False,Completed,0,-1902,49.7804869066,100095.4163837484,0.0
2024-06-04,CVNA,rebalance_entry,True,Completed,0,5052,19.76,99827.52,0.0
2024-06-04,DELL,rebalance_entry,True,Completed,0,782,127.9469175812,100054.4895484984,0.0
2024-06-04,FFIV,rebalance_exit,False,Completed,0,-600,166.16,100518.0,0.0
2024-06-04,FIX,rebalance_entry,True,Completed,0,317,314.27592489,99625.46819013,0.0
2024-06-04,HUBB,rebalance_exit,False,Completed,0,-275,375.4160140212,100010.06440122501,0.0
2024-06-04,IT,rebalance_exit,False,Completed,0,-236,423.47,100120.64,0.0
2024-06-04,LII,rebalance_entry,True,Completed,0,205,485.8644304952,99602.208251516,0.0
2024-06-04,META,rebalance_exit,False,Completed,0,-229,473.8276044731,99825.9997104037,0.0
2024-06-04,NRG,rebalance_entry,True,Completed,0,1315,75.7037258728,99550.39952273201,0.0
2024-06-04,NVDA,rebalance_entry,True,Completed,0,870,115.6515986985,100616.890867695,0.0
2024-06-04,PCAR,rebalance_exit,False,Completed,0,-1006,98.8055947674,99997.4288566218,0.0
2024-06-04,PSX,rebalance_exit,False,Completed,0,-770,127.9591096008,100849.07191266598,0.0
2024-06-04,SMCI,rebalance_entry,True,Completed,0,1297,75.9,98442.3,0.0
2024-06-04,VRT,rebalance_entry,True,Completed,0,1043,93.715848607,97745.63009710099,0.0
2024-06-04,VST,rebalance_entry,True,Completed,0,1086,91.5463615245,99419.348615607,0.0
2024-06-05,FIX,stop_loss,False,Completed,0,-317,301.2883309408,99625.46819013,0.0
2024-06-05,VRT,stop_loss,False,Completed,0,-1043,93.3367956802,97745.63009710099,0.0
2024-06-05,VST,stop_loss,False,Completed,0,-1086,88.9011405122,99419.348615607,0.0
2024-06-13,ORCL,take_profit,False,Completed,0,-988,137.4639527233,99199.6950059856,0.0
2024-06-21,SMCI,take_profit,False,Completed,0,-1297,90.01,98442.3,0.0
2024-06-26,CVNA,take_profit,False,Completed,0,-5052,25.31,99827.52,0.0
2024-07-02,COR,rebalance_entry,True,Completed,0,454,220.12576969150004,99937.09943994101,0.0
2024-07-02,CVNA,rebalance_entry,True,Completed,0,4020,25.0,100500.0,0.0
2024-07-02,DELL,rebalance_exit,False,Completed,0,-782,135.7089015374,100054.4895484984,0.0
2024-07-02,FIX,rebalance_entry,True,Completed,0,341,292.7226798435,99818.4338266335,0.0
2024-07-02,SMCI,rebalance_entry,True,Completed,0,1231,79.94,98406.14,0.0
2024-07-02,VRT,rebalance_entry,True,Completed,0,1156,85.9193679517,99322.7893521652,0.0
2024-07-02,VST,rebalance_entry,True,Completed,0,1157,86.0545521485,99565.1168358145,0.0
2024-07-02,WSM,rebalance_entry,True,Completed,0,744,133.4746087957,99305.10894400079,0.0
2024-07-18,NRG,stop_loss,False,Completed,0,-1315,71.1803336101,99550.39952273201,0.0
2024-07-18,VRT,stop_loss,False,Completed,0,-1156,83.4448582255,99322.7893521652,0.0
2024-07-18,VST,stop_loss,False,Completed,0,-1157,76.6644440665,99565.1168358145,0.0
2024-07-25,SMCI,stop_loss,False,Completed,0,-1231,69.999,98406.14,0.0
2024-07-26,NVDA,stop_loss,False,Completed,0,-870,116.1349391744,100616.890867695,0.0
2024-08-02,BG,rebalance_entry,True,Completed,0,1030,95.9980752738,98878.017532014,0.0
2024-08-02,CDW,rebalance_entry,True,Completed,0,483,207.6664399172,100302.8904800076,0.0
2024-08-02,CL,rebalance_entry,True,Completed,0,1032,97.901557838,101034.407688816,0.0
2024-08-02,COR,rebalance_exit,False,Completed,0,-454,236.1653318103,99937.09943994101,0.0
2024-08-02,FIX,rebalance_exit,False,Completed,0,-341,309.0391521194,99818.4338266335,0.0
2024-08-02,GRMN,rebalance_entry,True,Completed,0,600,164.7132137956,98827.92827736001,0.0
2024-08-02,KMB,rebalance_entry,True,Completed,0,773,130.7356371062,101058.64748309259,0.0
2024-08-02,LII,rebalance_exit,False,Completed,0,-205,540.3527065206,99602.208251516,0.0
2024-08-02,MSI,rebalance_entry,True,Completed,0,255,392.3755011931,100055.75280424049,0.0
2024-08-02,NRG,rebalance_entry,True,Completed,0,1393,70.8917261678,98752.1745517454,0.0
2024-08-02,VRSK,rebalance_entry,True,Completed,0,387,259.4322403963,100400.27703336811,0.0
2024-08-06,BG,stop_loss,False,Completed,0,-1030,90.2099560294,98878.017532014,0.0
2024-08-06,CVNA,stop_loss,False,Completed,0,-4020,27.602,100500.0,0.0
2024-08-06,GRMN,stop_loss,False,Completed,0,-600,157.2328818161,98827.92827736001,0.0
2024-08-06,NRG,stop_loss,False,Completed,0,-1393,67.7878339854,98752.1745517454,0.0
2024-08-06,WSM,stop_loss,False,Completed,0,-744,131.8974294369,99305.10894400079,0.0
2024-09-04,CDW,rebalance_exit,False,Completed,0,-483,210.3450649547,100302.8904800076,0.0
2024-09-04,CVNA,rebalance_entry,True,Completed,0,3459,29.0,100311.0,0.0
2024-09-04,DVA,rebalance_entry,True,Completed,0,657,152.03,99883.71,0.0
2024-09-04,HD,rebalance_entry,True,Completed,0,284,350.9369478689,99666.0931947676,0.0
2024-09-04,MSI,rebalance_exit,False,Completed,0,-255,432.4949926422,100055.75280424049,0.0
2024-09-04,NTAP,rebalance_entry,True,Completed,0,870,114.33084714949999,99467.837020065,0.0
2024-09-04,NVDA,rebalance_entry,True,Completed,0,926,105.3600476665,97563.404139179,0.0
2024-09-04,RCL,rebalance_entry,True,Completed,0,640,155.3964101161,99453.702474304,0.0
2024-09-04,SMCI,rebalance_entry,True,Completed,0,2263,42.012,95073.156,0.0
2024-09-04,VRSK,rebalance_exit,False,Completed,0,-387,270.3687023201,100400.27703336811,0.0
2024-09-04,WSM,rebalance_entry,True,Completed,0,782,126.40129717220002,98845.81438866041,0.0
2024-09-09,CVNA,stop_loss,False,Completed,0,-3459,27.468,100311.0,0.0
2024-09-09,SMCI,stop_loss,False,Completed,0,-2263,39.2735,95073.156,0.0
2024-10-02,DVA,rebalance_exit,False,Completed,0,-657,162.55,99883.71,0.0
2024-10-02,FIX,rebalance_entry,True,Completed,0,258,387.0970234375,99871.032046875,0.0
2024-10-02,HD,rebalance_exit,False,Completed,0,-284,392.8851735348,99666.0931947676,0.0
2024-10-02,LII,rebalance_entry,True,Completed,0,170,582.8095796483,99077.628540211,0.0
2024-10-02,MSI,rebalance_entry,True,Completed,0,226,440.10828026589996,99464.4713400934,0.0
2024-10-02,NTAP,rebalance_exit,False,Completed,0,-870,117.1420238728,99467.837020065,0.0
2024-10-02,SMCI,rebalance_entry,True,Completed,0,2466,40.01,98664.65999999999,0.0
2024-10-02,TRGP,rebalance_entry,True,Completed,0,688,146.0450821688,100479.01653213441,0.0
2024-10-02,UHS,rebalance_entry,True,Completed,0,447,222.6341277297,99517.4550951759,0.0
2024-10-02,WSM,rebalance_exit,False,Completed,0,-782,145.8424033212,98845.81438866041,0.0
2024-10-04,UHS,stop_loss,False,Completed,0,-447,215.4680917434,99517.4550951759,0.0
2024-10-15,NVDA,take_profit,False,Completed,0,-926,137.81623194,97563.404139179,0.0
2024-10-28,CL,stop_loss,False,Completed,0,-1032,91.8488611815,101034.407688816,0.0
2024-10-28,FIX,stop_loss,False,Completed,0,-258,373.8980473826,99871.032046875,0.0
2024-10-29,RCL,take_profit,False,Completed,0,-640,193.8151998691,99453.702474304,0.0
2024-10-31,SMCI,stop_loss,False,Completed,0,-2466,30.059999999999995,98664.65999999999,0.0
2024-11-04,CL,rebalance_entry,True,Completed,0,1110,89.977544329,99875.07420519,0.0
2024-11-04,DVA,rebalance_entry,True,Completed,0,706,141.5,99899.0,0.0
2024-11-04,GDDY,rebalance_entry,True,Completed,0,612,163.35,99970.2,0.0
2024-11-04,HD,rebalance_entry,True,Completed,0,264,377.7074902305,99714.777420852,0.0
2024-11-04,KMB,rebalance_exit,False,Completed,0,-773,127.0515921012,101058.64748309259,0.0
2024-11-04,LII,rebalance_exit,False,Completed,0,-170,594.9561701127,99077.628540211,0.0
2024-11-04,MPWR,rebalance_entry,True,Completed,0,133,749.6331613154,99701.2104549482,0.0
2024-11-04,NVDA,rebalance_entry,True,Completed,0,738,137.156489334,101221.48912849202,0.0
2024-11-04,SMCI,rebalance_entry,True,Completed,0,3838,24.89,95527.82,0.0
2024-11-04,TRGP,rebalance_exit,False,Completed,0,-688,160.3686969163,100479.01653213441,0.0
2024-11-04,VRT,rebalance_entry,True,Completed,0,937,106.1549323375,99467.1716002375,0.0
2024-11-04,VST,rebalance_entry,True,Completed,0,843,116.6881323853,98368.0956008079,0.0
2024-11-05,VST,stop_loss,False,Completed,0,-843,115.31988000449999,98368.0956008079,0.0
2024-11-07,SMCI,stop_loss,False,Completed,0,-3838,22.48,95527.82,0.0
2024-11-12,MPWR,stop_loss,False,Completed,0,-133,656.9576735609,99701.2104549482,0.0
2024-11-20,VRT,take_profit,False,Completed,0,-937,140.32891582040003,99467.1716002375,0.0
2024-12-03,ADSK,rebalance_entry,True,Completed,0,337,294.14,99125.18,0.0
2024-12-03,CL,rebalance_exit,False,Completed,0,-1110,93.7394699602,99875.07420519,0.0
2024-12-03,DVA,rebalance_exit,False,Completed,0,-706,165.14,99899.0,0.0
2024-12-03,FTNT,rebalance_entry,True,Completed,0,1049,95.0,99655.0,0.0
2024-12-03,GM,rebalance_entry,True,Completed,0,1844,54.2874154982,100105.99417868079,0.0
2024-12-03,MSI,rebalance_exit,False,Completed,0,-226,488.8998340708,99464.4713400934,0.0
2024-12-03,ORCL,rebalance_entry,True,Completed,0,560,178.2557562427,99823.223495912,0.0
2024-12-03,SMCI,rebalance_entry,True,Completed,0,2380,44.42,105719.6,0.0
2024-12-03,TPL,rebalance_entry,True,Completed,0,201,500.159242584,100532.00775938401,0.0
2024-12-03,VRT,rebalance_entry,True,Completed,0,788,127.6308520157,100573.1113883716,0.0
2024-12-04,SMCI,stop_loss,False,Completed,0,-2380,40.145,105719.6,0.0
2024-12-05,TPL,stop_loss,False,Completed,0,-201,462.7883652021,100532.00775938401,0.0
2024-12-11,ORCL,stop_loss,False,Completed,0,-560,175.1270814174,99823.223495912,0.0
2024-12-11,VRT,stop_loss,False,Completed,0,-788,123.8969707067,100573.1113883716,0.0
2024-12-12,GM,stop_loss,False,Completed,0,-1844,51.743228147100005,100105.99417868079,0.0
2024-12-18,NVDA,stop_loss,False,Completed,0,-738,133.8170201108,101221.48912849202,0.0
2025-01-03,ADSK,rebalance_exit,False,Completed,0,-337,295.23,99125.18,0.0
2025-01-03,APO,rebalance_entry,True,Completed,0,616,162.3989407673,100037.74751265679,0.0
2025-01-03,CL,rebalance_entry,True,Completed,0,1144,87.3538423503,99932.7956487432,0.0
2025-01-03,LYV,rebalance_entry,True,Completed,0,773,129.61,100188.53000000001,0.0
2025-01-03,NVDA,rebalance_entry,True,Completed,0,723,139.9650454633,101194.7278699659,0.0
2025-01-03,TPL,rebalance_entry,True,Completed,0,256,392.4404635958,100464.7586805248,0.0
2025-01-03,UAL,rebalance_entry,True,Completed,0,1047,95.4,99883.8,0.0
2025-01-03,VST,rebalance_entry,True,Completed,0,672,153.2881962953,103009.6679104416,0.0
2025-01-13,APO,stop_loss,False,Completed,0,-616,150.238326651,100037.74751265679,0.0
2025-01-13,CL,stop_loss,False,Completed,0,-1144,83.6015626822,99932.7956487432,0.0
2025-01-14,NVDA,stop_loss,False,Completed,0,-723,136.0063169436,101194.7278699659,0.0
2025-01-28,VST,stop_loss,False,Completed,0,-672,141.1927685234,103009.6679104416,0.0
2025-01-29,GDDY,take_profit,False,Completed,0,-612,214.03,99970.2,0.0
2025-02-04,CL,rebalance_entry,True,Completed,0,1184,84.3372502231,99855.3042641504,0.0
2025-02-04,DECK,rebalance_entry,True,Completed,0,586,173.21,101501.06,0.0
2025-02-04,GDDY,rebalance_entry,True,Completed,0,470,214.37,100753.90000000001,0.0
2025-02-04,LII,rebalance_entry,True,Completed,0,173,580.9462251278,100503.69694710939,0.0
2025-02-04,NVDA,rebalance_entry,True,Completed,0,857,116.922446378,100202.536545946,0.0
2025-02-04,TPL,rebalance_exit,False,Completed,0,-256,440.0790820406,100464.7586805248,0.0
2025-02-04,TRGP,rebalance_entry,True,Completed,0,509,194.6032181801,99053.0380536709,0.0
2025-02-11,DECK,stop_loss,False,Completed,0,-586,160.5,101501.06,0.0
2025-02-13,GDDY,stop_loss,False,Completed,0,-470,208.39,100753.90000000001,0.0
2025-02-26,TRGP,stop_loss,False,Completed,0,-509,190.1596451459,99053.0380536709,0.0
2025-03-04,UAL,stop_loss,False,Completed,0,-1047,88.485,99883.8,0.0
2025-03-04,GDDY,rebalance_entry,True,Completed,0,562,175.26,98496.12,0.0
2025-03-04,HD,rebalance_exit,False,Completed,0,-264,374.078186462,99714.777420852,0.0
2025-03-04,KMB,rebalance_entry,True,Completed,0,734,136.9830262046,100545.5412341764,0.0
2025-03-04,LII,rebalance_exit,False,Completed,0,-173,570.7127684221,100503.69694710939,0.0
2025-03-04,NCLH,rebalance_entry,True,Completed,0,4555,21.4,97477.0,0.0
2025-03-04,NTAP,rebalance_entry,True,Completed,0,1072,91.5959586887,98190.86771428639,0.0
2025-03-04,NVDA,rebalance_exit,False,Completed,0,-857,110.6094740039,100202.536545946,0.0
2025-03-04,VRSK,rebalance_entry,True,Completed,0,334,299.0822193065,99893.46124837101,0.0
2025-03-04,VST,rebalance_entry,True,Completed,0,812,122.1260843509,99166.3804929308,0.0
2025-03-05,NCLH,stop_loss,False,Completed,0,-4555,21.3,97477.0,0.0
2025-03-05,VST,stop_loss,False,Completed,0,-812,122.8857725484,99166.3804929308,0.0
2025-03-10,LYV,stop_loss,False,Completed,0,-773,124.37000000000002,100188.53000000001,0.0
2025-03-13,VRSK,stop_loss,False,Completed,0,-334,284.3995689483,99893.46124837101,0.0
2025-03-31,NTAP,stop_loss,False,Completed,0,-1072,84.9601238092,98190.86771428639,0.0
2025-04-02,CL,rebalance_exit,False,Completed,0,-1184,91.1761921839,99855.3042641504,0.0
2025-04-02,FTNT,rebalance_exit,False,Completed,0,-1049,95.084,99655.0,0.0
2025-04-02,GDDY,rebalance_exit,False,Completed,0,-562,178.35,98496.12,0.0
2025-04-02,KMB,rebalance_exit,False,Completed,0,-734,136.9015406598,100545.5412341764,0.0
2025-06-03,APP,rebalance_entry,True,Completed,0,248,401.91,99673.68000000001,0.0
2025-06-03,COR,rebalance_entry,True,Completed,0,344,293.3060743624,100897.2895806656,0.0
2025-06-03,DVA,rebalance_entry,True,Completed,0,743,134.0,99562.0,0.0
2025-06-03,FTNT,rebalance_entry,True,Completed,0,975,102.26,99703.5,0.0
2025-06-03,HD,rebalance_entry,True,Completed,0,278,358.8178231184,99751.3548269152,0.0
2025-06-03,KMB,rebalance_entry,True,Completed,0,737,134.9577053968,99463.8288774416,0.0
2025-06-03,LYV,rebalance_entry,True,Completed,0,721,138.37,99764.77,0.0
2025-06-03,TPL,rebalance_entry,True,Completed,0,271,367.7495554968,99660.12953963279,0.0
2025-06-03,UBER,rebalance_entry,True,Completed,0,1195,83.575,99872.125,0.0
2025-06-03,VRSK,rebalance_entry,True,Completed,0,317,312.1207462747,98942.27656907991,0.0
2025-06-06,KMB,stop_loss,False,Completed,0,-737,129.6775164353,99463.8288774416,0.0
2025-06-11,APP,stop_loss,False,Completed,0,-248,386.3,99673.68000000001,0.0
2025-06-20,HD,stop_loss,False,Completed,0,-278,340.9669236537,99751.3548269152,0.0
2025-06-24,TPL,stop_loss,False,Completed,0,-271,341.628654847,99660.12953963279,0.0
2025-07-02,APP,rebalance_entry,True,Completed,0,297,342.53,101731.40999999999,0.0
2025-07-02,CLX,rebalance_entry,True,Completed,0,846,118.7426223213,100456.25848381981,0.0
2025-07-02,GDDY,rebalance_entry,True,Completed,0,560,177.38,99332.8,0.0
2025-07-02,HD,rebalance_entry,True,Completed,0,273,366.6309424403,100090.24728620189,0.0
2025-07-02,KMB,rebalance_entry,True,Completed,0,786,127.328706321,100080.363168306,0.0
2025-07-02,UBER,rebalance_exit,False,Completed,0,-1195,91.88,99872.125,0.0
2025-07-14,GDDY,stop_loss,False,Completed,0,-560,167.97,99332.8,0.0
2025-07-17,HD,stop_loss,False,Completed,0,-273,349.8470372082,100090.24728620189,0.0
2025-07-17,VRSK,stop_loss,False,Completed,0,-317,300.2312792017,98942.27656907991,0.0
2025-07-31,KMB,stop_loss,False,Completed,0,-786,120.9202244041,100080.363168306,0.0
2025-08-04,FTNT,stop_loss,False,Completed,0,-975,97.815,99703.5,0.0
2025-08-04,CL,rebalance_entry,True,Completed,0,1220,81.8210249618,99821.65045339601,0.0
2025-08-04,HOOD,rebalance_entry,True,Completed,0,1001,101.22899999999998,101330.22899999999,0.0
2025-08-04,RCL,rebalance_entry,True,Completed,0,322,314.2124122465,101176.396743373,0.0
2025-08-04,VRSK,rebalance_entry,True,Completed,0,370,270.3204411387,100018.563221319,0.0
2025-08-07,COR,stop_loss,False,Completed,0,-344,279.0834293786,100897.2895806656,0.0
2025-08-07,DVA,stop_loss,False,Completed,0,-743,129.01,99562.0,0.0
2025-08-08,APP,take_profit,False,Completed,0,-297,448.6,101731.40999999999,0.0
2025-08-11,RCL,stop_loss,False,Completed,0,-322,296.4361258969,101176.396743373,0.0
2025-08-29,CLX,stop_loss,False,Completed,0,-846,113.9992857366,100456.25848381981,0.0
2025-09-03,APP,rebalance_entry,True,Completed,0,207,487.69,100951.83,0.0
2025-09-03,CL,rebalance_exit,False,Completed,0,-1220,82.9297641176,99821.65045339601,0.0
2025-09-03,EBAY,rebalance_entry,True,Completed,0,1123,88.0842808014,98918.6473399722,0.0
2025-09-03,JBL,rebalance_entry,True,Completed,0,495,203.4576120371,100711.51795836451,0.0
2025-09-03,NVDA,rebalance_entry,True,Completed,0,585,171.031824499,100053.61733191501,0.0
2025-09-03,ORCL,rebalance_entry,True,Completed,0,447,224.1407791578,100190.9282835366,0.0
2025-09-03,ULTA,rebalance_entry,True,Completed,0,187,535.18,100078.65999999999,0.0
2025-09-03,VRSK,rebalance_exit,False,Completed,0,-370,263.3346208203,100018.563221319,0.0
2025-09-03,VST,rebalance_entry,True,Completed,0,540,185.2513191174,100035.71232339599,0.0
2025-09-03,WSM,rebalance_entry,True,Completed,0,526,188.7104593502,99261.7016182052,0.0
2025-09-08,HOOD,stop_loss,False,Completed,0,-1001,110.63,101330.22899999999,0.0
2025-09-10,ULTA,stop_loss,False,Completed,0,-187,509.63,100078.65999999999,0.0
2025-09-11,ORCL,take_profit,False,Completed,0,-447,327.7674412880999,100190.9282835366,0.0
2025-09-22,APP,take_profit,False,Completed,0,-207,647.0499999999998,100951.83,0.0
2025-10-02,CCL,rebalance_entry,True,Completed,0,3564,28.1962824934,100491.5508064776,0.0
2025-10-02,CL,rebalance_entry,True,Completed,0,1289,77.1211483631,99409.16024003591,0.0
2025-10-02,EBAY,rebalance_exit,False,Completed,0,-1123,86.2322726487,98918.6473399722,0.0
2025-10-02,EXPE,rebalance_entry,True,Completed,0,461,217.1631806674,100112.22628767141,0.0
2025-10-02,GDDY,rebalance_entry,True,Completed,0,756,133.17,100676.51999999999,0.0
2025-10-02,HD,rebalance_entry,True,Completed,0,255,390.2437539778,99512.157264339,0.0
2025-10-02,JBL,rebalance_exit,False,Completed,0,-495,216.9248774939,100711.51795836451,0.0
2025-10-02,LYV,rebalance_exit,False,Completed,0,-721,159.53,99764.77,0.0
2025-10-02,NRG,rebalance_entry,True,Completed,0,623,161.5435436129,100641.62767083671,0.0
2025-10-02,NVDA,rebalance_exit,False,Completed,0,-585,189.5794705764,100053.61733191501,0.0
2025-10-02,ORCL,rebalance_entry,True,Completed,0,348,289.5275757337,100755.59635532761,0.0
2025-10-02,RCL,rebalance_entry,True,Completed,0,319,312.9604098128,99834.37073028319,0.0
2025-10-02,SYF,rebalance_entry,True,Completed,0,1449,69.1208513675,100156.1136315075,0.0
2025-10-02,UAL,rebalance_entry,True,Completed,0,1073,93.64,100475.72,0.0
2025-10-02,VST,rebalance_exit,False,Completed,0,-540,203.4360821921,100035.71232339599,0.0
2025-10-02,WSM,rebalance_exit,False,Completed,0,-526,193.3614250499,99261.7016182052,0.0
2025-10-08,ORCL,stop_loss,False,Completed,0,-348,283.1972606782,100755.59635532761,0.0
2025-10-13,HD,stop_loss,False,Completed,0,-255,374.0321107974,99512.157264339,0.0
2025-10-17,RCL,stop_loss,False,Completed,0,-319,298.1424901716,99834.37073028319,0.0
2025-10-30,GDDY,stop_loss,False,Completed,0,-756,126.25,100676.51999999999,0.0
2025-11-04,APP,rebalance_entry,True,Completed,0,158,630.175,99567.65,0.0
2025-11-04,CCL,rebalance_exit,False,Completed,0,-3564,26.7122676254,100491.5508064776,0.0
2025-11-04,CI,rebalance_entry,True,Completed,0,390,254.844975525,99389.54045475,0.0
2025-11-04,CL,rebalance_exit,False,Completed,0,-1289,74.8626368709,99409.16024003591,0.0
2025-11-04,CMG,rebalance_entry,True,Completed,0,3173,31.440000000000005,99759.12000000001,0.0
2025-11-04,DXCM,rebalance_entry,True,Completed,0,1654,61.09,101042.86,0.0
2025-11-04,EBAY,rebalance_entry,True,Completed,0,1219,81.9736442763,99925.87237280971,0.0
2025-11-04,EME,rebalance_entry,True,Completed,0,148,660.2767047495,97720.952302926,0.0
2025-11-04,EXPE,rebalance_exit,False,Completed,0,-461,212.4798538316,100112.22628767141,0.0
2025-11-04,FISV,rebalance_entry,True,Completed,0,1535,64.64,99222.4,0.0
2025-11-04,FIX,rebalance_entry,True,Completed,0,102,955.4439988663001,97455.28788436261,0.0
2025-11-04,META,rebalance_entry,True,Completed,0,157,627.0015780322,98439.2477510554,0.0
2025-11-04,MPWR,rebalance_entry,True,Completed,0,99,962.698992103,95307.200218197,0.0
2025-11-04,NRG,rebalance_exit,False,Completed,0,-623,170.5865806732,100641.62767083671,0.0
2025-11-04,SYF,rebalance_exit,False,Completed,0,-1449,72.3219885663,100156.1136315075,0.0
2025-11-04,UAL,rebalance_exit,False,Completed,0,-1073,94.24,100475.72,0.0
2025-11-06,APP,stop_loss,False,Completed,0,-158,651.47,99567.65,0.0
2025-11-07,DXCM,stop_loss,False,Completed,0,-1654,58.015,101042.86,0.0
2025-11-07,FISV,stop_loss,False,Completed,0,-1535,60.95,99222.4,0.0
2025-11-10,MPWR,stop_loss,False,Completed,0,-99,983.1562958622,95307.200218197,0.0
2025-11-12,CMG,stop_loss,False,Completed,0,-3173,30.18,99759.12000000001,0.0
2025-11-14,EME,stop_loss,False,Completed,0,-148,602.6107478575,97720.952302926,0.0
2025-11-14,FIX,stop_loss,False,Completed,0,-102,860.6882465277,97455.28788436261,0.0
2025-11-17,META,stop_loss,False,Completed,0,-157,608.032842241,98439.2477510554,0.0
2025-12-02,ABBV,rebalance_entry,True,Completed,0,451,221.1840761769,99754.0183557819,0.0
2025-12-02,CI,rebalance_exit,False,Completed,0,-390,271.4291828962,99389.54045475,0.0
2025-12-02,CL,rebalance_entry,True,Completed,0,1266,78.4773763293,99352.3584328938,0.0
2025-12-02,CLX,rebalance_entry,True,Completed,0,962,103.4806312751,99548.3672866462,0.0
2025-12-02,COR,rebalance_entry,True,Completed,0,278,358.6870800226,99715.0082462828,0.0
2025-12-02,EBAY,rebalance_exit,False,Completed,0,-1219,82.4098618882,99925.87237280971,0.0
2025-12-02,EXPE,rebalance_entry,True,Completed,0,387,258.9585471845,100216.95776040149,0.0
2025-12-02,GDDY,rebalance_entry,True,Completed,0,781,127.87,99866.47,0.0
2025-12-02,LLY,rebalance_entry,True,Completed,0,94,1049.0160852856,98607.51201684639,0.0
2025-12-02,MA,rebalance_entry,True,Completed,0,184,545.511506291,100374.11715754401,0.0
2025-12-02,NVDA,rebalance_entry,True,Completed,0,555,181.7403194724,100865.87730718199,0.0
2025-12-02,VRSK,rebalance_entry,True,Completed,0,448,223.4926589694,100124.7112182912,0.0
2025-12-04,COR,stop_loss,False,Completed,0,-278,333.9757991847,99715.0082462828,0.0
2025-12-09,LLY,stop_loss,False,Completed,0,-94,999.4539944781,98607.51201684639,0.0
2025-12-17,CLX,stop_loss,False,Completed,0,-962,97.3303673408,99548.3672866462,0.0
2025-12-18,NVDA,stop_loss,False,Completed,0,-555,174.5206186842,100865.87730718199,0.0
2026-01-05,GDDY,stop_loss,False,Completed,0,-781,117.7,99866.47,0.0
2026-01-05,ABBV,rebalance_exit,False,Completed,0,-451,223.3288199099,99754.0183557819,0.0
2026-01-05,APP,rebalance_entry,True,Completed,0,161,617.7,99449.70000000001,0.0
2026-01-05,CL,rebalance_exit,False,Completed,0,-1266,75.9687866505,99352.3584328938,0.0
2026-01-05,CVNA,rebalance_entry,True,Completed,0,1249,80.52,100569.48,0.0
2026-01-05,EXPE,rebalance_exit,False,Completed,0,-387,281.8066590015,100216.95776040149,0.0
2026-01-05,FIX,rebalance_entry,True,Completed,0,99,1019.5425011625001,100934.70761508751,0.0
2026-01-05,HOOD,rebalance_entry,True,Completed,0,867,117.92,102236.64,0.0
2026-01-05,KLAC,rebalance_entry,True,Completed,0,78,1306.5683471273,101912.33107592941,0.0
2026-01-05,LITE,rebalance_entry,True,Completed,0,258,388.34,100191.71999999999,0.0
2026-01-05,LRCX,rebalance_entry,True,Completed,0,540,189.8985836506,102545.23517132399,0.0
2026-01-05,MA,rebalance_exit,False,Completed,0,-184,557.8116305192,100374.11715754401,0.0
2026-01-05,MU,rebalance_entry,True,Completed,0,317,324.9785184035,103018.1903339095,0.0
2026-01-05,NEM,rebalance_entry,True,Completed,0,992,102.1775579197,101360.1374563424,0.0
2026-01-05,VRSK,rebalance_exit,False,Completed,0,-448,219.8337477692,100124.7112182912,0.0
2026-01-05,WDC,rebalance_entry,True,Completed,0,533,193.0768269954,102909.94878854821,0.0
2026-01-06,LITE,stop_loss,False,Completed,0,-258,355.675,100191.71999999999,0.0
2026-01-06,WDC,stop_loss,False,Completed,0,-533,189.5235417028,102909.94878854821,0.0
2026-01-07,FIX,stop_loss,False,Completed,0,-99,1027.7147460787,100934.70761508751,0.0
2026-01-16,HOOD,stop_loss,False,Completed,0,-867,111.04999999999998,102236.64,0.0
2026-01-20,APP,stop_loss,False,Completed,0,-161,540.96,99449.70000000001,0.0
2026-01-29,CVNA,stop_loss,False,Completed,0,-1249,86.254,100569.48,0.0
2026-01-29,MU,take_profit,False,Completed,0,-317,439.16529274730004,103018.1903339095,0.0
2026-01-30,LRCX,take_profit,False,Completed,0,-540,243.97553146699997,102545.23517132399,0.0
2026-01-30,NEM,take_profit,False,Completed,0,-992,117.4569102243,101360.1374563424,0.0
2026-02-03,APH,rebalance_entry,True,Completed,0,691,146.5695806599,101279.5802359909,0.0
2026-02-03,APP,rebalance_entry,True,Completed,0,207,483.0,99981.0,0.0
2026-02-03,CVNA,rebalance_entry,True,Completed,0,1225,81.356,99661.09999999999,0.0
2026-02-03,FIX,rebalance_entry,True,Completed,0,85,1193.8670751773,101478.70139007049,0.0
2026-02-03,LRCX,rebalance_entry,True,Completed,0,421,244.6047977604,102978.6198571284,0.0
2026-02-03,LVS,rebalance_entry,True,Completed,0,1817,54.7369501006,99457.0383327902,0.0
2026-02-03,MU,rebalance_entry,True,Completed,0,228,441.953992856,100765.510371168,0.0
2026-02-03,NEM,rebalance_entry,True,Completed,0,890,118.2432742843,105236.514113027,0.0
2026-02-03,WDC,rebalance_entry,True,Completed,0,370,279.3751820339,103368.817352543,0.0
2026-02-04,APP,stop_loss,False,Completed,0,-207,402.0,99981.0,0.0
2026-02-04,LRCX,stop_loss,False,Completed,0,-421,229.6022902576,102978.6198571284,0.0
2026-02-04,MU,stop_loss,False,Completed,0,-228,410.3987016617,100765.510371168,0.0
2026-02-05,APH,stop_loss,False,Completed,0,-691,129.2527115796,101279.5802359909,0.0
2026-02-05,CVNA,stop_loss,False,Completed,0,-1225,77.052,99661.09999999999,0.0
2026-02-05,FIX,stop_loss,False,Completed,0,-85,1118.7383688565,101478.70139007049,0.0
2026-02-05,WDC,stop_loss,False,Completed,0,-370,255.94648800909997,103368.817352543,0.0
2026-02-06,NEM,stop_loss,False,Completed,0,-890,109.8421190106,105236.514113027,0.0
2026-03-03,AAPL,rebalance_entry,True,Completed,0,378,263.2371612903,99503.6469677334,0.0
2026-03-03,AMAT,rebalance_entry,True,Completed,0,269,350.4653625932,94275.1825375708,0.0
2026-03-03,EME,rebalance_entry,True,Completed,0,135,720.256348956,97234.60710906,0.0
2026-03-03,FIX,rebalance_entry,True,Completed,0,69,1410.6613474061,97335.63297102091,0.0
2026-03-03,FSLR,rebalance_entry,True,Completed,0,500,192.3,96150.0,0.0
2026-03-03,KLAC,rebalance_exit,False,Completed,0,-78,1473.7002493248,101912.33107592941,0.0
2026-03-03,LRCX,rebalance_entry,True,Completed,0,433,223.50939440089996,96779.56777558969,0.0
2026-03-03,LVS,rebalance_exit,False,Completed,0,-1817,54.6661872146,99457.0383327902,0.0
2026-03-03,MU,rebalance_entry,True,Completed,0,242,386.3699021587,93501.5163224054,0.0
2026-03-03,NVDA,rebalance_entry,True,Completed,0,548,178.4804058267,97807.2623930316,0.0
2026-03-03,UHS,rebalance_entry,True,Completed,0,484,203.29,98392.36,0.0
2026-03-03,WDC,rebalance_entry,True,Completed,0,370,254.442213926,94143.61915262,0.0
2026-03-06,FIX,stop_loss,False,Completed,0,-69,1289.4823279192,97335.63297102091,0.0
2026-03-06,LRCX,stop_loss,False,Completed,0,-433,205.45,96779.56777558969,0.0
2026-03-06,UHS,stop_loss,False,Completed,0,-484,194.92,98392.36,0.0
2026-03-09,AMAT,stop_loss,False,Completed,0,-269,320.0830419033,94275.1825375708,0.0
2026-03-10,MU,stop_loss,False,Completed,0,-242,393.8264264637,93501.5163224054,0.0
2026-03-10,WDC,stop_loss,False,Completed,0,-370,268.45,94143.61915262,0.0
2026-03-16,AAPL,stop_loss,False,Completed,0,-378,251.8726451613,99503.6469677334,0.0
2026-03-30,NVDA,stop_loss,False,Completed,0,-548,168.78,97807.2623930316,0.0
2026-04-02,EME,rebalance_exit,False,Completed,0,-135,738.2572604554,97234.60710906,0.0
2026-04-02,FSLR,rebalance_exit,False,Completed,0,-500,196.76,96150.0,0.0
2026-05-04,APP,rebalance_entry,True,Completed,0,217,466.949,101327.933,0.0
2026-05-04,HOOD,rebalance_entry,True,Completed,0,1357,74.7,101367.90000000001,0.0
2026-05-04,KLAC,rebalance_entry,True,Completed,0,58,1718.250021322,99658.501236676,0.0
2026-05-04,MA,rebalance_entry,True,Completed,0,201,495.0,99495.0,0.0
2026-05-04,META,rebalance_entry,True,Completed,0,164,607.935,99701.34,0.0
2026-05-04,MU,rebalance_entry,True,Completed,0,184,560.6,103150.40000000001,0.0
2026-05-04,NVDA,rebalance_entry,True,Completed,0,503,199.5,100348.5,0.0
2026-05-04,STX,rebalance_entry,True,Completed,0,137,742.16,101675.92,0.0
2026-05-04,TER,rebalance_entry,True,Completed,0,289,344.293364256,99500.782269984,0.0
2026-05-04,WDC,rebalance_entry,True,Completed,0,231,430.73,99498.63,0.0
2026-05-08,APP,stop_loss,False,Completed,0,-217,494.07,101327.933,0.0
2026-05-11,MU,take_profit,False,Completed,0,-184,792.98,103150.40000000001,0.0
2026-05-19,TER,stop_loss,False,Completed,0,-289,314.0045049071,99500.782269984,0.0
2026-05-20,STX,stop_loss,False,Completed,0,-137,757.16,101675.92,0.0
