simulation,annualized_sharpe,final_equity,strategy_sharpe,p_value
0,0.635227060423704,4039865.850910132,1.0173131286117998,0.0
1,0.6989853521497065,4136757.8781806724,1.0173131286117998,0.0
2,0.7934038146225113,4035079.6633511847,1.0173131286117998,0.0
3,0.7007049711668766,4159562.1062999167,1.0173131286117998,0.0
4,0.6474870031156204,3705207.9068320254,1.0173131286117998,0.0
5,0.5676208058029132,3735868.4207965964,1.0173131286117998,0.0
6,0.5777066566013718,3440960.0142970206,1.0173131286117998,0.0
7,0.6119263655873185,3744674.4695115625,1.0173131286117998,0.0
8,0.7297699786087186,4457630.090755385,1.0173131286117998,0.0
9,0.5950808152167433,3557918.8684287975,1.0173131286117998,0.0
10,0.6487440162081821,4063990.442778812,1.0173131286117998,0.0
11,0.4702992104738292,3049920.8055316354,1.0173131286117998,0.0
12,0.7401846752066461,4420754.545612302,1.0173131286117998,0.0
13,0.7288903869309569,4094073.3097626762,1.0173131286117998,0.0
14,0.6861807630711251,4436547.49557636,1.0173131286117998,0.0
15,0.6301424928951975,4262623.677261336,1.0173131286117998,0.0
16,0.624420272593764,3973877.0299475896,1.0173131286117998,0.0
17,0.5200077745679246,3296920.9961181283,1.0173131286117998,0.0
18,0.8183214678422313,4703206.588229364,1.0173131286117998,0.0
19,0.6113299405430858,3845354.4342023768,1.0173131286117998,0.0
20,0.5830612140567933,3515120.063745805,1.0173131286117998,0.0
21,0.5645225530536321,3576184.6524037733,1.0173131286117998,0.0
22,0.5791218535287566,3665017.617204995,1.0173131286117998,0.0
23,0.7397263341379304,4133671.100247332,1.0173131286117998,0.0
24,0.5849304960782183,3747050.438837251,1.0173131286117998,0.0
25,0.5675440811757498,3683642.025825064,1.0173131286117998,0.0
26,0.5386933879102165,3375315.816239434,1.0173131286117998,0.0
27,0.6088814279025894,3532385.6778355152,1.0173131286117998,0.0
28,0.6346635908149789,3521846.125161676,1.0173131286117998,0.0
29,0.7534174226861251,4209268.438588534,1.0173131286117998,0.0
30,0.6131075596819098,3640250.4662812236,1.0173131286117998,0.0
31,0.7550705786024112,4639293.432512737,1.0173131286117998,0.0
32,0.5933540111470994,3968058.9848665274,1.0173131286117998,0.0
33,0.6664699026100731,4335175.456557291,1.0173131286117998,0.0
34,0.7265587107613023,4203959.623100523,1.0173131286117998,0.0
35,0.6909539084960553,4401177.545831848,1.0173131286117998,0.0
36,0.6402012670710139,4073148.0520618134,1.0173131286117998,0.0
37,0.5509360349074297,3588155.9952304577,1.0173131286117998,0.0
38,0.585487867853455,3553908.104934817,1.0173131286117998,0.0
39,0.5475245548842183,3630323.3449214706,1.0173131286117998,0.0
40,0.5778407712644268,3712013.6590975123,1.0173131286117998,0.0
41,0.5711684877436711,3562924.1637301794,1.0173131286117998,0.0
42,0.7182436613237829,4074310.0432241876,1.0173131286117998,0.0
43,0.6710137746196461,3849524.849017181,1.0173131286117998,0.0
44,0.6733359721285056,4130584.551358135,1.0173131286117998,0.0
45,0.6111415231419441,3798447.762106649,1.0173131286117998,0.0
46,0.6364385879295096,3846331.7679345887,1.0173131286117998,0.0
47,0.5259357513786309,2997280.660912414,1.0173131286117998,0.0
48,0.6138918516606283,3648006.0599148367,1.0173131286117998,0.0
49,0.7469434662702414,4215698.353087174,1.0173131286117998,0.0
50,0.6236063233067092,3968872.127372481,1.0173131286117998,0.0
51,0.7163275203152306,4296968.947147731,1.0173131286117998,0.0
52,0.6890410199518229,3818651.912738561,1.0173131286117998,0.0
53,0.6651772658076144,4327436.083553689,1.0173131286117998,0.0
54,0.602162709772678,3510859.430591301,1.0173131286117998,0.0
55,0.5543843060932266,3435758.295673982,1.0173131286117998,0.0
56,0.5660419812046895,3678824.900678527,1.0173131286117998,0.0
57,0.8585976940468436,4221693.001824898,1.0173131286117998,0.0
58,0.6244610797836276,3741465.0890246457,1.0173131286117998,0.0
59,0.7451417295432725,4377084.422915115,1.0173131286117998,0.0
60,0.7566100321317883,4726519.640505952,1.0173131286117998,0.0
61,0.7351590533624505,4449473.658961587,1.0173131286117998,0.0
62,0.6891855777478938,4272201.639933595,1.0173131286117998,0.0
63,0.5887803508567702,3780701.3824565653,1.0173131286117998,0.0
64,0.6415885539967142,3936165.0895678415,1.0173131286117998,0.0
65,0.7577267572143083,4371127.3670237055,1.0173131286117998,0.0
66,0.6034025540166523,3662189.2205213453,1.0173131286117998,0.0
67,0.6927584897832091,3707652.9328285335,1.0173131286117998,0.0
68,0.6308964823826326,3617173.3143777787,1.0173131286117998,0.0
69,0.5859814923860707,3688327.5926300813,1.0173131286117998,0.0
70,0.5646018462890037,3507095.042905772,1.0173131286117998,0.0
71,0.5905459122428226,3566947.537192759,1.0173131286117998,0.0
72,0.6592791582086948,3750573.7635502415,1.0173131286117998,0.0
73,0.7516851719184885,3934241.368624083,1.0173131286117998,0.0
74,0.6078598802746444,4031781.682373077,1.0173131286117998,0.0
75,0.5602648318591489,3477218.7075775717,1.0173131286117998,0.0
76,0.5564446647490973,3326116.6567209447,1.0173131286117998,0.0
77,0.6145711166714765,3722990.6632680935,1.0173131286117998,0.0
78,0.5842365761869237,3908376.293698865,1.0173131286117998,0.0
79,0.5641821102242575,3613088.299424856,1.0173131286117998,0.0
80,0.5768737065317259,3412326.3981627235,1.0173131286117998,0.0
81,0.6154452856674935,3508716.2165375827,1.0173131286117998,0.0
82,0.5390344441834594,3511397.3962632474,1.0173131286117998,0.0
83,0.6373128464645862,3707164.5297298655,1.0173131286117998,0.0
84,0.676199369770389,3974894.05832548,1.0173131286117998,0.0
85,0.49117697833703966,3086944.0768971206,1.0173131286117998,0.0
86,0.550349943076037,3771267.262204943,1.0173131286117998,0.0
87,0.48682837810209584,2992640.842491033,1.0173131286117998,0.0
88,0.7016675997987503,4088724.440680167,1.0173131286117998,0.0
89,0.6583224812662894,4312981.565921269,1.0173131286117998,0.0
90,0.6158483378608274,3884000.1572845145,1.0173131286117998,0.0
91,0.6473825776359018,3626459.8909358736,1.0173131286117998,0.0
92,0.6214592785738007,3836554.0282336497,1.0173131286117998,0.0
93,0.543730748786968,3233761.4302956336,1.0173131286117998,0.0
94,0.42474385363191985,2793546.341172975,1.0173131286117998,0.0
95,0.6049410083802664,3657337.436322155,1.0173131286117998,0.0
96,0.6017497007776754,3798176.59731562,1.0173131286117998,0.0
97,0.7145326369774342,4380556.933294774,1.0173131286117998,0.0
98,0.5279160317810637,3386703.921104151,1.0173131286117998,0.0
99,0.47796339734586174,2888530.0468173274,1.0173131286117998,0.0
100,0.629241911291036,3673523.2546884418,1.0173131286117998,0.0
101,0.6577745624118129,3854975.7884366824,1.0173131286117998,0.0
102,0.64417783895526,3898977.5983406687,1.0173131286117998,0.0
103,0.6219055997804614,4044051.22760515,1.0173131286117998,0.0
104,0.6167400792504184,3843024.2282093246,1.0173131286117998,0.0
105,0.6552496196033456,4339509.149278373,1.0173131286117998,0.0
106,0.7851897380915631,4605492.304704602,1.0173131286117998,0.0
107,0.686674618088775,4206012.787656383,1.0173131286117998,0.0
108,0.5179590905967116,3524633.631545115,1.0173131286117998,0.0
109,0.5549875089053936,3495229.6864982625,1.0173131286117998,0.0
110,0.7140844024695333,3961761.3724901564,1.0173131286117998,0.0
111,0.6689526983384607,4077467.527458378,1.0173131286117998,0.0
112,0.621137952412177,4059196.7828161507,1.0173131286117998,0.0
113,0.512598912579076,3234248.700843241,1.0173131286117998,0.0
114,0.6206847676936152,3784957.9154118877,1.0173131286117998,0.0
115,0.6326564132403467,3929033.718833961,1.0173131286117998,0.0
116,0.6577938344764546,3618047.9279066566,1.0173131286117998,0.0
117,0.5400837601686671,3632559.69532352,1.0173131286117998,0.0
118,0.5994899104223127,3900266.5257053855,1.0173131286117998,0.0
119,0.6640319461114603,4103895.020055705,1.0173131286117998,0.0
120,0.5805736160734004,3933255.0255603115,1.0173131286117998,0.0
121,0.5276763271156392,3300339.776318237,1.0173131286117998,0.0
122,0.6500754697570201,3936664.566588122,1.0173131286117998,0.0
123,0.6147050855817867,3771333.0386695983,1.0173131286117998,0.0
124,0.6484656925452446,4049590.685678437,1.0173131286117998,0.0
125,0.8206305976026121,4475885.026155423,1.0173131286117998,0.0
126,0.7022156807621914,4521349.630697974,1.0173131286117998,0.0
127,0.5719852194791144,3418489.7568566026,1.0173131286117998,0.0
128,0.6437796395685664,3863442.0441989065,1.0173131286117998,0.0
129,0.7607364953316986,3730781.0452196007,1.0173131286117998,0.0
130,0.6518444200912064,3728609.9512113174,1.0173131286117998,0.0
131,0.6646532524730517,3946316.153718991,1.0173131286117998,0.0
132,0.6689909096544541,3853053.2933208775,1.0173131286117998,0.0
133,0.6940522963214482,3801833.073570512,1.0173131286117998,0.0
134,0.4585393837878112,3051217.4807912824,1.0173131286117998,0.0
135,0.6659245242656485,3939244.6075237826,1.0173131286117998,0.0
136,0.675809979218996,4173370.7637990206,1.0173131286117998,0.0
137,0.6111522820688237,3979556.6108827,1.0173131286117998,0.0
138,0.6571236526296345,4144299.286532924,1.0173131286117998,0.0
139,0.836771610415321,4360119.519299221,1.0173131286117998,0.0
140,0.6434017898972949,4159225.5939113596,1.0173131286117998,0.0
141,0.4913332924686211,3247290.0194638963,1.0173131286117998,0.0
142,0.6439678867978513,3832680.197088206,1.0173131286117998,0.0
143,0.7481519676584105,4176878.6213653875,1.0173131286117998,0.0
144,0.6501068904552396,3500996.101428421,1.0173131286117998,0.0
145,0.6868058450910931,4295501.944915366,1.0173131286117998,0.0
146,0.4816432101619037,3117032.5546475346,1.0173131286117998,0.0
147,0.9246890930447009,5378425.372268918,1.0173131286117998,0.0
148,0.6239064042567123,3800992.840640337,1.0173131286117998,0.0
149,0.5033978224860493,3327617.310488052,1.0173131286117998,0.0
150,0.7234595910190044,3983286.3836675533,1.0173131286117998,0.0
151,0.6975780978087921,4705223.05586618,1.0173131286117998,0.0
152,0.574690662506467,3898645.875348442,1.0173131286117998,0.0
153,0.7219839693962342,4367478.372074971,1.0173131286117998,0.0
154,0.6560640921669263,3967544.34610622,1.0173131286117998,0.0
155,0.7398743168812137,4410961.700246029,1.0173131286117998,0.0
156,0.7296758982475468,4621215.639325347,1.0173131286117998,0.0
157,0.6193107687417857,4065880.6261944836,1.0173131286117998,0.0
158,0.7184858350440206,4400436.167836359,1.0173131286117998,0.0
159,0.6416469615322922,3773778.3193972707,1.0173131286117998,0.0
160,0.6126290661728837,3634583.6357440557,1.0173131286117998,0.0
161,0.6731646749571778,4034717.3987702653,1.0173131286117998,0.0
162,0.6402424549323301,3888497.3029441913,1.0173131286117998,0.0
163,0.5780920343590666,3552034.6147618266,1.0173131286117998,0.0
164,0.5307766401481773,3469296.46091716,1.0173131286117998,0.0
165,0.7306820781436054,3923788.0084231384,1.0173131286117998,0.0
166,0.683664563975761,4277581.813596859,1.0173131286117998,0.0
167,0.5445387839361611,3451094.0047872136,1.0173131286117998,0.0
168,0.8060919217879721,4068021.1453581643,1.0173131286117998,0.0
169,0.688441701451524,3980435.121873818,1.0173131286117998,0.0
170,0.6362270940816455,4146714.9886133703,1.0173131286117998,0.0
171,0.45932916363061016,3137111.792130662,1.0173131286117998,0.0
172,0.5774095167102153,3747552.0847542468,1.0173131286117998,0.0
173,0.8243548706506963,4318802.508525598,1.0173131286117998,0.0
174,0.6845071318453442,3911321.3389908867,1.0173131286117998,0.0
175,0.7206285662028783,4492959.390431216,1.0173131286117998,0.0
176,0.736538070214277,4484470.044679562,1.0173131286117998,0.0
177,0.7639699316145006,4120512.236463478,1.0173131286117998,0.0
178,0.7614789796951883,4426417.83215232,1.0173131286117998,0.0
179,0.6991342630468207,4402975.356504104,1.0173131286117998,0.0
180,0.760254041394957,4421187.985595635,1.0173131286117998,0.0
181,0.6494045198756714,3942452.141231006,1.0173131286117998,0.0
182,0.6523951290218999,3865707.533413768,1.0173131286117998,0.0
183,0.7224693957244951,4149637.7344992138,1.0173131286117998,0.0
184,0.6768924339750717,3865842.924735288,1.0173131286117998,0.0
185,0.7345562480082647,4460011.364719847,1.0173131286117998,0.0
186,0.6169586042019668,4254159.464817752,1.0173131286117998,0.0
187,0.6152762296789646,3922830.22263948,1.0173131286117998,0.0
188,0.6974559199998396,4229907.177722665,1.0173131286117998,0.0
189,0.68641950718719,4149901.387594296,1.0173131286117998,0.0
190,0.47695941085759336,3100513.0955917607,1.0173131286117998,0.0
191,0.45019438811363166,3071371.3314135736,1.0173131286117998,0.0
192,0.6927013926690755,4151235.9406854347,1.0173131286117998,0.0
193,0.5842553754631113,3562829.5458206646,1.0173131286117998,0.0
194,0.4513634498277789,2868753.782761074,1.0173131286117998,0.0
195,0.7601199496474544,4509343.737659811,1.0173131286117998,0.0
196,0.5963638561866347,3830678.487740269,1.0173131286117998,0.0
197,0.6923461417167388,4220749.596772975,1.0173131286117998,0.0
198,0.7501168146304552,4466813.574160899,1.0173131286117998,0.0
199,0.742454322674828,3772824.938466397,1.0173131286117998,0.0
200,0.578725437532316,3424553.9159153034,1.0173131286117998,0.0
201,0.8124367953736483,4458334.316937207,1.0173131286117998,0.0
202,0.6787307430663398,4086038.221421355,1.0173131286117998,0.0
203,0.566820209292346,3717830.133677888,1.0173131286117998,0.0
204,0.5416800778332959,3482144.938170548,1.0173131286117998,0.0
205,0.6084860496097507,3747102.8386947406,1.0173131286117998,0.0
206,0.47350083822080663,2963211.483686747,1.0173131286117998,0.0
207,0.5167554167862854,3439533.5236305925,1.0173131286117998,0.0
208,0.6015943411374218,3608080.511703516,1.0173131286117998,0.0
209,0.6322167720984231,4153611.4346461105,1.0173131286117998,0.0
210,0.5890467245453039,3930135.243781352,1.0173131286117998,0.0
211,0.7414466006448908,4433839.753898696,1.0173131286117998,0.0
212,0.6826689126700143,4252944.2754177945,1.0173131286117998,0.0
213,0.6903926235704758,4320234.689471696,1.0173131286117998,0.0
214,0.6059932672898771,3824825.3665741365,1.0173131286117998,0.0
215,0.6496185554957858,4060368.5561210755,1.0173131286117998,0.0
216,0.7829728406213415,4526791.668023825,1.0173131286117998,0.0
217,0.5220763735658147,3420800.74159765,1.0173131286117998,0.0
218,0.6017874535567267,3679610.477190194,1.0173131286117998,0.0
219,0.6815293510116665,4085894.2619424304,1.0173131286117998,0.0
220,0.6484123224334288,4003909.216810177,1.0173131286117998,0.0
221,0.5605359299265722,3558681.09500775,1.0173131286117998,0.0
222,0.7635113802154687,4759775.534320789,1.0173131286117998,0.0
223,0.6807239896538494,4006723.8930520024,1.0173131286117998,0.0
224,0.5821044595682678,3576694.86583109,1.0173131286117998,0.0
225,0.7205738362790898,4365532.083178004,1.0173131286117998,0.0
226,0.7942696715045063,4703422.833685433,1.0173131286117998,0.0
227,0.6084811880517939,3778126.5083465264,1.0173131286117998,0.0
228,0.6571666121468743,3954846.8172630095,1.0173131286117998,0.0
229,0.802043877111993,4575177.3733687,1.0173131286117998,0.0
230,0.5647515005492703,3736733.1529487623,1.0173131286117998,0.0
231,0.6522082888400683,3717340.067760138,1.0173131286117998,0.0
232,0.5671694690062958,3510975.9424855383,1.0173131286117998,0.0
233,0.5708793635726688,3581000.2874317556,1.0173131286117998,0.0
234,0.6481547146378519,3890952.2294018553,1.0173131286117998,0.0
235,0.5212812591573267,3240917.526606679,1.0173131286117998,0.0
236,0.7169833360084422,4155329.246074268,1.0173131286117998,0.0
237,0.566876017443163,3323493.3762523816,1.0173131286117998,0.0
238,0.6084745977464145,3831071.174373872,1.0173131286117998,0.0
239,0.6609712876809043,4550018.422632838,1.0173131286117998,0.0
240,0.6430002288729549,3918496.5765651683,1.0173131286117998,0.0
241,0.815129115041775,4397317.217031009,1.0173131286117998,0.0
242,0.706982202242131,4538819.433176393,1.0173131286117998,0.0
243,0.5919912938199179,3587657.206602389,1.0173131286117998,0.0
244,0.6527683434455125,3774160.262811978,1.0173131286117998,0.0
245,0.5889484403319286,3861309.2839047834,1.0173131286117998,0.0
246,0.6826035794188658,3939748.353116332,1.0173131286117998,0.0
247,0.62712472906891,4247818.5524528995,1.0173131286117998,0.0
248,0.6776183649594834,4394849.319409109,1.0173131286117998,0.0
249,0.6739424040069302,4187176.7561557777,1.0173131286117998,0.0
250,0.5704736249629534,3682312.3603826514,1.0173131286117998,0.0
251,0.5320898668505777,3440504.67026034,1.0173131286117998,0.0
252,0.6911657710402126,4337752.228157164,1.0173131286117998,0.0
253,0.6622945197679223,4063885.9354311666,1.0173131286117998,0.0
254,0.7223870881200687,4196817.6439367235,1.0173131286117998,0.0
255,0.701534405705784,4407451.919493606,1.0173131286117998,0.0
256,0.6652393734803365,4152528.1375379637,1.0173131286117998,0.0
257,0.7487446746308197,4219270.9705711575,1.0173131286117998,0.0
258,0.72648738122801,4118092.877448191,1.0173131286117998,0.0
259,0.6012074265008702,3828559.496005005,1.0173131286117998,0.0
260,0.74409777868912,4454231.0852980325,1.0173131286117998,0.0
261,0.6680572239269382,3942712.2219074923,1.0173131286117998,0.0
262,0.6065504976327372,3862302.003750953,1.0173131286117998,0.0
263,0.5378445111570402,3590391.7114547547,1.0173131286117998,0.0
264,0.5652776409042011,3757259.0563978804,1.0173131286117998,0.0
265,0.5429698526314003,3246781.1672888994,1.0173131286117998,0.0
266,0.7761914659686654,4572915.811707066,1.0173131286117998,0.0
267,0.5002554204957244,3326839.783325506,1.0173131286117998,0.0
268,0.7040712311884316,4139924.21845138,1.0173131286117998,0.0
269,0.8112279508878679,4644995.645426133,1.0173131286117998,0.0
270,0.7848223100726398,4493823.002371744,1.0173131286117998,0.0
271,0.6179993302157745,3570071.960400175,1.0173131286117998,0.0
272,0.7388241693513792,4283744.553733398,1.0173131286117998,0.0
273,0.6418370978732814,3780755.3123402884,1.0173131286117998,0.0
274,0.6102714136440881,3915020.606425388,1.0173131286117998,0.0
275,0.5592803198199218,3678088.7353563746,1.0173131286117998,0.0
276,0.612562556709337,3813865.8677306212,1.0173131286117998,0.0
277,0.8022890230864687,4049012.160132199,1.0173131286117998,0.0
278,0.6218487968195524,3666882.6523570484,1.0173131286117998,0.0
279,0.5933212295704573,3740774.733120171,1.0173131286117998,0.0
280,0.7163550929147442,4353282.981436049,1.0173131286117998,0.0
281,0.733414531253958,4488727.464935182,1.0173131286117998,0.0
282,0.5576330573669583,3218331.1181603493,1.0173131286117998,0.0
283,0.6553833178940915,3835407.2636762946,1.0173131286117998,0.0
284,0.7120487128332041,4075809.107840406,1.0173131286117998,0.0
285,0.6083071609665852,3943232.094971971,1.0173131286117998,0.0
286,0.6307507702685713,3805897.3381969784,1.0173131286117998,0.0
287,0.6583903245646364,3679277.9464215105,1.0173131286117998,0.0
288,0.697163059839983,4481983.322528802,1.0173131286117998,0.0
289,0.6165110451596553,3955263.219922826,1.0173131286117998,0.0
290,0.5831550137510814,3725921.8207895462,1.0173131286117998,0.0
291,0.6114087425104696,3806964.2031218903,1.0173131286117998,0.0
292,0.6307757028417209,3882425.977863909,1.0173131286117998,0.0
293,0.5530866553571251,3434501.8802442965,1.0173131286117998,0.0
294,0.6045496484764861,3503829.5740694245,1.0173131286117998,0.0
295,0.5154021668743449,3293429.9974389523,1.0173131286117998,0.0
296,0.6732308219278346,3752282.8127031545,1.0173131286117998,0.0
297,0.5833254340640057,3373300.4317978364,1.0173131286117998,0.0
298,0.7271846236379937,4589820.663265762,1.0173131286117998,0.0
299,0.6967844349886615,4361599.2235015305,1.0173131286117998,0.0
300,0.6001399962340946,3841031.9918752024,1.0173131286117998,0.0
301,0.5454381790651834,3923877.3772995705,1.0173131286117998,0.0
302,0.8128665446869894,4754745.814569674,1.0173131286117998,0.0
303,0.7271985232408902,4089398.839864364,1.0173131286117998,0.0
304,0.7326887767106228,4361903.676722956,1.0173131286117998,0.0
305,0.584109815863572,3535711.2103275647,1.0173131286117998,0.0
306,0.6246631106122816,3998707.7762054354,1.0173131286117998,0.0
307,0.683564623643614,4341979.322428459,1.0173131286117998,0.0
308,0.6393424779585308,3901630.547693837,1.0173131286117998,0.0
309,0.725611663287028,4151688.198098995,1.0173131286117998,0.0
310,0.6173964417989839,3503051.7315180376,1.0173131286117998,0.0
311,0.6263455794485914,3928109.5147568714,1.0173131286117998,0.0
312,0.6579542769396247,3758517.06095802,1.0173131286117998,0.0
313,0.5450645854931719,3808377.7374575557,1.0173131286117998,0.0
314,0.6229861055128109,4122651.892931077,1.0173131286117998,0.0
315,0.5580790824175668,3579908.017745856,1.0173131286117998,0.0
316,0.5063613892629492,3321044.7647718145,1.0173131286117998,0.0
317,0.6526745616862657,4089307.468203747,1.0173131286117998,0.0
318,0.6849119127126496,3771381.914599616,1.0173131286117998,0.0
319,0.5610424136270288,3263353.168140469,1.0173131286117998,0.0
320,0.7704380111369604,4905822.39017027,1.0173131286117998,0.0
321,0.5942392632408102,3665553.062357388,1.0173131286117998,0.0
322,0.6461367989614689,4302408.057360133,1.0173131286117998,0.0
323,0.6848908787799369,3844023.885617674,1.0173131286117998,0.0
324,0.5505968431135195,3492372.1971386448,1.0173131286117998,0.0
325,0.6064651278681522,3973117.0322083114,1.0173131286117998,0.0
326,0.7112475681374462,4381700.846487513,1.0173131286117998,0.0
327,0.6551420231710833,3583911.182271636,1.0173131286117998,0.0
328,0.5408868998250432,3737968.135257194,1.0173131286117998,0.0
329,0.6733890240128192,3758100.0817859857,1.0173131286117998,0.0
330,0.6458098672360942,4317997.848348193,1.0173131286117998,0.0
331,0.5850964360266472,3616681.386648122,1.0173131286117998,0.0
332,0.5275988864072391,3315639.3829371114,1.0173131286117998,0.0
333,0.7117197647717285,4335879.834247669,1.0173131286117998,0.0
334,0.6525624368255034,4012631.464671277,1.0173131286117998,0.0
335,0.8068177201287557,4670733.391532331,1.0173131286117998,0.0
336,0.5090166905935274,3175220.8104531,1.0173131286117998,0.0
337,0.49858373898226405,3688380.55727014,1.0173131286117998,0.0
338,0.7457376051116626,4377957.844489568,1.0173131286117998,0.0
339,0.6375336949345882,3886524.009263891,1.0173131286117998,0.0
340,0.5825331188730335,3542384.523557807,1.0173131286117998,0.0
341,0.7185357412682216,4046083.197826316,1.0173131286117998,0.0
342,0.5426432878215182,3428088.849372355,1.0173131286117998,0.0
343,0.6043950563433956,3631793.8350068023,1.0173131286117998,0.0
344,0.6869735428117291,4051048.85418202,1.0173131286117998,0.0
345,0.6566103551898493,3738923.3556280364,1.0173131286117998,0.0
346,0.6633000188888015,4058052.0612501064,1.0173131286117998,0.0
347,0.5988154744354591,3592819.936303093,1.0173131286117998,0.0
348,0.6681851754472956,4007350.206870884,1.0173131286117998,0.0
349,0.757290493972658,4725548.0538047785,1.0173131286117998,0.0
350,0.5363445342304057,3056532.2015949273,1.0173131286117998,0.0
351,0.556578172518693,3194451.602739724,1.0173131286117998,0.0
352,0.6939695504047877,4327771.9992516255,1.0173131286117998,0.0
353,0.7661158542981809,4055202.794880029,1.0173131286117998,0.0
354,0.6644991691460965,4168393.1415593447,1.0173131286117998,0.0
355,0.6352617348706772,3933248.392912285,1.0173131286117998,0.0
356,0.6574323192860195,4105028.701929313,1.0173131286117998,0.0
357,0.6726245936326849,4456712.324389049,1.0173131286117998,0.0
358,0.7101220956842341,4693391.360568211,1.0173131286117998,0.0
359,0.56240518564348,3691520.3529241956,1.0173131286117998,0.0
360,0.6124371414307136,3629653.2886050674,1.0173131286117998,0.0
361,0.6096868515422988,3874126.7188789607,1.0173131286117998,0.0
362,0.6317066543094223,4029497.0588927153,1.0173131286117998,0.0
363,0.65727946269923,3843636.3759168433,1.0173131286117998,0.0
364,0.5784485459233396,3642983.147968066,1.0173131286117998,0.0
365,0.6964292717792945,4750826.105222821,1.0173131286117998,0.0
366,0.791424556977387,4378444.973513972,1.0173131286117998,0.0
367,0.8128654321264522,4410565.629550213,1.0173131286117998,0.0
368,0.6906111369960928,4568155.053464797,1.0173131286117998,0.0
369,0.7462714291678874,3756608.4847433837,1.0173131286117998,0.0
370,0.6344872651216716,4455749.528251448,1.0173131286117998,0.0
371,0.7832028178563755,4074347.458533252,1.0173131286117998,0.0
372,0.5907949647865073,3745035.126499332,1.0173131286117998,0.0
373,0.6783087394270213,4298634.68744848,1.0173131286117998,0.0
374,0.7142297953976805,4131703.927623734,1.0173131286117998,0.0
375,0.658583961296573,4370583.856704139,1.0173131286117998,0.0
376,0.6361157900286619,3804856.9733531154,1.0173131286117998,0.0
377,0.6503628791857479,4098273.7351393136,1.0173131286117998,0.0
378,0.6841349643486448,3926742.5527595156,1.0173131286117998,0.0
379,0.423159129859634,2710287.1327075013,1.0173131286117998,0.0
380,0.5696619502786057,3887179.9537246623,1.0173131286117998,0.0
381,0.6188219145067789,3762136.3835489154,1.0173131286117998,0.0
382,0.5474109591303391,3296434.947179111,1.0173131286117998,0.0
383,0.647061717244887,3926641.3183731693,1.0173131286117998,0.0
384,0.7481239618122351,4518657.687183712,1.0173131286117998,0.0
385,0.6474544003565105,3876479.903070149,1.0173131286117998,0.0
386,0.5979592944770125,3661494.023165204,1.0173131286117998,0.0
387,0.6681993032964822,3779076.3219936867,1.0173131286117998,0.0
388,0.5927954128074449,3402591.307638035,1.0173131286117998,0.0
389,0.5996008025945865,3602537.872682574,1.0173131286117998,0.0
390,0.6139598100830648,3814638.034737988,1.0173131286117998,0.0
391,0.7781819715873945,4085156.501647966,1.0173131286117998,0.0
392,0.7656631801392285,4313247.574608601,1.0173131286117998,0.0
393,0.8076756164361172,4738295.347362048,1.0173131286117998,0.0
394,0.7157819240443714,4192590.1823937506,1.0173131286117998,0.0
395,0.7759727435606892,3786253.0443761568,1.0173131286117998,0.0
396,0.6570897978904408,4122181.0684088096,1.0173131286117998,0.0
397,0.6606715185466512,4030123.813999764,1.0173131286117998,0.0
398,0.9203384511855821,4948252.954891297,1.0173131286117998,0.0
399,0.7201317735309898,4218578.223268718,1.0173131286117998,0.0
400,0.6585041909107288,3945882.5636494136,1.0173131286117998,0.0
401,0.8087298168290498,4741984.120424183,1.0173131286117998,0.0
402,0.6732803396227667,3846662.6629138296,1.0173131286117998,0.0
403,0.5244442205433899,3483731.724414929,1.0173131286117998,0.0
404,0.6664532646549759,3964686.6108557484,1.0173131286117998,0.0
405,0.6846288670863967,3653481.4515793296,1.0173131286117998,0.0
406,0.6739717149134629,3829372.960968564,1.0173131286117998,0.0
407,0.6869380654770796,3877336.605251961,1.0173131286117998,0.0
408,0.8354589440140225,4454707.365570435,1.0173131286117998,0.0
409,0.5728187144115635,3565553.14699538,1.0173131286117998,0.0
410,0.5302676790065534,3431942.9776152023,1.0173131286117998,0.0
411,0.7487058879585479,4408129.044411829,1.0173131286117998,0.0
412,0.5684268631844884,3581154.9559613015,1.0173131286117998,0.0
413,0.5371090731507584,3182437.172423356,1.0173131286117998,0.0
414,0.6613411067155649,3904144.775889703,1.0173131286117998,0.0
415,0.6979516290901245,4324985.706727878,1.0173131286117998,0.0
416,0.59246109996448,3669877.950974862,1.0173131286117998,0.0
417,0.6790975661660618,4098763.7475929456,1.0173131286117998,0.0
418,0.5424704080967425,3364067.672513382,1.0173131286117998,0.0
419,0.6321179949759403,3753031.5259297173,1.0173131286117998,0.0
420,0.48786657642461634,2876235.080692659,1.0173131286117998,0.0
421,0.6880844588204306,4228052.441251025,1.0173131286117998,0.0
422,0.6450305368832449,3746640.4863807578,1.0173131286117998,0.0
423,0.41919637266015297,2751101.384424485,1.0173131286117998,0.0
424,0.5451120157050858,3613193.194262638,1.0173131286117998,0.0
425,0.6503992677200641,4435934.049464491,1.0173131286117998,0.0
426,0.6162600254219349,3484093.8188279,1.0173131286117998,0.0
427,0.7161580165878559,4173185.74272278,1.0173131286117998,0.0
428,0.5377682104265991,3660100.1695111357,1.0173131286117998,0.0
429,0.5794168133397707,3649401.8602284747,1.0173131286117998,0.0
430,0.6955967162569054,3939310.7135221707,1.0173131286117998,0.0
431,0.5567319236118905,3510613.3158231326,1.0173131286117998,0.0
432,0.7165773552618606,4733493.151357863,1.0173131286117998,0.0
433,0.5355972200960339,4039116.199130229,1.0173131286117998,0.0
434,0.6549531164111698,3921825.4805358932,1.0173131286117998,0.0
435,0.7693002701339746,4275288.312671231,1.0173131286117998,0.0
436,0.5591768568563606,3548528.2143185274,1.0173131286117998,0.0
437,0.6422004931652715,4038223.9473346462,1.0173131286117998,0.0
438,0.6476638275846408,4341418.9348453665,1.0173131286117998,0.0
439,0.5648014470203531,3563365.036773407,1.0173131286117998,0.0
440,0.5810936711624524,3769194.347159663,1.0173131286117998,0.0
441,0.7125082455287925,3866565.0682765786,1.0173131286117998,0.0
442,0.6584023357489546,3995912.8571803826,1.0173131286117998,0.0
443,0.5565831073646856,3359331.130644811,1.0173131286117998,0.0
444,0.6822617132431581,4161159.4536572406,1.0173131286117998,0.0
445,0.5199941092342099,3188998.4113743296,1.0173131286117998,0.0
446,0.6261175154496749,3733877.464634542,1.0173131286117998,0.0
447,0.5627547541549389,3481109.4338349393,1.0173131286117998,0.0
448,0.81080482243963,4255302.797722674,1.0173131286117998,0.0
449,0.6034419980540383,3484181.2288369425,1.0173131286117998,0.0
450,0.7026935329898242,3960001.4213073105,1.0173131286117998,0.0
451,0.6834005034058162,3992462.0574123934,1.0173131286117998,0.0
452,0.5895199534037072,3522313.8546192325,1.0173131286117998,0.0
453,0.6211587141121832,4033647.8735513603,1.0173131286117998,0.0
454,0.7691706823297798,3829941.8129848386,1.0173131286117998,0.0
455,0.5874787032567043,3438508.358353702,1.0173131286117998,0.0
456,0.6099154768311066,3883057.7563336077,1.0173131286117998,0.0
457,0.6308123446904288,3905807.705769998,1.0173131286117998,0.0
458,0.6802973682264682,3997267.4467548323,1.0173131286117998,0.0
459,0.660350671622214,3879297.360796542,1.0173131286117998,0.0
460,0.6632779515387128,3917072.8721148795,1.0173131286117998,0.0
461,0.6566953742832721,4030651.6942754397,1.0173131286117998,0.0
462,0.6038311523355817,3699024.1202391,1.0173131286117998,0.0
463,0.6645174565329234,4122342.5080400966,1.0173131286117998,0.0
464,0.6540275864921673,4003934.58122129,1.0173131286117998,0.0
465,0.6172422565333265,3799704.98156847,1.0173131286117998,0.0
466,0.7267100441770544,3868308.1637923573,1.0173131286117998,0.0
467,0.5996845252797471,3402099.2851018137,1.0173131286117998,0.0
468,0.621500987637802,3993190.6682350235,1.0173131286117998,0.0
469,0.7337822264090216,4116352.331308111,1.0173131286117998,0.0
470,0.5934903434257204,3506292.218335805,1.0173131286117998,0.0
471,0.6250879219971611,3759923.104929441,1.0173131286117998,0.0
472,0.5024925455556551,3339431.996698567,1.0173131286117998,0.0
473,0.6370183259993755,4161847.7969192974,1.0173131286117998,0.0
474,0.5631624905983191,4298875.386004879,1.0173131286117998,0.0
475,0.7124760669951027,4226290.436245133,1.0173131286117998,0.0
476,0.6907919568317545,4100134.4233579882,1.0173131286117998,0.0
477,0.6975301348259982,4091736.4023388172,1.0173131286117998,0.0
478,0.5557747065241544,3540434.454375793,1.0173131286117998,0.0
479,0.7153292851280323,4065479.743360543,1.0173131286117998,0.0
480,0.6463403029590439,3772205.226656623,1.0173131286117998,0.0
481,0.5343603420305959,3636033.4106123536,1.0173131286117998,0.0
482,0.6411799146148562,4032801.0344345416,1.0173131286117998,0.0
483,0.7234541545871433,4240093.025817641,1.0173131286117998,0.0
484,0.6633883171937965,3907091.135199653,1.0173131286117998,0.0
485,0.6081336775705805,3515749.8726821695,1.0173131286117998,0.0
486,0.7018094737616694,4095385.6325623216,1.0173131286117998,0.0
487,0.6827044043526869,3842921.4452419654,1.0173131286117998,0.0
488,0.5929898967935224,3755130.3512399727,1.0173131286117998,0.0
489,0.6365367165172349,4206037.886061772,1.0173131286117998,0.0
490,0.6064690526222286,3780348.186047355,1.0173131286117998,0.0
491,0.6903324485563586,4390667.314912288,1.0173131286117998,0.0
492,0.6057955494894092,3651238.71108364,1.0173131286117998,0.0
493,0.5902121873660077,4048287.9335693,1.0173131286117998,0.0
494,0.575536546899705,3726341.2090149005,1.0173131286117998,0.0
495,0.6017188257104059,4005712.0395281385,1.0173131286117998,0.0
496,0.649288679551443,3616749.401560995,1.0173131286117998,0.0
497,0.6841960131361148,3922130.404660335,1.0173131286117998,0.0
498,0.6215402715187798,3547391.050499491,1.0173131286117998,0.0
499,0.7559545303457068,4673281.6602134025,1.0173131286117998,0.0
500,0.6659344104596129,4483760.480521248,1.0173131286117998,0.0
501,0.5719245931009462,3584447.8608766827,1.0173131286117998,0.0
502,0.5975294510448158,3951373.019666196,1.0173131286117998,0.0
503,0.7494623959255229,4275123.029764174,1.0173131286117998,0.0
504,0.5858068940703244,3608906.8405289934,1.0173131286117998,0.0
505,0.6807594953025621,4249685.483475745,1.0173131286117998,0.0
506,0.7574692939904374,4913396.211317226,1.0173131286117998,0.0
507,0.6228756174179007,3864543.783798771,1.0173131286117998,0.0
508,0.7292458880046141,3928371.7044356083,1.0173131286117998,0.0
509,0.5705332109472117,3496396.8653403088,1.0173131286117998,0.0
510,0.7240334675476514,4158816.2721375097,1.0173131286117998,0.0
511,0.4565839977870254,2824482.7678879984,1.0173131286117998,0.0
512,0.5289079444204415,3965768.2904867157,1.0173131286117998,0.0
513,0.6030089200121519,3721661.722028833,1.0173131286117998,0.0
514,0.6207146649622995,3677318.406997478,1.0173131286117998,0.0
515,0.6225941080366076,3707433.4931243253,1.0173131286117998,0.0
516,0.5968949742668023,3478874.070845305,1.0173131286117998,0.0
517,0.7058170298231504,4020317.532070523,1.0173131286117998,0.0
518,0.6188887831190988,3862411.416466689,1.0173131286117998,0.0
519,0.5337450610184846,3384473.178937429,1.0173131286117998,0.0
520,0.5399207747509785,3441839.569979967,1.0173131286117998,0.0
521,0.7316782725079445,4394976.31738735,1.0173131286117998,0.0
522,0.6710346824132913,3807781.8807228645,1.0173131286117998,0.0
523,0.7341746339271322,4216368.597977823,1.0173131286117998,0.0
524,0.6474444662998597,3740131.4302636287,1.0173131286117998,0.0
525,0.7039662036268716,3933003.3424261045,1.0173131286117998,0.0
526,0.5948265022444092,3224261.8363547223,1.0173131286117998,0.0
527,0.6142482304329575,3446163.2607736643,1.0173131286117998,0.0
528,0.7296708048930345,4652809.000833594,1.0173131286117998,0.0
529,0.5385629689004447,3035876.494301109,1.0173131286117998,0.0
530,0.6002181985686688,3971735.0860251226,1.0173131286117998,0.0
531,0.5359058833939796,3301539.5423031533,1.0173131286117998,0.0
532,0.5765375207830499,3422048.119797803,1.0173131286117998,0.0
533,0.7215334544684522,3918898.627133817,1.0173131286117998,0.0
534,0.5757326246212067,3634757.3090651785,1.0173131286117998,0.0
535,0.7522061443661769,4092485.8762758947,1.0173131286117998,0.0
536,0.5959179159644516,3621194.865204871,1.0173131286117998,0.0
537,0.6052233590773558,3654856.5083422964,1.0173131286117998,0.0
538,0.6033738917733374,3764734.8174272864,1.0173131286117998,0.0
539,0.6173644076080714,3474597.2961111423,1.0173131286117998,0.0
540,0.7328710417658421,4289240.125236901,1.0173131286117998,0.0
541,0.7836897621811525,4599869.658456112,1.0173131286117998,0.0
542,0.5875114239229423,4019738.06258025,1.0173131286117998,0.0
543,0.6822292036255706,4353731.425353894,1.0173131286117998,0.0
544,0.5634594484500501,3889279.337665557,1.0173131286117998,0.0
545,0.8029121369732554,4274639.265574504,1.0173131286117998,0.0
546,0.5756507443316485,4011957.3030236643,1.0173131286117998,0.0
547,0.6418678366710626,3996597.6028526486,1.0173131286117998,0.0
548,0.6275835250661759,3977475.123600483,1.0173131286117998,0.0
549,0.5830963998800496,3657356.0222086683,1.0173131286117998,0.0
550,0.5759923325089871,3504424.7416627775,1.0173131286117998,0.0
551,0.65708181819562,3962637.3944924106,1.0173131286117998,0.0
552,0.7141950846714261,3863291.8607436386,1.0173131286117998,0.0
553,0.6448448045584967,3970454.8989620865,1.0173131286117998,0.0
554,0.49246848212699107,3208676.2245923006,1.0173131286117998,0.0
555,0.714178857025111,4289963.894215817,1.0173131286117998,0.0
556,0.6027510748710699,3609643.5925742122,1.0173131286117998,0.0
557,0.5835605971032831,3413469.008616529,1.0173131286117998,0.0
558,0.6080647098635995,4108569.730658994,1.0173131286117998,0.0
559,0.7499422697608653,4082392.1281325947,1.0173131286117998,0.0
560,0.6333740916151139,3898533.245190258,1.0173131286117998,0.0
561,0.7343038352811763,4092167.541050872,1.0173131286117998,0.0
562,0.6801933165804954,4058755.350082909,1.0173131286117998,0.0
563,0.7591764398233974,4294277.112572269,1.0173131286117998,0.0
564,0.6321167107126142,3724464.7433379586,1.0173131286117998,0.0
565,0.6958654965538329,4010713.4388402947,1.0173131286117998,0.0
566,0.7060952131169062,4117630.0954516693,1.0173131286117998,0.0
567,0.5668917241417238,3530212.0010524644,1.0173131286117998,0.0
568,0.7708652844511548,4456812.087123136,1.0173131286117998,0.0
569,0.570654462315818,3489120.6763278334,1.0173131286117998,0.0
570,0.6223153854183884,3553345.3460915023,1.0173131286117998,0.0
571,0.6856731011964083,3943061.5561060193,1.0173131286117998,0.0
572,0.5512212157872018,3055194.7069313377,1.0173131286117998,0.0
573,0.5870027051232064,3566008.9837574516,1.0173131286117998,0.0
574,0.711395783938374,4324026.440572162,1.0173131286117998,0.0
575,0.6950265983151414,4443204.168553669,1.0173131286117998,0.0
576,0.6770099637803522,4042373.2626358587,1.0173131286117998,0.0
577,0.7340165322632867,4356021.973731091,1.0173131286117998,0.0
578,0.6767676742686981,3734821.4759793137,1.0173131286117998,0.0
579,0.6977763117834249,3923098.4023860707,1.0173131286117998,0.0
580,0.5844656222792999,3696466.1381414263,1.0173131286117998,0.0
581,0.6431223626069194,4131698.407381413,1.0173131286117998,0.0
582,0.6402367357223785,3789755.763275957,1.0173131286117998,0.0
583,0.5286359511828086,3296764.820082024,1.0173131286117998,0.0
584,0.7850639487536732,4736786.601954812,1.0173131286117998,0.0
585,0.6675308799117995,3807497.5282214936,1.0173131286117998,0.0
586,0.547855174436221,3271845.7883941,1.0173131286117998,0.0
587,0.7772516670919358,4210571.716909899,1.0173131286117998,0.0
588,0.6232989241854174,4173153.4337105397,1.0173131286117998,0.0
589,0.5028514280411113,3111195.5973173426,1.0173131286117998,0.0
590,0.6266464333465567,3820132.373801775,1.0173131286117998,0.0
591,0.4802494852453478,2990542.9682766665,1.0173131286117998,0.0
592,0.6584458774288312,4302121.951496678,1.0173131286117998,0.0
593,0.6334678258389164,3808293.705755407,1.0173131286117998,0.0
594,0.5912900101393179,3774788.1613464793,1.0173131286117998,0.0
595,0.6496674942914589,4108244.4909596853,1.0173131286117998,0.0
596,0.5651029841549291,3441177.818809188,1.0173131286117998,0.0
597,0.6406958565345202,3567710.3077161023,1.0173131286117998,0.0
598,0.7152644796859652,4398802.249801905,1.0173131286117998,0.0
599,0.6419760866950911,3935917.260310176,1.0173131286117998,0.0
600,0.6654316598909678,4102671.9602800915,1.0173131286117998,0.0
601,0.5736714372353418,3890443.5822633337,1.0173131286117998,0.0
602,0.6156449174803551,3618113.653510205,1.0173131286117998,0.0
603,0.7041319118624816,4044876.9376696586,1.0173131286117998,0.0
604,0.580977644474649,3716969.8284304934,1.0173131286117998,0.0
605,0.58958101467248,4058202.0867615775,1.0173131286117998,0.0
606,0.6580991093763897,3844389.3467335217,1.0173131286117998,0.0
607,0.7911437865004265,4546857.935772955,1.0173131286117998,0.0
608,0.6997600914520996,4200476.2907056715,1.0173131286117998,0.0
609,0.8042788136836324,4489149.195335185,1.0173131286117998,0.0
610,0.587836192106228,3378764.2187628723,1.0173131286117998,0.0
611,0.6958070537165162,4026319.22673245,1.0173131286117998,0.0
612,0.7193241109483709,4148159.0043365457,1.0173131286117998,0.0
613,0.5755888781855065,3605881.966041805,1.0173131286117998,0.0
614,0.6644836007524332,4210858.575403522,1.0173131286117998,0.0
615,0.612125550177883,3991044.0439291596,1.0173131286117998,0.0
616,0.8568480977645695,4777454.723275071,1.0173131286117998,0.0
617,0.6006400678907184,3526578.0599938384,1.0173131286117998,0.0
618,0.7292816156987213,4556552.418925819,1.0173131286117998,0.0
619,0.6205179312438079,3509417.4056062093,1.0173131286117998,0.0
620,0.817805436533404,4834591.718011985,1.0173131286117998,0.0
621,0.7277493004578964,4306529.049345756,1.0173131286117998,0.0
622,0.6871857899534379,4036019.3985644593,1.0173131286117998,0.0
623,0.6159573652825793,3359296.359013315,1.0173131286117998,0.0
624,0.7106727836303415,4045897.9310894664,1.0173131286117998,0.0
625,0.6412246729145,3742569.8932673964,1.0173131286117998,0.0
626,0.6179818807859982,3907066.517063033,1.0173131286117998,0.0
627,0.7538198714782218,4345079.637661898,1.0173131286117998,0.0
628,0.782709884045173,4177122.924197342,1.0173131286117998,0.0
629,0.6022896187894623,4173593.1082635163,1.0173131286117998,0.0
630,0.736126623865956,4294333.029969507,1.0173131286117998,0.0
631,0.7433183683077478,4195921.062969019,1.0173131286117998,0.0
632,0.6639005282745246,4127457.9998396183,1.0173131286117998,0.0
633,0.7391055845268476,4316450.249199373,1.0173131286117998,0.0
634,0.7191443625437434,4318994.268935511,1.0173131286117998,0.0
635,0.7229320858602641,4274159.267226118,1.0173131286117998,0.0
636,0.799921451903357,4616998.355704452,1.0173131286117998,0.0
637,0.6221230181486408,4013155.316845376,1.0173131286117998,0.0
638,0.6715191101404212,4624369.533635486,1.0173131286117998,0.0
639,0.5615009953982247,3313471.565019715,1.0173131286117998,0.0
640,0.7412363810392965,4431444.777279416,1.0173131286117998,0.0
641,0.6215194430835336,4022868.824251098,1.0173131286117998,0.0
642,0.4932137447407194,3443045.1738645504,1.0173131286117998,0.0
643,0.697432514191171,3984239.012688442,1.0173131286117998,0.0
644,0.46945820071985406,3257192.461963482,1.0173131286117998,0.0
645,0.8312643253018047,4413661.404216055,1.0173131286117998,0.0
646,0.7446467472708036,4260414.292169986,1.0173131286117998,0.0
647,0.7390377123700083,3796511.228461017,1.0173131286117998,0.0
648,0.6400667901133328,3805137.386587504,1.0173131286117998,0.0
649,0.5295533500452028,3469914.659921437,1.0173131286117998,0.0
650,0.7767574176010459,4135218.877496696,1.0173131286117998,0.0
651,0.669842965064688,3854366.1691510812,1.0173131286117998,0.0
652,0.5239378110469954,3556565.814096473,1.0173131286117998,0.0
653,0.6473526350254576,4052501.3190616583,1.0173131286117998,0.0
654,0.6250636903528818,3744616.0456110933,1.0173131286117998,0.0
655,0.692960770475137,3840633.293106404,1.0173131286117998,0.0
656,0.5650739301970511,3682160.683330972,1.0173131286117998,0.0
657,0.601889328310331,3228513.8658710034,1.0173131286117998,0.0
658,0.6794568021922028,3992434.83751724,1.0173131286117998,0.0
659,0.488138038494488,3285223.9546965356,1.0173131286117998,0.0
660,0.7147508601248547,3921958.8108983445,1.0173131286117998,0.0
661,0.6345689065566688,3847658.9239662387,1.0173131286117998,0.0
662,0.8065039445790548,4604734.275259726,1.0173131286117998,0.0
663,0.6772491532980718,4178960.644242336,1.0173131286117998,0.0
664,0.6183929907615496,3735116.461091376,1.0173131286117998,0.0
665,0.7359940885284965,4235900.120018864,1.0173131286117998,0.0
666,0.5155515580711038,3522150.9962635273,1.0173131286117998,0.0
667,0.6325767799414337,3779402.5923525365,1.0173131286117998,0.0
668,0.7080072017719199,3802687.8807747755,1.0173131286117998,0.0
669,0.6624627808414096,4059187.0514656855,1.0173131286117998,0.0
670,0.5369128419702249,3352255.973933706,1.0173131286117998,0.0
671,0.7034280732499741,4348349.148437632,1.0173131286117998,0.0
672,0.7594754584210028,4309343.404372034,1.0173131286117998,0.0
673,0.5655939487645636,3369249.4101956203,1.0173131286117998,0.0
674,0.6059954138835962,3776879.8181723114,1.0173131286117998,0.0
675,0.6628407431336122,3945209.1660482124,1.0173131286117998,0.0
676,0.59242842745086,3627888.5495679528,1.0173131286117998,0.0
677,0.5435604888801061,3909724.0049551534,1.0173131286117998,0.0
678,0.6559946082396155,3710854.4877782217,1.0173131286117998,0.0
679,0.5699228313022997,3296203.7522913367,1.0173131286117998,0.0
680,0.8448253799751466,4267560.008477282,1.0173131286117998,0.0
681,0.6497604925298996,3854418.161244406,1.0173131286117998,0.0
682,0.6133852076107628,3665866.6119737485,1.0173131286117998,0.0
683,0.5788610868723884,3612967.657353577,1.0173131286117998,0.0
684,0.7052119549511096,4293796.8181634825,1.0173131286117998,0.0
685,0.6277554323002627,3780483.3372929064,1.0173131286117998,0.0
686,0.8150850895585152,4453961.284777148,1.0173131286117998,0.0
687,0.6043493154977011,3836357.903556534,1.0173131286117998,0.0
688,0.5778756988881711,3625920.0540595693,1.0173131286117998,0.0
689,0.6544614536126974,4134018.292173908,1.0173131286117998,0.0
690,0.7011248091165587,4198864.695709561,1.0173131286117998,0.0
691,0.599082840307913,3637597.923545882,1.0173131286117998,0.0
692,0.9022504782436466,4881337.1382962745,1.0173131286117998,0.0
693,0.6891889094731296,4211717.898620098,1.0173131286117998,0.0
694,0.5735029945982224,3273567.848817217,1.0173131286117998,0.0
695,0.5292043722830118,3676765.4539471534,1.0173131286117998,0.0
696,0.5315418541168875,3425701.5413331375,1.0173131286117998,0.0
697,0.6440537784409777,4125706.863810474,1.0173131286117998,0.0
698,0.6606312735623696,4638795.280597547,1.0173131286117998,0.0
699,0.4753958715593252,3197381.77856033,1.0173131286117998,0.0
700,0.6627041184054934,3984498.828453345,1.0173131286117998,0.0
701,0.5916245832420808,3680304.7003161996,1.0173131286117998,0.0
702,0.6995243072089941,4112807.418361029,1.0173131286117998,0.0
703,0.5927377344448675,3961668.087728886,1.0173131286117998,0.0
704,0.7266429914531967,4157433.4374847,1.0173131286117998,0.0
705,0.6733496870207912,4001184.598695194,1.0173131286117998,0.0
706,0.6311881275108684,4338363.739428729,1.0173131286117998,0.0
707,0.5630916140373052,3684952.347306133,1.0173131286117998,0.0
708,0.6014706847255195,3666304.240458858,1.0173131286117998,0.0
709,0.5088985494760808,3237982.014601816,1.0173131286117998,0.0
710,0.5767502733000284,3423835.717121708,1.0173131286117998,0.0
711,0.60413053487642,3455397.9466744517,1.0173131286117998,0.0
712,0.6539311759402144,4112770.3214845504,1.0173131286117998,0.0
713,0.6032379377301321,3613507.948452019,1.0173131286117998,0.0
714,0.8714475359574346,4794279.544046384,1.0173131286117998,0.0
715,0.5142442646900044,3515082.9420374464,1.0173131286117998,0.0
716,0.7343569837131473,4503263.586289847,1.0173131286117998,0.0
717,0.8276090264100598,4569791.08626223,1.0173131286117998,0.0
718,0.5254884368717339,3225319.0154419253,1.0173131286117998,0.0
719,0.6844660022653515,4425089.630151363,1.0173131286117998,0.0
720,0.5818539010176806,3868993.7189655825,1.0173131286117998,0.0
721,0.5266360438325047,3410836.8193760137,1.0173131286117998,0.0
722,0.5347800730802831,3183043.797335646,1.0173131286117998,0.0
723,0.6999338710254086,4381634.045183863,1.0173131286117998,0.0
724,0.5645581078308671,3666696.5723098214,1.0173131286117998,0.0
725,0.7129702763085131,4118786.657075016,1.0173131286117998,0.0
726,0.6839557074941578,3944444.1226472035,1.0173131286117998,0.0
727,0.7034846145710131,4486598.196301829,1.0173131286117998,0.0
728,0.5570489400334122,3397504.9013672825,1.0173131286117998,0.0
729,0.7708100584137894,4322943.799661097,1.0173131286117998,0.0
730,0.6708012271497807,3805408.44228869,1.0173131286117998,0.0
731,0.7917686045653964,4381575.473071563,1.0173131286117998,0.0
732,0.651888937895583,3914974.9103818163,1.0173131286117998,0.0
733,0.6270258063373338,3958225.1213853518,1.0173131286117998,0.0
734,0.58503346330701,3762295.4615130434,1.0173131286117998,0.0
735,0.666223270814925,3966675.942954967,1.0173131286117998,0.0
736,0.6318144418957227,4191882.6175924577,1.0173131286117998,0.0
737,0.6700771039040042,4030722.978224387,1.0173131286117998,0.0
738,0.7371742733729509,4216812.363755228,1.0173131286117998,0.0
739,0.6726104782063103,3871884.06996146,1.0173131286117998,0.0
740,0.6039747607578205,3417708.0241653034,1.0173131286117998,0.0
741,0.6436244656372282,4312626.427749014,1.0173131286117998,0.0
742,0.6140407600434913,4050945.033961647,1.0173131286117998,0.0
743,0.663582095333533,4097478.0201401357,1.0173131286117998,0.0
744,0.8153924037485626,4791229.499976154,1.0173131286117998,0.0
745,0.6199500482950446,3987849.1203302103,1.0173131286117998,0.0
746,0.6156678416568223,3889956.066463398,1.0173131286117998,0.0
747,0.6642193715328653,4138220.083947176,1.0173131286117998,0.0
748,0.614759495068727,3321510.205893897,1.0173131286117998,0.0
749,0.778598287292937,4285423.525576764,1.0173131286117998,0.0
750,0.6402480432615689,3842397.964897449,1.0173131286117998,0.0
751,0.6096892508240459,3728798.4725975837,1.0173131286117998,0.0
752,0.6504281377082255,4076979.3407538054,1.0173131286117998,0.0
753,0.5783037079367414,3594095.1977414535,1.0173131286117998,0.0
754,0.761549657859463,4477367.349370126,1.0173131286117998,0.0
755,0.698507650747852,3865761.488406897,1.0173131286117998,0.0
756,0.5820862881703727,3715098.5662860326,1.0173131286117998,0.0
757,0.5878388893879903,3607330.543857423,1.0173131286117998,0.0
758,0.7895325720007448,4553790.872415795,1.0173131286117998,0.0
759,0.60142619333529,3726578.75389785,1.0173131286117998,0.0
760,0.7068987080582406,3925645.542463194,1.0173131286117998,0.0
761,0.48536673602335506,3080050.6725952164,1.0173131286117998,0.0
762,0.5620581750579481,3555145.102322877,1.0173131286117998,0.0
763,0.5906115089685176,3850414.588550912,1.0173131286117998,0.0
764,0.9028273020415012,4495877.260531433,1.0173131286117998,0.0
765,0.6363640759967987,3646094.81367063,1.0173131286117998,0.0
766,0.6051037633891744,3666026.270906358,1.0173131286117998,0.0
767,0.5306086316861316,3370935.9995358717,1.0173131286117998,0.0
768,0.5784595042255534,3598615.384151756,1.0173131286117998,0.0
769,0.5543373047141613,3627488.760251523,1.0173131286117998,0.0
770,0.6591189319038021,3912074.7583550974,1.0173131286117998,0.0
771,0.7639256791284531,4429052.631556255,1.0173131286117998,0.0
772,0.621228622031324,3885361.577762735,1.0173131286117998,0.0
773,0.7076268081511861,3990638.6056888215,1.0173131286117998,0.0
774,0.6470252451453222,3600622.7924245885,1.0173131286117998,0.0
775,0.6865803495149798,3806746.20539818,1.0173131286117998,0.0
776,0.8034293815615375,4482756.437590957,1.0173131286117998,0.0
777,0.7443881681905999,4679640.0153563,1.0173131286117998,0.0
778,0.6901900994844652,4431251.938595834,1.0173131286117998,0.0
779,0.7755628237179653,4504383.967646256,1.0173131286117998,0.0
780,0.6113547058215428,3723379.4800512698,1.0173131286117998,0.0
781,0.798558118324267,3968003.6340400996,1.0173131286117998,0.0
782,0.6374450242881915,4135371.1543004494,1.0173131286117998,0.0
783,0.5410206298342084,3419255.1245343084,1.0173131286117998,0.0
784,0.5798898522295157,3866261.0786997876,1.0173131286117998,0.0
785,0.7174782638313402,4286688.0117136035,1.0173131286117998,0.0
786,0.50436079685059,3173926.0924860407,1.0173131286117998,0.0
787,0.5818002220649136,3375552.6499106013,1.0173131286117998,0.0
788,0.6860760907442942,3970612.963311547,1.0173131286117998,0.0
789,0.5725014473071829,3451548.9327646447,1.0173131286117998,0.0
790,0.9495068749754743,5229997.564684232,1.0173131286117998,0.0
791,0.572065221211313,3428395.8019488864,1.0173131286117998,0.0
792,0.7046178151763228,4478950.978678625,1.0173131286117998,0.0
793,0.7341516889408215,4648914.828082554,1.0173131286117998,0.0
794,0.604084048368636,3977000.886584826,1.0173131286117998,0.0
795,0.551026116078549,4186081.747713607,1.0173131286117998,0.0
796,0.5802643156165279,3656796.5456206882,1.0173131286117998,0.0
797,0.7141426317810209,3831816.0381637528,1.0173131286117998,0.0
798,0.6339172093090261,3568896.40182597,1.0173131286117998,0.0
799,0.5492491254623365,3412909.9353917213,1.0173131286117998,0.0
800,0.7355873164376121,4058399.0620157686,1.0173131286117998,0.0
801,0.6896939313515854,4110632.1884349934,1.0173131286117998,0.0
802,0.6840052596437721,4083623.7586164055,1.0173131286117998,0.0
803,0.6759914989456396,3969111.719605279,1.0173131286117998,0.0
804,0.6443828514349288,3895147.339365941,1.0173131286117998,0.0
805,0.7269574163880942,4276995.489338271,1.0173131286117998,0.0
806,0.45136850901009695,2885669.223127095,1.0173131286117998,0.0
807,0.6301566711265231,3612518.877767592,1.0173131286117998,0.0
808,0.6987466289233594,4360215.363230841,1.0173131286117998,0.0
809,0.6081912651512666,3698335.0096824327,1.0173131286117998,0.0
810,0.8189646438498721,4684170.818864656,1.0173131286117998,0.0
811,0.5509147569587537,3277469.989085467,1.0173131286117998,0.0
812,0.7074230255430832,4227527.043721303,1.0173131286117998,0.0
813,0.5404807844685731,3595404.200269682,1.0173131286117998,0.0
814,0.5811579254397397,3701646.3512379173,1.0173131286117998,0.0
815,0.5828775796679269,3478789.569220257,1.0173131286117998,0.0
816,0.5883079946488954,3703972.4416755172,1.0173131286117998,0.0
817,0.604655099138025,3492678.871305292,1.0173131286117998,0.0
818,0.7973485608819184,4602286.642550217,1.0173131286117998,0.0
819,0.6265386127405339,3799173.219623764,1.0173131286117998,0.0
820,0.5683957955279644,3567800.274891145,1.0173131286117998,0.0
821,0.7607203650790783,4483884.115479546,1.0173131286117998,0.0
822,0.7008752790684566,4533560.183107069,1.0173131286117998,0.0
823,0.7615788557698122,5113172.0849621,1.0173131286117998,0.0
824,0.8031521066205601,4686700.237927829,1.0173131286117998,0.0
825,0.6313721297500333,3927571.182795254,1.0173131286117998,0.0
826,0.5283219037946808,3269125.067734119,1.0173131286117998,0.0
827,0.8025930663750372,4153578.124992967,1.0173131286117998,0.0
828,0.6553144673684281,4173322.6949536963,1.0173131286117998,0.0
829,0.7144322472695706,4265137.476715779,1.0173131286117998,0.0
830,0.7522182665760745,4491301.378215086,1.0173131286117998,0.0
831,0.5406270371172006,3215451.787125187,1.0173131286117998,0.0
832,0.7392051964071271,4380562.681462051,1.0173131286117998,0.0
833,0.6022167940103812,3898808.0646642996,1.0173131286117998,0.0
834,0.7549717258022988,4014584.2282017064,1.0173131286117998,0.0
835,0.5709522004461274,3611702.339727744,1.0173131286117998,0.0
836,0.6464603106384066,3996097.2304880708,1.0173131286117998,0.0
837,0.6010506168042772,3964213.0251631704,1.0173131286117998,0.0
838,0.7521531792436812,4234791.247231634,1.0173131286117998,0.0
839,0.5533742892682648,4062641.572973011,1.0173131286117998,0.0
840,0.700939797260561,4292849.153630948,1.0173131286117998,0.0
841,0.6614407544568234,4305068.136955544,1.0173131286117998,0.0
842,0.6866391005403848,3878621.5629809853,1.0173131286117998,0.0
843,0.72652956187355,4279356.6135974135,1.0173131286117998,0.0
844,0.656074275453658,3966857.2492147055,1.0173131286117998,0.0
845,0.6401575151317633,4248587.811500172,1.0173131286117998,0.0
846,0.7056573934746067,4238081.478266399,1.0173131286117998,0.0
847,0.728969837811747,4201881.347687546,1.0173131286117998,0.0
848,0.5755747397147316,3735523.1327006435,1.0173131286117998,0.0
849,0.5472468443152418,3588235.095315225,1.0173131286117998,0.0
850,0.6862879443681635,3800623.135747819,1.0173131286117998,0.0
851,0.6078706198161675,3725589.8735537254,1.0173131286117998,0.0
852,0.6694808005136959,4044630.836942567,1.0173131286117998,0.0
853,0.6799193831781939,4056183.1547907926,1.0173131286117998,0.0
854,0.6904866038828988,4172874.5144799943,1.0173131286117998,0.0
855,0.5476461976099793,3732950.161514722,1.0173131286117998,0.0
856,0.5629844443116268,3466843.158313452,1.0173131286117998,0.0
857,0.4837658575770907,2811517.189259897,1.0173131286117998,0.0
858,0.6640907498804297,4250931.352941817,1.0173131286117998,0.0
859,0.7285845176268745,4315977.686032697,1.0173131286117998,0.0
860,0.6111686178637786,3672944.6556708645,1.0173131286117998,0.0
861,0.6718439674317125,4145513.4717797115,1.0173131286117998,0.0
862,0.8359122053058398,4704350.328279198,1.0173131286117998,0.0
863,0.6534215772175133,3906581.99508191,1.0173131286117998,0.0
864,0.519446159372166,3229705.393837781,1.0173131286117998,0.0
865,0.6675846871262956,4160471.048622597,1.0173131286117998,0.0
866,0.6736441361167724,4053636.072971393,1.0173131286117998,0.0
867,0.717158641727136,4360229.2234755885,1.0173131286117998,0.0
868,0.6295707383855278,3954217.2736696815,1.0173131286117998,0.0
869,0.6116242497841418,3868073.0584942116,1.0173131286117998,0.0
870,0.621263805720149,4066480.125031197,1.0173131286117998,0.0
871,0.7354972666161321,4117309.635060102,1.0173131286117998,0.0
872,0.6061766998858931,3684785.717065579,1.0173131286117998,0.0
873,0.6473877127951302,3798618.190284207,1.0173131286117998,0.0
874,0.5665958335533741,3896781.032620338,1.0173131286117998,0.0
875,0.5805526783930218,3576976.012217574,1.0173131286117998,0.0
876,0.8984671633129824,4843515.889644425,1.0173131286117998,0.0
877,0.716575108589911,4030572.4330925015,1.0173131286117998,0.0
878,0.5698385779291834,3767682.858496877,1.0173131286117998,0.0
879,0.6355762013792454,3826095.4562632497,1.0173131286117998,0.0
880,0.6724000100042102,4123823.3782953946,1.0173131286117998,0.0
881,0.5959719000938839,3780270.9108263906,1.0173131286117998,0.0
882,0.5159634934431255,3279941.1336299367,1.0173131286117998,0.0
883,0.619563291328432,3647686.3236187203,1.0173131286117998,0.0
884,0.6343938781723901,4203404.359654264,1.0173131286117998,0.0
885,0.7612859683824468,4257177.39717135,1.0173131286117998,0.0
886,0.7133730083751224,4441585.59496997,1.0173131286117998,0.0
887,0.6217762594667207,3707119.662464493,1.0173131286117998,0.0
888,0.7435793386757178,4293332.540493663,1.0173131286117998,0.0
889,0.6953027890436776,4233006.473023496,1.0173131286117998,0.0
890,0.5735904363782165,3645477.473412407,1.0173131286117998,0.0
891,0.6499947005896117,3802299.6744175907,1.0173131286117998,0.0
892,0.6175122390886281,3559133.7231533825,1.0173131286117998,0.0
893,0.6744947013502507,4184997.422293362,1.0173131286117998,0.0
894,0.7561732976821314,4599499.732621684,1.0173131286117998,0.0
895,0.7000021407345721,3716911.1791263507,1.0173131286117998,0.0
896,0.6656315924831282,4453360.86187713,1.0173131286117998,0.0
897,0.7419222885908279,4120924.1364930007,1.0173131286117998,0.0
898,0.48897865835413495,3062401.2690380206,1.0173131286117998,0.0
899,0.6772616844257249,3836694.347426666,1.0173131286117998,0.0
900,0.6655916523975631,3956544.9252552064,1.0173131286117998,0.0
901,0.6178386308246356,4098113.4844501913,1.0173131286117998,0.0
902,0.820730966380329,4582933.930735577,1.0173131286117998,0.0
903,0.3791606976731931,2496066.385750785,1.0173131286117998,0.0
904,0.689365051112013,3764079.084400001,1.0173131286117998,0.0
905,0.6510136471552445,3993585.0231354316,1.0173131286117998,0.0
906,0.6778981457390758,3822758.952391023,1.0173131286117998,0.0
907,0.765050799452777,4450786.733100202,1.0173131286117998,0.0
908,0.7307470903933925,4207587.399376992,1.0173131286117998,0.0
909,0.6606508448896726,3803637.2817953946,1.0173131286117998,0.0
910,0.6631212206915394,3596445.795062335,1.0173131286117998,0.0
911,0.8881099021858514,4963997.425996559,1.0173131286117998,0.0
912,0.8183218918932939,4311614.622932159,1.0173131286117998,0.0
913,0.6303196763926676,3684652.699289684,1.0173131286117998,0.0
914,0.702751813498861,4366751.597835158,1.0173131286117998,0.0
915,0.6798889899079555,4084705.8457780825,1.0173131286117998,0.0
916,0.675098070214518,3926144.719050846,1.0173131286117998,0.0
917,0.6988361873447726,3973273.3347293255,1.0173131286117998,0.0
918,0.5274535891282132,3682295.9860051554,1.0173131286117998,0.0
919,0.5992329314191426,3860366.1396290073,1.0173131286117998,0.0
920,0.48562254862962795,3100885.613248177,1.0173131286117998,0.0
921,0.795604821424156,4581906.034100088,1.0173131286117998,0.0
922,0.6872857093168989,4109945.124048367,1.0173131286117998,0.0
923,0.6533741924963341,3733411.2308290876,1.0173131286117998,0.0
924,0.6490446641879919,3902635.896937103,1.0173131286117998,0.0
925,0.6317812624662588,3928293.5000895937,1.0173131286117998,0.0
926,0.5564254024062582,3645455.8680675207,1.0173131286117998,0.0
927,0.5697469920973947,3617135.5033819606,1.0173131286117998,0.0
928,0.7141292007105391,4035685.4612561446,1.0173131286117998,0.0
929,0.627473736750167,3928112.4462621193,1.0173131286117998,0.0
930,0.55464872482535,3297881.7587482473,1.0173131286117998,0.0
931,0.7772765788216157,4003339.7129057166,1.0173131286117998,0.0
932,0.7116846681100258,4103192.6729184696,1.0173131286117998,0.0
933,0.5560812042872432,3605396.6009708033,1.0173131286117998,0.0
934,0.7999250769571475,4843641.223042665,1.0173131286117998,0.0
935,0.7077400372237371,4300180.6557294205,1.0173131286117998,0.0
936,0.5385653025219111,3489795.099534069,1.0173131286117998,0.0
937,0.5653338184681136,3713702.312490395,1.0173131286117998,0.0
938,0.5697927634613091,3321897.803924782,1.0173131286117998,0.0
939,0.5903133785558319,3822759.1030778685,1.0173131286117998,0.0
940,0.5515763769388514,3205388.177469359,1.0173131286117998,0.0
941,0.5884680161710973,3653236.7190404865,1.0173131286117998,0.0
942,0.5775873814184076,3640026.4270839365,1.0173131286117998,0.0
943,0.6852006126632739,3996882.5455333013,1.0173131286117998,0.0
944,0.6178967267150286,4182692.468245236,1.0173131286117998,0.0
945,0.5479963589718957,3462309.8922069124,1.0173131286117998,0.0
946,0.596967250878645,3748216.2368022148,1.0173131286117998,0.0
947,0.6086135863132623,3692104.5239616022,1.0173131286117998,0.0
948,0.6749887947981184,4542582.47958165,1.0173131286117998,0.0
949,0.6115971655515772,3823851.9990771613,1.0173131286117998,0.0
950,0.6311878314901641,3549990.995885797,1.0173131286117998,0.0
951,0.6155748952540715,3988994.8624973455,1.0173131286117998,0.0
952,0.6448156612419162,3863927.40391608,1.0173131286117998,0.0
953,0.5113587549263656,3268798.3366616946,1.0173131286117998,0.0
954,0.6341090573736413,3885162.132056967,1.0173131286117998,0.0
955,0.6405289663970228,3654022.105368226,1.0173131286117998,0.0
956,0.5892306175376337,4073880.139551274,1.0173131286117998,0.0
957,0.6396385776203545,3917007.6621007374,1.0173131286117998,0.0
958,0.6003683213687445,3408036.073988415,1.0173131286117998,0.0
959,0.46829886356291445,3133010.611538263,1.0173131286117998,0.0
960,0.5912246533824104,3336212.804608756,1.0173131286117998,0.0
961,0.3822462516135057,2669009.123630607,1.0173131286117998,0.0
962,0.6967449137983796,4238907.2614881,1.0173131286117998,0.0
963,0.7929200107490689,4428078.479473702,1.0173131286117998,0.0
964,0.6477400398142651,4111428.9916651454,1.0173131286117998,0.0
965,0.6362266839748141,3994634.3707154016,1.0173131286117998,0.0
966,0.5882354241666374,3935960.3806411377,1.0173131286117998,0.0
967,0.6710525086334074,3923020.9264511373,1.0173131286117998,0.0
968,0.5819541257345621,3775239.220242223,1.0173131286117998,0.0
969,0.6884020096048576,3863923.6951344637,1.0173131286117998,0.0
970,0.6712944481390478,4456778.986918142,1.0173131286117998,0.0
971,0.5910128803433293,3687670.733582066,1.0173131286117998,0.0
972,0.6059468774010901,3417547.674526217,1.0173131286117998,0.0
973,0.5781481894722552,3711126.9658221267,1.0173131286117998,0.0
974,0.7166450812495815,4626787.212368953,1.0173131286117998,0.0
975,0.6977238454316292,4424020.912237511,1.0173131286117998,0.0
976,0.6254804705708598,3664575.8716461034,1.0173131286117998,0.0
977,0.7441582830909786,4600933.531779586,1.0173131286117998,0.0
978,0.6240756430984555,3465970.9706248417,1.0173131286117998,0.0
979,0.6208188730515672,3990362.484435679,1.0173131286117998,0.0
980,0.7856379901336756,4519291.701692172,1.0173131286117998,0.0
981,0.6466732093033808,3908219.7008139105,1.0173131286117998,0.0
982,0.7184901339855823,4194877.686420266,1.0173131286117998,0.0
983,0.7669327259975043,4485075.912636635,1.0173131286117998,0.0
984,0.668513943753136,4462972.110031994,1.0173131286117998,0.0
985,0.5928625973647723,3668921.8141099242,1.0173131286117998,0.0
986,0.7490227391435171,4707801.8010801105,1.0173131286117998,0.0
987,0.5510991963791628,3470619.3179671033,1.0173131286117998,0.0
988,0.6298538885004179,3811390.0621913834,1.0173131286117998,0.0
989,0.5487103531907775,3211452.2217636253,1.0173131286117998,0.0
990,0.5818184839059528,3681586.0301496903,1.0173131286117998,0.0
991,0.6029534699100213,3544246.6458954485,1.0173131286117998,0.0
992,0.5948633857832537,3667860.1511243316,1.0173131286117998,0.0
993,0.865579348976579,4463033.460149746,1.0173131286117998,0.0
994,0.7114773336686528,3982816.019921319,1.0173131286117998,0.0
995,0.6922022501223382,4801862.015101105,1.0173131286117998,0.0
996,0.6583144513848229,4446950.548540244,1.0173131286117998,0.0
997,0.5663487296403871,3569016.5024927477,1.0173131286117998,0.0
998,0.7487277200306803,4284337.126771716,1.0173131286117998,0.0
999,0.6832615443654305,4105111.946624967,1.0173131286117998,0.0
