month,ticker,size,price,market_value
2010-12-31,AMD,13717,8.18,112205.06
2010-12-31,BKNG,6462,15.6898432456,101387.7670530672
2010-12-31,CMG,19343,4.2532,82269.6476
2010-12-31,CMI,1497,75.6407810622,113234.24925011341
2010-12-31,DECK,7802,13.29,103688.57999999999
2010-12-31,FFIV,758,130.16,98661.28
2010-12-31,NFLX,33997,2.50999749,85332.38466753
2010-12-31,UAL,3612,23.82,86037.84
2010-12-31,VRSN,3474,29.8146526129,103576.10317721461
2011-01-31,CMG,19343,4.3784,84691.3912
2011-01-31,CMI,1497,72.8010717104,108983.20435046879
2011-01-31,DECK,7802,12.2316666667,95431.4633335934
2011-01-31,FFIV,758,108.38,82152.04
2011-01-31,IT,3012,35.42,106685.04000000001
2011-01-31,NFLX,33997,3.058282656,103972.43545603199
2011-01-31,VRSN,3474,30.7090009313,106683.0692353362
2011-02-28,AAPL,9845,10.5731619473,104092.7793711685
2011-02-28,AMD,12771,9.21,117620.91000000002
2011-02-28,CMI,1497,69.6926259353,104329.8610251441
2011-02-28,DECK,7802,14.7033333333,114715.4066664066
2011-02-28,RCL,2719,35.8648379214,97516.49430828661
2011-02-28,SWKS,4017,28.1584058625,113112.3163496625
2011-02-28,VRSN,3474,32.205665464,111882.481821936
2011-03-31,CMG,20408,5.4474,111170.5392
2011-03-31,CMI,1497,75.5508866201,113099.6772702897
2011-03-31,DE,1482,72.7784996711,107857.73651257019
2011-03-31,DECK,7802,14.3583333333,112023.71666640659
2011-03-31,NFLX,33870,3.396853746,115051.43637702
2011-03-31,SWKS,4017,25.3848733986,101971.0364421762
2011-03-31,TER,5835,16.3829610713,95594.57785103549
2011-03-31,VRSN,3474,33.0452577629,114799.2254683146
2011-03-31,WY,7091,14.2110979885,100770.8958364535
2011-04-30,CMG,20408,5.3358,108893.0064
2011-04-30,IT,2399,42.91,102941.09
2011-04-30,MO,9662,10.6709461798,103102.6819892276
2011-04-30,NDSN,2040,48.5381040069,99017.732174076
2011-04-30,NFLX,33870,3.323853819,112578.92884953
2011-04-30,TER,5835,14.8099760387,86416.2101858145
2011-04-30,TPL,22739,4.677264442,106356.31614663801
2011-04-30,VRSN,3474,33.747960013,117240.41308516198
2011-04-30,YUM,3647,28.7669097623,104912.9199031081
2011-05-31,BIIB,1024,94.73,97003.52
2011-05-31,CMG,20408,5.7814,117986.8112
2011-05-31,IT,2399,39.03,93632.97
2011-05-31,MO,9662,11.155989188,107789.16753445599
2011-05-31,NDSN,2040,44.4130314351,90602.584127604
2011-05-31,NFLX,33870,3.86856756,131028.3832572
2011-05-31,TER,5835,14.7271873527,85933.13820300449
2011-05-31,TPL,22739,4.5807650914,104162.0174133446
2011-05-31,VRSN,3474,34.496445082,119840.650214868
2011-06-30,BIIB,1024,106.92,109486.08
2011-06-30,BKNG,4942,20.1028693598,99348.3803761316
2011-06-30,MO,9662,10.6481501358,102882.4266120996
2011-06-30,NFLX,33870,3.752710533,127104.30575271
2011-06-30,ROST,5907,16.5934650512,98017.5980574384
2011-06-30,TPL,22739,4.4517710615,101228.8221674485
2011-06-30,VRSN,3474,32.9597673456,114502.2317586144
2011-06-30,YUM,3370,29.6249831333,99836.193159221
2011-07-31,BIIB,1024,101.87,104314.88
2011-07-31,BKNG,4942,21.1128625228,104339.7665876776
2011-07-31,CF,5048,21.718426602,109634.61748689601
2011-07-31,DPZ,4994,21.3167925556,106456.0620226664
2011-07-31,MO,9662,10.603799643,102453.912150666
2011-07-31,NFLX,33870,3.799853343,128701.03272741
2011-07-31,TPR,2337,43.2056466279,100971.5961694023
2011-07-31,TSCO,18289,5.3890774466,98560.8374208674
2011-07-31,VRSN,3474,30.7434052258,106802.5897544292
2011-07-31,YUM,3370,28.4545632588,95891.878182156
2011-08-31,BKNG,4942,21.0975476964,104264.0807156088
2011-08-31,CF,5048,25.6162236064,129310.69676510719
2011-08-31,FCX,2483,35.8232228345,88949.06229806351
2011-08-31,NFLX,33870,3.357282357,113711.15343158999
2011-08-31,TPR,2337,37.6242480394,87927.8676680778
2011-08-31,TSCO,18289,5.0275013984,91947.9730753376
2011-08-31,VRSN,3474,30.684302236,106597.265967864
2011-09-30,AAPL,8680,11.4146205197,99078.906110996
2011-09-30,CF,5048,17.2956817007,87308.6012251336
2011-09-30,DECK,6744,15.5266666667,104711.84000022481
2011-09-30,DLTR,2799,37.57,105158.43000000001
2011-09-30,IBM,1039,97.9015287775,101719.68839982251
2011-09-30,LULU,1827,48.69,88956.62999999999
2011-09-30,NFLX,33870,1.618141239,54806.44376493
2011-09-30,VRSN,3474,28.1822756652,97905.22566090479
2011-10-31,AAPL,8680,12.1168837039,105174.55054985199
2011-10-31,BKNG,5665,19.9375477728,112946.208132912
2011-10-31,CF,5048,22.7455245122,114819.4077375856
2011-10-31,DECK,6744,19.2066666667,129529.7600002248
2011-10-31,LULU,1827,56.48,103188.95999999999
2011-10-31,MNST,13747,7.4241592425,102059.9171066475
2011-10-31,RL,989,123.6870251254,122326.4678490206
2011-10-31,WYNN,1257,92.1166887281,115790.6777312217
2011-11-30,DECK,6744,18.1575,122454.18
2011-11-30,F,16254,5.5831524917,90748.5606000918
2011-11-30,IT,2596,37.83,98206.68
2011-11-30,JBL,5622,17.6026575219,98962.1405881218
2011-11-30,LULU,1827,49.7,90801.90000000001
2011-11-30,NVDA,294758,0.3582866185,105607.847095823
2011-11-30,ROK,1984,56.2115563939,111523.72788549759
2011-11-30,TDY,1835,56.68,104007.8
2011-11-30,TER,7591,12.381507918,93988.026605538
2011-12-31,BA,1780,59.9657348827,106739.008091206
2011-12-31,IBM,946,103.3581390954,97776.79958424841
2011-12-31,IT,2596,34.77,90262.92000000001
2011-12-31,JBL,5622,17.0729278185,95984.00019560699
2011-12-31,LMT,1966,52.6294280233,103469.4554938078
2011-12-31,ROK,1984,54.9679047397,109056.3230035648
2011-12-31,ROST,5397,19.7696572271,106696.8400546587
2011-12-31,SMCI,73583,1.568,115378.144
2011-12-31,TPL,25181,4.0066924241,100892.52193126209
2011-12-31,TSCO,16871,5.7564221837,97116.59866120269
2012-01-31,BA,1780,60.6442837573,107946.825087994
2012-01-31,IBM,946,108.2596127353,102413.59364759379
2012-01-31,IT,2596,37.91,98414.35999999999
2012-01-31,JBL,5622,19.6781558681,110630.5922904582
2012-01-31,ROK,1984,58.3392495854,115745.0711774336
2012-01-31,ROST,5397,21.1381018364,114082.3356110508
2012-01-31,SMCI,73583,1.687,124134.52100000001
2012-01-31,TSCO,16871,6.6278862405,111819.06876347549
2012-02-29,AMD,14903,7.35,109537.04999999999
2012-02-29,BA,1780,61.6310624274,109703.291120772
2012-02-29,F,15224,6.5474030366,99677.6638291984
2012-02-29,IBM,946,111.0108980966,105016.3095993836
2012-02-29,LULU,1584,67.02,106159.68
2012-02-29,ROST,5397,22.2427314651,120044.0217171447
2012-02-29,ULTA,1328,82.3107747265,109308.708836792
2012-02-29,URI,2712,40.1867598666,108986.4927582192
2012-03-31,DAL,11856,8.5243425191,101064.60490644959
2012-03-31,DLTR,2259,47.245,106726.45499999999
2012-03-31,F,15224,6.624036211,100844.327276264
2012-03-31,LULU,1584,74.73,118372.32
2012-03-31,MGM,7696,12.8508222697,98899.9281876112
2012-03-31,POOL,3313,31.1470441172,103190.1571602836
2012-03-31,STX,7045,14.5698647888,102644.69743709601
2012-03-31,ULTA,1328,92.89,123357.92
2012-03-31,URI,2712,41.3534100451,112150.4480423112
2012-03-31,VRSN,2747,37.7766610193,103772.48782001711
2012-04-30,AAPL,5571,17.4811446845,97387.4570373495
2012-04-30,DAL,11856,9.4227729712,111716.3963465472
2012-04-30,F,15224,6.0160585388,91588.4751946912
2012-04-30,LULU,1584,74.14,117437.76
2012-04-30,MGM,7696,12.6621170969,97447.6531777424
2012-04-30,PM,2215,45.5935537784,100989.721619156
2012-04-30,STX,7045,16.7616956817,118086.1460775765
2012-04-30,ULTA,1328,88.18,117103.04000000001
2012-04-30,URI,2712,45.0076283727,122060.68814676239
2012-04-30,VRSN,2747,40.4953985528,111240.85982454159
2012-05-31,AAPL,5571,17.294054109,96345.175441239
2012-05-31,DLTR,1967,51.59,101477.53000000001
2012-05-31,ISRG,1556,58.1221641,90438.0873396
2012-05-31,MNST,9230,12.0999879,111682.888317
2012-05-31,SBUX,4578,20.9627941051,95967.6714131478
2012-05-31,STX,7045,12.767442452,89946.63207434
2012-05-31,TJX,5785,17.6454709757,102079.0495944245
2012-05-31,TSCO,12365,7.5224338372,93014.89439697801
2012-05-31,ULTA,1328,89.37,118683.36
2012-05-31,URI,2712,33.3122013769,90342.6901341528
2012-06-30,AAPL,5571,17.4817433743,97390.79233822529
2012-06-30,DLTR,1967,53.8,105824.59999999999
2012-06-30,MNST,9230,11.8666548,109529.223804
2012-06-30,PM,2323,44.8549588717,104198.0694589591
2012-06-30,ROST,3791,26.1140429348,98998.3367658268
2012-06-30,STX,7045,13.4758366128,94937.268937176
2012-06-30,TDG,1888,57.8175642213,109159.5612498144
2012-06-30,TJX,5785,17.8407929578,103208.98726087301
2012-06-30,TSCO,12365,6.8397739959,84573.8054593035
2012-06-30,ULTA,1328,93.38,124008.64
2012-07-31,AAPL,5571,18.2827903824,101853.42522035041
2012-07-31,DLTR,1967,50.34,99018.78000000001
2012-07-31,EXPE,2287,51.8279811033,118530.59278324709
2012-07-31,MNST,9230,11.06998893,102175.99782389999
2012-07-31,PM,2323,47.003637855,109189.450737165
2012-07-31,ROST,3791,27.7736035311,105289.7309864001
2012-07-31,STX,7045,16.3584559287,115245.32201769149
2012-07-31,TJX,5785,18.4018241829,106454.55289807651
2012-07-31,URI,3046,27.8742617021,84905.0011445966
2012-08-31,DLTR,1967,48.17,94750.39
2012-08-31,LMT,1682,61.3510114258,103192.4012181956
2012-08-31,MNST,9230,9.82332351,90669.27599729999
2012-08-31,MO,6526,14.4659727772,94404.9383440072
2012-08-31,ORLY,17494,5.6633333333,99074.3533327502
2012-08-31,PM,2323,45.9035964616,106634.05458029681
2012-08-31,ROST,3791,28.9810360924,109867.1078262884
2012-08-31,STX,7045,17.6061473086,124035.307789087
2012-08-31,TJX,5785,19.0778277278,110365.233405323
2012-08-31,TPL,18022,5.8188700295,104867.675671649
2012-09-30,AAPL,5000,20.0547022517,100273.5112585
2012-09-30,FICO,2354,44.0307515068,103648.38904700721
2012-09-30,LMT,1682,62.8588703856,105728.6199885792
2012-09-30,PM,2323,46.6688340638,108411.7015302074
2012-09-30,ROST,3791,27.0542726002,102562.7474273582
2012-09-30,STX,7045,17.0286260754,119966.67070119298
2012-09-30,TPL,18022,5.4338486923,97928.82113263059
2012-09-30,TSCO,12691,8.1609823213,103571.02663961831
2012-09-30,URI,3210,31.5381217667,101237.370871107
2012-10-31,DHI,5617,18.0922111216,101623.9498700272
2012-10-31,FFIV,955,82.59,78873.45
2012-10-31,FICO,2354,46.3586312746,109128.2180204084
2012-10-31,LEN,3398,31.7414097258,107857.3102482684
2012-10-31,MNST,11098,7.441659225,82587.53407905
2012-10-31,PM,2323,45.9527678974,106748.2798256602
2012-10-31,STX,7045,15.0320526693,105900.81105521851
2012-10-31,TPL,18022,5.2081806591,93861.8318383002
2012-10-31,URI,3210,39.2033026914,125842.601639394
2012-10-31,YUM,2745,38.6704388229,106150.35456886051
2012-11-30,DHI,5617,16.8295656828,94531.67044028759
2012-11-30,LEN,3398,32.2242654382,109498.0539590036
2012-11-30,LMT,1585,63.5813055866,100776.369354761
2012-11-30,MO,7286,14.5923748537,106320.0431840582
2012-11-30,PM,2323,46.6377007522,108339.3788473606
2012-11-30,REGN,708,175.1309869074,123992.7387304392
2012-11-30,SHW,2401,44.6677591896,107247.28981422959
2012-11-30,STX,7045,13.9575296809,98330.7966019405
2012-11-30,TPL,18022,5.6713939903,102209.8624931866
2012-12-31,AAPL,5656,16.0743121744,90916.30965840639
2012-12-31,AIG,3996,26.6635061824,106547.3707048704
2012-12-31,LEN,3398,32.7579480677,111311.50753404459
2012-12-31,LMT,1585,62.8930192132,99685.435452922
2012-12-31,MO,7286,13.7569434602,100233.0900510172
2012-12-31,ROST,4182,22.7124942863,94983.6511053066
2012-12-31,SHW,2401,45.0484835992,108161.4091216792
2012-12-31,STX,7045,17.1474992683,120804.1323451735
2012-12-31,SWKS,5635,15.9047200614,89623.097545989
2012-12-31,TPL,18022,5.3118559848,95730.26855806561
2013-01-31,AAPL,5656,13.758100896,77815.818667776
2013-01-31,AIG,3996,28.5745166822,114183.76866207119
2013-01-31,BKNG,4104,26.917574395,110469.72531708
2013-01-31,MO,7286,14.7370819256,107374.3789099216
2013-01-31,REGN,589,172.5419646711,101627.2171912779
2013-01-31,ROST,4182,25.0681439987,104834.97820256339
2013-01-31,SHW,2401,47.4851198204,114011.7726887804
2013-01-31,STX,7045,19.1542414575,134941.6310680875
2013-01-31,TPL,18022,5.154776957,92899.390319054
2013-02-28,AIG,3996,28.7104779035,114727.069702386
2013-02-28,F,14232,6.8415761743,97369.3121126376
2013-02-28,LEN,2839,32.7216117092,92896.65564241879
2013-02-28,LII,2037,50.4212515144,102708.0893348328
2013-02-28,LMT,1689,60.7502703436,102607.2066103404
2013-02-28,REGN,589,165.657744625,97572.411584125
2013-02-28,SHW,2401,47.4758112952,113989.42291977521
2013-02-28,STX,7045,18.1283226979,127714.0334067055
2013-02-28,TPL,18022,5.5673579477,100334.9249334494
2013-03-31,AXON,13386,7.95,106418.7
2013-03-31,EXPE,1697,55.4432877263,94087.2592715311
2013-03-31,LEN,2839,35.1721288856,99853.6739062184
2013-03-31,LMT,1689,66.6320010632,112541.44979574479
2013-03-31,MCO,2397,46.2783528852,110929.2118658244
2013-03-31,PHM,6132,17.2090414506,105525.8421750792
2013-03-31,REGN,589,174.9851684136,103066.2641956104
2013-03-31,SHW,2401,49.6205815313,119139.01625665129
2013-03-31,STX,7045,20.6057473949,145167.4903970705
2013-03-31,TPL,18022,7.0403428712,126881.0592247664
2013-04-30,CL,2303,44.1616840892,101704.3584574276
2013-04-30,FSLR,3709,46.56,172691.04
2013-04-30,GILD,2958,34.9753348445,103457.04047003099
2013-04-30,LDOS,5157,21.5597827262,111183.79951901341
2013-04-30,LMT,1689,68.4061850948,115538.04662511719
2013-04-30,LUV,8572,11.8561655424,101631.05102945279
2013-04-30,MCO,2397,52.8139117228,126594.9463995516
2013-04-30,STX,7045,20.6874826807,145743.3154855315
2013-04-30,TPL,18022,7.1552179322,128951.3375741084
2013-04-30,WYNN,1005,109.0818165145,109627.22559707251
2013-05-31,AXON,11350,9.49,107711.5
2013-05-31,FCX,4081,25.0020095518,102033.2009808958
2013-05-31,FSLR,3709,54.393,201743.63700000002
2013-05-31,LDOS,5157,20.9248225924,107909.31010900681
2013-05-31,LMT,1689,73.8440981001,124722.6816910689
2013-05-31,MCO,2397,57.8383004033,138638.4060667101
2013-05-31,MO,6179,16.000821832,98869.078099928
2013-05-31,PHM,5603,18.3568777134,102853.58582818019
2013-05-31,PPG,1713,61.1707518794,104785.4979694122
2013-05-31,WYNN,1005,108.7391999203,109282.8959199015
2013-06-30,CLX,1764,56.7287751084,100069.5592912176
2013-06-30,FCX,4081,22.9833976281,93795.2457202761
2013-06-30,FSLR,3709,44.81,166200.29
2013-06-30,GS,789,118.190792807,93252.53552472299
2013-06-30,LDOS,5157,21.5814556413,111295.5667421841
2013-06-30,LMT,1689,75.6792108092,127822.1870567388
2013-06-30,MCO,2397,53.0416562849,127140.8501149053
2013-06-30,MOS,2153,41.0821997991,88449.9761674623
2013-06-30,STZ,2233,44.0303672566,98319.8100839878
2013-06-30,WYNN,1005,102.4016146427,102913.6227159135
2013-07-31,C,2833,38.3648442016,108687.6036231328
2013-07-31,CLX,1764,59.1211681876,104289.7406829264
2013-07-31,FSLR,3709,49.22,182556.97999999998
2013-07-31,GILD,2824,42.4069028328,119757.0935998272
2013-07-31,LDOS,5157,23.8892247886,123196.7322348102
2013-07-31,LMT,1689,83.81510974,141563.72035086
2013-07-31,MCO,2397,58.9961110525,141413.6781928425
2013-07-31,REGN,448,267.889404272,120014.453113856
2013-07-31,STX,3920,23.2782315111,91250.66752351199
2013-07-31,WYNN,1005,106.5306474751,107063.3007124755
2013-08-31,CL,2245,42.9771778181,96483.7642016345
2013-08-31,CLX,1764,56.892257495,100357.94222118
2013-08-31,DECK,10931,9.7883333333,106996.2716663023
2013-08-31,EA,3945,25.8508964109,101981.7863410005
2013-08-31,F,10774,8.9019869101,95910.0069694174
2013-08-31,FSLR,3709,36.72,136194.47999999998
2013-08-31,LMT,1689,86.2229115864,145630.4976694296
2013-08-31,MCO,2397,55.5458231054,133143.33798364378
2013-08-31,MO,6356,15.2024391405,96626.70317701799
2013-08-31,WYNN,1005,113.6695547435,114237.9025172175
2013-09-30,CHRW,2368,44.5029644091,105383.01972074881
2013-09-30,CLX,1764,56.218080804,99168.69453825601
2013-09-30,DECK,10931,10.9866666667,120095.25333369769
2013-09-30,EA,3945,24.793183307,97809.108146115
2013-09-30,F,10774,9.2758813572,99938.3457424728
2013-09-30,FSLR,3709,40.21,149138.89
2013-09-30,HUM,1207,84.2009025405,101630.4893663835
2013-09-30,LMT,1689,89.8360755828,151733.13165934922
2013-09-30,MCO,2397,61.4622048301,147324.90497774968
2013-09-30,MO,6356,15.6275328951,99328.5990812556
2013-10-31,AXON,6720,17.779,119474.88
2013-10-31,CLX,1764,62.5384167621,110317.76716834439
2013-10-31,CNC,6253,14.04,87792.12
2013-10-31,DECK,10931,11.465,125323.915
2013-10-31,EA,3945,25.4724486031,100488.80973922949
2013-10-31,KR,6306,16.8380157236,106180.52715302161
2013-10-31,LMT,1689,93.9140910875,158620.8998467875
2013-10-31,MCO,2397,61.7505956675,148016.1778149975
2013-10-31,ROK,1199,86.0682206531,103195.7965630669
2013-10-31,VRSK,1615,65.3127091132,105480.025217818
2013-11-30,BA,900,114.6662952582,103199.66573237999
2013-11-30,CLX,1764,64.604770925,113962.81591169999
2013-11-30,DECK,10931,13.7733333333,150556.3066663023
2013-11-30,EA,3945,21.5133023059,84869.97759677551
2013-11-30,FSLR,1987,59.82,118862.34
2013-11-30,HAL,2376,41.8041932607,99326.7631874232
2013-11-30,LMT,1689,100.7030538812,170087.45800534682
2013-11-30,MCO,2397,65.4396800421,156858.91306091368
2013-11-30,MU,5800,20.575092782,119335.53813559999
2013-11-30,TPL,11172,9.9651618165,111330.787813938
2013-12-31,AXON,5817,15.88,92373.96
2013-12-31,BIIB,343,279.572,95893.196
2013-12-31,BX,6721,16.3976628965,110208.69232737651
2013-12-31,DECK,10931,14.0766666667,153872.0433336977
2013-12-31,FSLR,1987,54.64,108569.68000000001
2013-12-31,LMT,1689,105.6717441236,178479.57582476042
2013-12-31,LVS,2001,55.2196355561,110494.4907477561
2013-12-31,MCO,2397,68.8068027992,164929.9063096824
2013-12-31,MU,5800,21.2089226544,123011.75139552
2013-12-31,TPL,11172,9.9881368287,111587.4646502364
2014-01-31,BA,857,106.9877105702,91688.4679586614
2014-01-31,CMG,9384,11.0392,103591.8528
2014-01-31,DECK,10931,12.9916666667,142011.9083336977
2014-01-31,FSLR,1987,50.58,100502.45999999999
2014-01-31,HPQ,10911,9.4986768004,103640.06256916441
2014-01-31,LMT,1689,107.2711079355,181180.9013030595
2014-01-31,MCO,2397,65.3958372979,156753.8220030663
2014-01-31,MU,5800,22.4668311704,130307.62078832
2014-01-31,NFLX,19012,5.847565581,111173.91682597199
2014-01-31,TPL,11172,10.0960194947,112792.7297947884
2014-02-28,BA,857,110.7411641078,94905.1776403846
2014-02-28,DECK,10931,12.3916666667,135453.3083336977
2014-02-28,FSLR,1987,57.07,113398.09
2014-02-28,HPQ,10911,9.7869125103,106785.0023998833
2014-02-28,LMT,1689,116.3178808938,196460.9008296282
2014-02-28,MCO,2397,69.5157568658,166629.2692073226
2014-02-28,MU,5800,23.5882224832,136811.69040256
2014-02-28,SMCI,48638,2.019,98200.122
2014-02-28,STZ,1543,68.4531975979,105623.2838935597
2014-02-28,TPL,11172,13.5952137452,151885.72796137442
2014-03-31,AXON,5200,18.29,95108.0
2014-03-31,DAL,3477,29.9993475069,104307.7312814913
2014-03-31,DECK,10931,13.2883333333,145254.77166630232
2014-03-31,FSLR,1987,69.79,138672.73
2014-03-31,LMT,1689,116.9915642459,197598.7520113251
2014-03-31,MCO,2397,69.7973396784,167304.2232091248
2014-03-31,MU,5800,23.0714073564,133814.16266712002
2014-03-31,SPGI,1419,67.4530243952,95715.8416167888
2014-03-31,STZ,1543,71.7816635801,110759.1069040943
2014-03-31,TPL,11172,12.961561529,144806.56540198802
2014-04-30,AXON,5200,16.15,83979.99999999999
2014-04-30,DAL,3477,31.8867523429,110870.2378962633
2014-04-30,DECK,10931,13.1583333333,143833.7416663023
2014-04-30,FSLR,1987,67.49,134102.62999999998
2014-04-30,LMT,1689,117.6365802213,198688.1839937757
2014-04-30,MCO,2397,69.0757837211,165574.6535794767
2014-04-30,MU,5800,25.4702096429,147727.21592882
2014-04-30,SMCI,57570,2.036,117212.52
2014-04-30,SPGI,1419,65.3578256034,92742.75453122461
2014-04-30,TPL,11172,13.1617400854,147042.9602340888
2014-05-31,AVGO,20836,5.3411737408,111288.6960633088
2014-05-31,AXON,5200,13.27,69004.0
2014-05-31,DAL,3477,34.6075765348,120330.54361149961
2014-05-31,GNRC,1698,48.68,82658.64
2014-05-31,LMT,1689,118.2415163399,199709.92109809112
2014-05-31,MCO,2397,75.5296171456,181044.4922980032
2014-05-31,MU,5800,27.8787631581,161696.82631698
2014-05-31,SMCI,57570,2.15,123775.5
2014-05-31,SWKS,3109,34.0229493942,105777.3496665678
2014-05-31,TPL,11172,16.5137300129,184491.3917041188
2014-06-30,AVGO,20836,5.4690833017,113953.81967422119
2014-06-30,DAL,3477,33.5756793642,116742.6371493234
2014-06-30,DECK,7762,14.3883333333,111682.2433330746
2014-06-30,GNRC,1698,48.74,82760.52
2014-06-30,LMT,1689,116.1317379855,196146.50545750948
2014-06-30,MCO,2397,77.4015225506,185531.4495537882
2014-06-30,MU,5800,32.1302989178,186355.73372323997
2014-06-30,TDG,970,104.9510636116,101802.53170325201
2014-06-30,TPL,11172,16.0252943352,179034.5883128544
2014-06-30,TTWO,4847,22.24,107797.28
2014-07-31,AVGO,20836,5.264950735,109700.51351446
2014-07-31,DAL,3477,32.4830823601,112943.6773660677
2014-07-31,DECK,7762,14.7516666667,114502.43666692541
2014-07-31,GNRC,1698,43.4,73693.2
2014-07-31,LMT,1689,120.6403054279,203761.47586772311
2014-07-31,MCO,2397,76.8187595472,184134.5666346384
2014-07-31,MU,5800,29.7900040042,172782.02322436
2014-07-31,SMCI,39572,2.617,103559.924
2014-07-31,STZ,1343,70.3370755523,94462.69246673891
2014-07-31,TPL,11172,17.0121746184,190060.0148367648
2014-08-31,CL,2075,49.1882262999,102065.5695722925
2014-08-31,DAL,3477,34.4071760848,119633.7512468496
2014-08-31,DECK,7762,15.3733333333,119327.81333307459
2014-08-31,LMT,1689,126.6800777989,213962.6514023421
2014-08-31,LUV,4037,28.0877590645,113390.28334338649
2014-08-31,LYB,2089,51.8210036495,108254.0766238055
2014-08-31,MCO,2397,82.8732801145,198647.25243445652
2014-08-31,MU,5800,31.7890059096,184376.23427568
2014-08-31,TPL,11172,20.073905639,224265.67379890798
2014-08-31,URI,979,113.4350359478,111052.90019289621
2014-09-30,DAL,3477,31.4254526394,109266.2988271938
2014-09-30,DECK,7762,16.1966666667,125718.5266669254
2014-09-30,HPQ,7957,11.7799858455,93733.3473726435
2014-09-30,LMT,1689,133.0723254027,224759.1576051603
2014-09-30,LUV,4037,29.6321032055,119624.80064060351
2014-09-30,MCO,2397,83.6969645273,200621.6239719381
2014-09-30,MU,5800,33.4077098915,193764.71737069997
2014-09-30,SMCI,40832,2.942,120127.744
2014-09-30,TPL,11172,19.2611806999,215185.9107792828
2014-09-30,URI,979,107.1196982049,104870.1845425971
2014-10-31,DAL,3477,34.9722257173,121598.42881905209
2014-10-31,DECK,7762,14.5766666667,113144.0866669254
2014-10-31,LYB,2030,41.5247797499,84295.302892297
2014-10-31,MCO,2397,87.8862411645,210663.32007130652
2014-10-31,MU,5800,32.2668161211,187147.53350237999
2014-10-31,NXPI,1652,60.7323131457,100329.78131669639
2014-10-31,SMCI,40832,3.196,130499.072
2014-10-31,SWKS,2188,45.8484665385,100316.444786238
2014-10-31,TPL,11172,16.3395746688,182545.7281998336
2014-10-31,URI,979,106.1169575556,103888.5014469324
2014-11-30,CL,1956,53.1809908502,104022.01810299119
2014-11-30,DAL,3477,40.6577704629,141367.06789950328
2014-11-30,EW,4961,21.6133333333,107223.7466665013
2014-11-30,GILD,1292,69.2876301659,89519.6181743428
2014-11-30,IBM,1026,96.7775548753,99293.7713020578
2014-11-30,LMT,720,140.5705569321,101210.800991112
2014-11-30,MCO,2397,89.7087252865,215031.8145117405
2014-11-30,MO,4328,24.0196315308,103956.96526530241
2014-11-30,MU,5800,35.0556675598,203322.87184684
2014-11-30,TPL,11172,14.7831863925,165157.75837701
2014-12-31,BLDR,16233,6.87,111520.71
2014-12-31,LYB,2776,36.2563984787,100647.7621768712
2014-12-31,MCO,2397,85.0905154906,203961.9656309682
2014-12-31,MO,4328,23.7904110945,102964.89921699601
2014-12-31,SMCI,30048,3.488,104807.424
2014-12-31,TPL,11172,11.8105348295,131947.295115174
2014-12-31,TRGP,1501,61.8811513479,92883.6081731979
2014-12-31,TTWO,3615,28.03,101328.45
2014-12-31,URI,915,98.3553592608,89995.153723632
2014-12-31,WMB,3706,23.7253015223,87925.9674416438
2015-01-31,AAPL,4094,25.9254902435,106138.957056889
2015-01-31,CL,1891,51.8708603535,98087.7969284685
2015-01-31,CLX,1340,76.8872584416,103028.926311744
2015-01-31,EW,4710,20.8916666667,98399.750000157
2015-01-31,IBM,1044,91.4902074239,95515.7765505516
2015-01-31,MAS,5358,18.4635502841,98927.70242220779
2015-01-31,MCO,2397,81.1117501279,194424.8650565763
2015-01-31,MO,4328,25.6397570351,110968.8684479128
2015-01-31,TPL,11172,11.5653160979,129207.71144573881
2015-01-31,VZ,3909,25.2920714306,98866.7072222154
2015-02-28,AAPL,4094,28.5373764381,116832.0191375814
2015-02-28,BLDR,16891,6.03,101852.73000000001
2015-02-28,CLX,1340,78.2778723371,104892.348931714
2015-02-28,EW,4710,22.17,104420.70000000001
2015-02-28,IRM,4697,19.6375191226,92237.4273188522
2015-02-28,KR,3617,28.5572670833,103291.63504029611
2015-02-28,LULU,1509,68.44,103275.95999999999
2015-02-28,LUV,2518,37.9976201984,95678.0076595712
2015-02-28,MAS,5358,19.4670041039,104304.2079886962
2015-02-28,MO,4328,27.180073889,117635.359791592
2015-03-31,AAPL,4094,27.6421123322,113166.8078880268
2015-03-31,CL,1838,53.2690381652,97908.4921476376
2015-03-31,CLX,1340,79.5387916725,106581.98084115
2015-03-31,EA,1802,57.0728405559,102845.25868173181
2015-03-31,EW,4710,23.7433333333,111831.099999843
2015-03-31,IBM,1027,96.4532312465,99057.4684901555
2015-03-31,MAS,5358,19.846086658,106335.33231356401
2015-03-31,MO,4328,24.3940336628,105577.3776925984
2015-03-31,SWKS,1442,77.6598568843,111985.5136271606
2015-03-31,UAL,1534,67.25,103161.5
2015-04-30,CL,1838,51.9710942185,95522.871173603
2015-04-30,CLX,1340,76.9692769026,103138.831049484
2015-04-30,EA,1802,56.3693157849,101577.5070443898
2015-04-30,GILD,1475,69.4188567382,102392.81368884501
2015-04-30,HD,1141,82.4827973203,94112.87174246229
2015-04-30,KR,3250,27.6582048448,89889.1657456
2015-04-30,MAS,5358,19.7573228479,105859.73581904819
2015-04-30,MCO,1081,95.8208861159,103582.37789128789
2015-04-30,MO,4328,24.4086642307,105640.6987904696
2015-04-30,TPL,6883,15.1198017228,104069.5952580324
2015-05-31,AAPL,3596,29.0618367806,104506.3650630376
2015-05-31,CL,1838,51.5925889247,94827.1784435986
2015-05-31,CLX,1340,78.1009646685,104655.29265578999
2015-05-31,CNC,3226,37.67,121523.42
2015-05-31,GILD,1475,77.5410908964,114373.10907219
2015-05-31,MAS,5358,20.1899105131,108177.54052918979
2015-05-31,MCO,1081,96.6370447058,104464.6453269698
2015-05-31,MO,4328,24.9695026696,108068.00755402881
2015-05-31,TPL,6883,15.0857029394,103834.89333189021
2015-05-31,WYNN,1045,87.0585000749,90976.1325782705
2015-06-30,CL,1838,50.5265944238,92867.88055094439
2015-06-30,CLX,1340,75.4603598813,101116.882240942
2015-06-30,GILD,1475,81.1587176446,119709.108525785
2015-06-30,IT,1143,85.78,98046.54000000001
2015-06-30,LII,1011,94.9107188113,95954.7367182243
2015-06-30,MAS,5358,19.8915741923,106579.05452234339
2015-06-30,MCO,1081,96.5118903464,104329.3534644584
2015-06-30,MO,4328,24.1093425274,104345.23445858719
2015-06-30,TPL,6883,15.0917203718,103876.31131909939
2015-06-30,ULTA,655,154.45,101164.74999999999
2015-07-31,CL,1838,52.8409850212,97121.7304689656
2015-07-31,CLX,1340,81.7711576983,109573.351315722
2015-07-31,GILD,1475,81.6994060607,120506.6239395325
2015-07-31,IT,1143,88.57,101235.51
2015-07-31,MAS,5358,22.4381688791,120223.70885421781
2015-07-31,MCO,1081,98.7199708313,106716.2884686353
2015-07-31,MO,4328,26.8056848628,116015.0040861984
2015-07-31,STX,3449,30.8823309472,106513.1594368928
2015-07-31,TPL,6883,13.1139909344,90263.5996014752
2015-07-31,VRSK,1441,74.4538194517,107287.95382989969
2015-08-31,AXON,3673,23.4,85948.2
2015-08-31,CL,1838,48.793623481,89682.67995807799
2015-08-31,CLX,1340,81.2086796616,108819.630746544
2015-08-31,EA,1440,64.1905704798,92434.421490912
2015-08-31,GILD,1475,72.8335024164,107429.41606419
2015-08-31,IT,1143,85.51,97737.93000000001
2015-08-31,LII,960,104.0325122898,99871.211798208
2015-08-31,MAS,5358,22.3021284463,119494.80421527539
2015-08-31,MO,4328,26.4113386346,114308.2736105488
2015-08-31,TPL,6883,11.9115073668,81986.90520568441
2015-09-30,CL,1838,49.2985726175,90610.776470965
2015-09-30,CLX,1340,84.393620233,113087.45111221999
2015-09-30,EA,1440,65.7431768709,94670.174694096
2015-09-30,FIX,3866,25.4371184198,98339.89981094681
2015-09-30,GILD,1475,68.1580255986,100533.087757935
2015-09-30,IDXX,1399,74.25,103875.75
2015-09-30,IT,1143,83.93,95931.99
2015-09-30,LII,960,100.2020819197,96193.998642912
2015-09-30,MAS,5358,21.4093631063,114711.3675235554
2015-09-30,MO,4328,27.1036359712,117304.5364833536
2015-10-31,CLX,1340,89.638084406,120115.03310404
2015-10-31,EA,1440,69.9352141267,100706.70834244801
2015-10-31,FIX,3866,29.7948345981,115186.8305562546
2015-10-31,IDXX,1399,68.62,95999.38
2015-10-31,IT,1143,90.67,103635.81
2015-10-31,LII,960,117.4255581025,112728.53577840001
2015-10-31,LMT,642,165.0047467243,105933.0473970006
2015-10-31,MAS,5358,24.7447984237,132582.6299541846
2015-10-31,MO,4328,30.1278835878,130393.4801679984
2015-10-31,UAL,1885,60.31,113684.35
2015-11-30,CL,1929,51.3132893911,98983.33523543189
2015-11-30,CLX,1340,91.3729202203,122439.71309520201
2015-11-30,EA,1440,65.7819920306,94726.06852406399
2015-11-30,GPN,1548,67.1042107417,103877.3182281516
2015-11-30,IDXX,1399,70.82,99077.18
2015-11-30,IT,1143,93.3,106641.9
2015-11-30,LII,960,120.17530199,115368.2899104
2015-11-30,MAS,5358,25.5212731328,136742.98144554242
2015-11-30,MO,4328,28.6979674989,124204.8033352392
2015-11-30,NXPI,1442,82.6688317303,119208.45535509259
2015-12-31,CL,1929,52.0476756887,100399.96640350229
2015-12-31,CLX,1340,93.2327230213,124931.84884854201
2015-12-31,EA,1440,66.6844444954,96025.600073376
2015-12-31,GPN,1548,61.0994020458,94581.8743668984
2015-12-31,IDXX,1399,72.92,102015.08
2015-12-31,LII,960,110.742717502,106313.00880192
2015-12-31,LMT,603,164.1836026765,99002.71241392949
2015-12-31,MAS,5358,24.1475101859,129382.3595760522
2015-12-31,MO,4328,29.2855301197,126747.7743580616
2015-12-31,UPS,1442,64.7706060582,93399.2139359244
2016-01-31,CL,1929,53.0736009862,102378.9763023798
2016-01-31,CLX,1340,95.4488241215,127901.42432281
2016-01-31,EXPE,850,95.5907335243,81252.123495655
2016-01-31,FIX,3762,26.4997985878,99692.2422873036
2016-01-31,FSLR,1515,68.66,104019.9
2016-01-31,GPN,1548,55.8333553031,86430.0340091988
2016-01-31,IDXX,1399,70.14,98125.86
2016-01-31,LII,960,106.2385301128,101988.98890828801
2016-01-31,MO,4328,30.7445240614,133062.3001377392
2016-01-31,VLO,2125,45.1683840406,95982.81608627501
2016-02-29,CL,1929,51.5882003367,99513.63844949429
2016-02-29,CLX,1340,93.5036059313,125294.831947942
2016-02-29,FIX,3762,26.2286291597,98672.10289879139
2016-02-29,IDXX,1399,73.16,102350.84
2016-02-29,KLAC,1786,57.083501236,101951.133207496
2016-02-29,KMB,1107,91.5855317279,101385.1836227853
2016-02-29,LII,960,114.5641835743,109981.61623132801
2016-02-29,LMT,626,164.3945401098,102910.98210873481
2016-02-29,MO,4328,30.9759506867,134063.9145720376
2016-02-29,UPS,1594,65.5060933608,104416.71281711519
2016-03-31,CL,1929,55.5256909474,107109.05783753461
2016-03-31,CLX,1340,93.2373403235,124938.03603349
2016-03-31,HRL,3069,33.1329468815,101685.01397932348
2016-03-31,KMB,1107,95.205766432,105392.78344022401
2016-03-31,LII,960,120.186095274,115378.65146303999
2016-03-31,MAS,4141,26.9284173433,111510.5762186053
2016-03-31,MO,4328,31.8115630197,137680.4447492616
2016-03-31,SPGI,1225,90.0067711328,110258.29463768
2016-03-31,TSN,1993,51.6531756255,102944.77902162149
2016-03-31,UPS,1594,71.5580286562,114063.49767798278
2016-04-30,CL,1929,56.0470615352,108114.7817014008
2016-04-30,CLX,1340,93.1872450864,124870.908415776
2016-04-30,HRL,3069,29.6483278955,90990.7183112895
2016-04-30,KLAC,1629,58.9374088639,96009.0390392931
2016-04-30,KMB,1107,88.6090989489,98090.2725364323
2016-04-30,LII,960,119.9727313945,115173.82213872
2016-04-30,MAS,4141,26.3735593114,109212.9091085074
2016-04-30,MO,4328,31.8369472864,137790.3078555392
2016-04-30,TSN,1993,51.0022805231,101647.5450825383
2016-04-30,UPS,1594,71.2866414232,113630.9064285808
2016-05-31,CL,1929,55.6440158304,107337.3065368416
2016-05-31,CLX,1340,95.6503112944,128171.41713449599
2016-05-31,FIX,3618,30.0539337469,108735.1322962842
2016-05-31,KLAC,1629,61.9214037449,100869.96670044209
2016-05-31,KMB,1107,89.9185232884,99539.80528025879
2016-05-31,LII,960,122.1063701892,117222.115381632
2016-05-31,MO,4328,32.3090946469,139833.7616317832
2016-05-31,NVDA,114956,1.1467629651,131827.28341603559
2016-05-31,SPGI,1029,102.0014452034,104959.4871142986
2016-05-31,UPS,1594,70.4792384102,112343.9060258588
2016-06-30,CL,1929,57.8489129213,111590.55302518769
2016-06-30,CLX,1340,102.9799796175,137993.17268745002
2016-06-30,KLAC,1629,62.1931005665,101312.5608228285
2016-06-30,KMB,1107,97.9977314003,108483.48866013209
2016-06-30,LII,960,127.1678391946,122081.125626816
2016-06-30,LMT,551,190.3617994517,104889.3514978867
2016-06-30,MO,4328,35.3150490846,152843.5324381488
2016-06-30,MSI,1682,56.9465765811,95784.1418094102
2016-06-30,TSN,2018,51.8732130091,104680.14385236379
2016-06-30,UPS,1594,73.6446169516,117389.5194208504
2016-07-31,CHTR,437,234.87,102638.19
2016-07-31,CL,1929,59.1304648138,114062.6666258202
2016-07-31,CLX,1340,98.1131650208,131471.641127872
2016-07-31,KLAC,1629,64.2817698825,104715.0031385925
2016-07-31,KMB,1107,92.3451127648,102226.03983063361
2016-07-31,LII,960,139.8311163094,134237.871657024
2016-07-31,MO,4328,34.6697915173,150050.8576868744
2016-07-31,MSI,1682,59.890154361,100735.239635202
2016-07-31,UPS,1594,73.9044104388,117803.6302394472
2016-07-31,VZ,3052,32.8331053509,100206.6375309468
2016-08-31,CHTR,437,257.21,112400.76999999999
2016-08-31,CLX,1340,98.0907083568,131441.54919811198
2016-08-31,KLAC,1629,59.2583329484,96531.8243729436
2016-08-31,KMB,1107,91.2830192255,101050.3022826285
2016-08-31,LII,960,143.6390172446,137893.45655481602
2016-08-31,MO,4328,33.8452957367,146482.43994843762
2016-08-31,MSI,1682,66.4592531602,111784.46381545642
2016-08-31,SPGI,897,113.0379079521,101395.0034330337
2016-08-31,UPS,1594,75.2000301393,119868.84804204419
2016-08-31,YUM,1870,54.2233946155,101397.747930985
2016-09-30,ALB,1426,75.2152145911,107256.89600690859
2016-09-30,CLX,1340,93.7041733219,125563.592251346
2016-09-30,KLAC,1629,59.64334955,97159.01641695
2016-09-30,KMB,1107,90.5653539516,100255.8468244212
2016-09-30,LII,960,140.4184497789,134801.711787744
2016-09-30,MO,4328,32.6914770876,141488.71283513278
2016-09-30,OKE,3872,28.3022166358,109586.1828138176
2016-09-30,SPGI,897,115.8011788119,103873.6573942743
2016-09-30,UPS,1594,75.29642278,120022.49791132
2016-09-30,YUM,1870,54.2831712604,101509.53025694801
2016-10-31,AMAT,3686,26.166377776,96449.268482336
2016-10-31,CLX,1340,90.4473350329,121199.428944086
2016-10-31,HPQ,8845,10.547680228,93294.23161666
2016-10-31,KLAC,1629,64.2635487692,104685.3209450268
2016-10-31,KMB,1107,82.1435083685,90932.86376392949
2016-10-31,LII,960,130.4569040199,125238.627859104
2016-10-31,OKE,3872,27.0101870037,104583.4440783264
2016-10-31,SPGI,897,111.491574259,100007.942110323
2016-10-31,UPS,1594,74.1947926003,118266.49940487821
2016-10-31,YUM,1870,51.8785683586,97012.922830582
2016-11-30,AMAT,3686,29.0652610663,107134.5522903818
2016-11-30,CLX,1340,87.0862692585,116695.60080639
2016-11-30,GEN,8138,12.0111914316,97747.0758703608
2016-11-30,KMB,1107,83.0050782491,91886.6216217537
2016-11-30,LII,960,132.9428193888,127625.10661324799
2016-11-30,OKE,3872,30.6353411545,118620.040950224
2016-11-30,SPGI,897,109.2007553673,97953.0775644681
2016-11-30,TPL,3750,29.8787166243,112045.187341125
2016-11-30,UPS,1594,80.3654953639,128102.5996100566
2016-11-30,ZBH,1055,91.5326288014,96566.923385477
2016-12-31,DECK,10087,9.2316666667,93119.8216670029
2016-12-31,HPQ,8920,10.8930101218,97165.650286456
2016-12-31,HSY,1300,82.3259266148,107023.70459924
2016-12-31,IBM,963,106.1846299942,102255.79868441459
2016-12-31,LII,960,137.3469026246,131853.02651961602
2016-12-31,LMT,484,194.3585288436,94069.5279603024
2016-12-31,NVDA,44041,2.6286801095,115769.7007024895
2016-12-31,OKE,3872,32.0184768921,123975.54252621118
2016-12-31,SPGI,897,98.6927408371,88527.3885308787
2016-12-31,UPS,1594,79.4780916883,126688.0781511502
2017-01-31,APO,7437,14.7500790817,109696.33813060289
2017-01-31,CLX,1105,91.0301622485,100588.3292845925
2017-01-31,GEN,8499,13.5673769553,115309.1367430947
2017-01-31,IBM,963,111.6413134923,107510.5848930849
2017-01-31,KMB,1210,87.6680621255,106078.355171855
2017-01-31,LII,960,140.6108755015,134986.44048144
2017-01-31,NDSN,983,102.9874571331,101236.6703618373
2017-01-31,OKE,3872,31.0798493537,120341.17669752639
2017-01-31,SPGI,897,110.2928546941,98932.6906606077
2017-01-31,UPS,1594,75.6580961789,120599.00530916659
2017-02-28,CLX,1105,103.7819708101,114679.07774516051
2017-02-28,LII,960,147.6140700533,141709.507251168
2017-02-28,LMT,511,208.6988011244,106645.08737456841
2017-02-28,OKE,3872,30.4820514892,118026.5033661824
2017-02-28,QCOM,2407,44.3190805604,106676.0269088828
2017-02-28,SPGI,897,119.1910717779,106914.3913847763
2017-02-28,STLD,3557,30.4309189737,108242.7787894509
2017-02-28,TPL,3133,29.9993128368,93987.8471176944
2017-02-28,UPS,1594,73.889319016,117779.574511504
2017-02-28,URI,819,123.4431589664,101099.94719348161
2017-03-31,BA,593,165.3162510404,98032.5368669572
2017-03-31,GEN,7088,15.1485206536,107372.7143927168
2017-03-31,LII,960,150.3996169723,144383.632293408
2017-03-31,LMT,511,209.4973335617,107053.1374500287
2017-03-31,MO,2558,37.5608511651,96080.65728032579
2017-03-31,OKE,3872,31.2659562361,121061.7825461792
2017-03-31,PKG,1415,70.4896594196,99742.868078734
2017-03-31,SPGI,897,120.3602434868,107963.1384076596
2017-03-31,TPL,3133,28.2414524675,88480.4705806775
2017-03-31,URI,819,120.5699213368,98746.7655748392
2017-04-30,BA,593,172.7660447801,102450.2645545993
2017-04-30,BAC,5210,18.9879623495,98927.28384089499
2017-04-30,KMB,1042,94.5950509308,98568.0430698936
2017-04-30,LII,960,148.68256217,142735.2596832
2017-04-30,LMT,511,210.9456521981,107793.22827322909
2017-04-30,MCD,959,112.4919970038,107879.8251266442
2017-04-30,MO,2558,37.7501805745,96564.961909571
2017-04-30,MS,3038,33.4731353015,101691.38504595701
2017-04-30,OKE,3872,30.0141671503,116214.8552059616
2017-04-30,SPGI,897,123.5363398615,110812.0968557655
2017-05-31,APO,5272,19.5060415084,102835.85083228479
2017-05-31,BA,593,176.7428476145,104808.5086353985
2017-05-31,KMB,1042,94.5804698054,98552.8495372268
2017-05-31,LII,960,159.2096363765,152841.25092144
2017-05-31,LMT,511,221.5197544029,113196.59449988189
2017-05-31,MCD,959,121.3029188015,116329.4991306385
2017-05-31,MU,3706,30.0045310379,111196.7920264574
2017-05-31,OKE,3872,28.3425931197,109742.52055947839
2017-05-31,SPGI,897,131.8583551587,118276.94457735389
2017-05-31,URI,945,104.834606533,99068.703173685
2017-06-30,BA,593,186.2756388411,110461.4538327723
2017-06-30,IT,836,123.51,103254.36
2017-06-30,KMB,1042,94.8297191372,98812.5673409624
2017-06-30,LII,960,165.545319367,158923.50659232
2017-06-30,LMT,511,218.7461281961,111779.2715082071
2017-06-30,LRCX,7280,12.5550771913,91400.961952664
2017-06-30,NVDA,28065,3.5682404902,100142.669357463
2017-06-30,SPGI,897,134.7944910694,120910.65848925181
2017-06-30,TPL,3495,29.6578155707,103654.06541959649
2017-06-30,WYNN,860,121.1727754196,104208.586860856
2017-07-31,BA,593,228.3913597644,135436.0763402892
2017-07-31,KLAC,1253,80.7547549957,101185.70800961209
2017-07-31,KMB,1042,90.4595167604,94258.8164643368
2017-07-31,LII,960,154.1507820287,147984.750747552
2017-07-31,LMT,511,230.1873362989,117625.7288487379
2017-07-31,MO,2532,34.4467900611,87219.27243470521
2017-07-31,MU,3434,27.4204554042,94161.8438580228
2017-07-31,NVDA,28065,4.0113085367,112577.37408248549
2017-07-31,SPGI,897,141.8116712333,127205.06909627009
2017-07-31,WYNN,860,116.8542109512,100494.62141803201
2017-08-31,BA,593,227.1219752239,134683.3313077727
2017-08-31,KLAC,1253,82.2122972105,103012.0084047565
2017-08-31,KMB,1042,90.5550001737,94358.3101809954
2017-08-31,LII,960,149.4000532492,143424.051119232
2017-08-31,LMT,511,242.0655425135,123695.49222439849
2017-08-31,MO,2532,33.6143834058,85111.6187834856
2017-08-31,MU,3434,31.1746784947,107053.8459507998
2017-08-31,SPGI,897,142.8806801232,128163.97007051039
2017-08-31,TPL,2983,40.7847964142,121661.04770355861
2017-08-31,WYNN,860,126.0553635872,108407.61268499201
2017-09-30,AAPL,2617,35.8988496929,93947.2896463193
2017-09-30,BA,593,240.9107791106,142860.0920125858
2017-09-30,HD,820,133.0641159046,109112.57504177198
2017-09-30,KMB,1042,87.135480824,90795.171018608
2017-09-30,LII,960,161.8031893169,155331.061744224
2017-09-30,LMT,511,245.9494979748,125680.19346512281
2017-09-30,SPGI,897,144.7137893479,129808.26904506629
2017-09-30,TPL,2983,40.7948916608,121691.1618241664
2017-09-30,TTWO,1022,102.23,104479.06
2017-09-30,UPS,1232,85.2024399217,104969.40598353441
2017-10-31,BA,593,244.4835482277,144978.7440990261
2017-10-31,HD,820,134.8701952474,110593.56010286801
2017-10-31,KMB,1042,83.3073839863,86806.2941137246
2017-10-31,LII,960,172.7968015541,165884.929491936
2017-10-31,LMT,511,244.2611663151,124817.4559870161
2017-10-31,MO,2942,34.4099726442,101234.13951923641
2017-10-31,SPGI,897,144.8619193863,129941.1416895111
2017-10-31,TPL,2983,41.1098633559,122630.72239064971
2017-10-31,UPS,1232,83.3861500874,102731.7369076768
2017-10-31,WYNN,740,133.7643397041,98985.611381034
2017-11-30,ABBV,1585,67.7272868406,107347.749642351
2017-11-30,ALGN,418,260.88,109047.84
2017-11-30,AMP,754,138.8362324986,104682.5193039444
2017-11-30,HD,820,147.0269839448,120562.126834736
2017-11-30,LII,960,189.6217294928,182036.860313088
2017-11-30,LMT,511,254.5338321882,130066.7882481702
2017-11-30,NVDA,19572,4.9619440489,97115.16892507082
2017-11-30,SPGI,897,153.585569007,137766.255399279
2017-11-30,UPS,1232,86.7989688669,106936.32964402079
2017-11-30,URI,733,153.7664218696,112710.78723041681
2017-12-31,ALGN,418,222.19,92875.42
2017-12-31,AMAT,2080,46.5606697931,96846.19316964799
2017-12-31,HD,820,154.9662121403,127072.293955046
2017-12-31,LII,960,188.7395189525,181189.9381944
2017-12-31,LMT,511,256.0732226874,130853.41679326141
2017-12-31,LRCX,5841,16.4285395519,95959.09952264788
2017-12-31,MU,2419,40.0970528528,96994.77085092319
2017-12-31,NVDA,19572,4.7836987368,93626.5516766496
2017-12-31,NVR,28,3508.22,98230.15999999999
2017-12-31,SPGI,897,157.2238058363,141029.7538351611
2018-01-31,ABBV,1479,78.9797305101,116811.0214244379
2018-01-31,ALGN,418,262.0,109516.0
2018-01-31,HD,820,164.2627131271,134695.424764222
2018-01-31,KMB,1110,87.3336572438,96940.35954061801
2018-01-31,LII,960,197.4850118838,189585.61140844802
2018-01-31,LMT,511,283.0324967159,144629.6058218249
2018-01-31,NVR,28,3178.17,88988.76000000001
2018-01-31,SPGI,897,168.0828290257,150770.29763605288
2018-01-31,TPL,2217,54.2165220649,120198.0294178833
2018-01-31,WYNN,651,150.6751751773,98089.5390404223
2018-02-28,ABBV,1479,81.5204258153,120568.7097808287
2018-02-28,ALGN,418,262.52,109733.35999999999
2018-02-28,HD,820,149.0301877634,122204.753965988
2018-02-28,LII,960,185.4497635803,178031.773037088
2018-02-28,LMT,511,282.7054759362,144462.4982033982
2018-02-28,NVDA,16456,5.9864196622,98512.5219611632
2018-02-28,SPGI,897,178.4781061438,160094.8612109886
2018-02-28,TPL,2217,54.4214555717,120652.36700245891
2018-02-28,UPS,1098,75.2588728321,82634.2423696458
2018-02-28,WYNN,651,152.8773612455,99523.1621708205
2018-03-31,ABBV,1479,66.6140749669,98522.2168760451
2018-03-31,ALGN,418,251.13,104972.34
2018-03-31,HD,820,146.5756817265,120192.05901572999
2018-03-31,LII,960,185.6763307547,178249.277524512
2018-03-31,LOW,1300,75.2909910561,97878.28837293
2018-03-31,MU,2101,50.8429069977,106820.9476021677
2018-03-31,NVDA,16456,5.7289046676,94274.8552100256
2018-03-31,SPGI,897,177.789504483,159477.185521251
2018-03-31,TPL,2217,51.3155867206,113766.6557595702
2018-03-31,WYNN,651,166.4400931148,108352.5006177348
2018-04-30,HD,820,151.970298379,124615.64467078
2018-04-30,LMT,368,257.3579187929,94707.71411578721
2018-04-30,MPC,1763,58.0945440082,102420.6810864566
2018-04-30,MSCI,730,137.1455737542,100116.268840566
2018-04-30,MU,2101,44.8361500528,94200.7512609328
2018-04-30,NVDA,16456,5.5634123224,91551.5131774144
2018-04-30,ON,4088,22.08,90263.04
2018-04-30,SPGI,897,175.5003692321,157423.8312011937
2018-04-30,TPL,2217,55.3219834837,122648.8373833629
2018-04-30,WYNN,651,169.9357366585,110628.1645646835
2018-05-31,BA,313,338.9571805339,106093.5975071107
2018-05-31,HD,820,154.2539868902,126488.269249964
2018-05-31,LMT,368,253.9087258905,93438.41112770399
2018-05-31,MPC,1763,61.6544776245,108696.8440519935
2018-05-31,MU,2101,56.1573266973,117986.5433910273
2018-05-31,NVDA,16456,6.2422727506,102722.8403838736
2018-05-31,ON,4088,25.13,102731.44
2018-05-31,SPGI,897,184.2408299839,165264.0244955583
2018-05-31,TPL,2217,71.7516622521,159073.43521290572
2018-05-31,WYNN,651,179.5954279502,116916.6235955802
2018-06-30,BA,313,322.9314051594,101077.5298148922
2018-06-30,IBKR,5775,15.3240592405,88496.4421138875
2018-06-30,LMT,368,238.4824025238,87761.5241287584
2018-06-30,LULU,951,124.85,118732.34999999999
2018-06-30,MU,2101,51.1354438619,107435.5675538519
2018-06-30,ON,4088,22.235,90896.68
2018-06-30,RL,865,108.4488632346,93808.266697929
2018-06-30,SPGI,897,190.2018370907,170611.0478703579
2018-06-30,STX,2414,41.9583575461,101287.4751162854
2018-06-30,TPL,2217,70.5992901471,156518.6262561207
2018-07-31,BA,313,342.9419679244,107340.8359603372
2018-07-31,CF,2737,36.5488864487,100034.3022100919
2018-07-31,HD,619,163.324832434,101098.071276646
2018-07-31,IBKR,5775,14.2415492336,82244.94682404
2018-07-31,LULU,951,119.95,114072.45
2018-07-31,SPGI,897,186.983452972,167724.15731588402
2018-07-31,STX,2414,39.0977293089,94381.9185516846
2018-07-31,TPL,2217,75.140753077,166587.049571709
2018-07-31,TSCO,7422,13.7460957473,102023.5226364606
2018-07-31,VLO,1241,86.0368826033,106771.7713106953
2018-08-31,BA,313,331.5799080822,103784.5112297286
2018-08-31,CF,2737,43.0117428541,117723.1401916717
2018-08-31,GWW,320,320.005476407,102401.75245024
2018-08-31,HD,619,166.8600250067,103286.3554791473
2018-08-31,LULU,951,154.93,147338.43
2018-08-31,MU,1942,51.2134536923,99456.5270704466
2018-08-31,ORLY,4901,22.3613333333,109592.8946665033
2018-08-31,SPGI,897,193.6226328052,173679.5016262644
2018-08-31,TPL,2217,84.7384389871,187865.11923440068
2018-08-31,VLO,1241,86.2919181066,107088.27037029059
2018-09-30,ALGN,258,391.22,100934.76000000001
2018-09-30,BA,313,359.7379381422,112597.9746385086
2018-09-30,CF,2737,45.0733259091,123365.69301320669
2018-09-30,GWW,320,323.0241402057,103367.724865824
2018-09-30,HD,619,172.1624454856,106568.5537555864
2018-09-30,ORLY,4901,23.1546666667,113481.0213334967
2018-09-30,SPGI,897,182.7187936431,163898.75789786072
2018-09-30,STX,2513,35.6439686076,89573.2931108988
2018-09-30,TPL,2217,87.5762187522,194156.4769736274
2018-09-30,VLO,1241,83.2686264389,103336.3654106749
2018-10-31,AMD,3237,18.21,58945.770000000004
2018-10-31,BA,313,343.2551888388,107438.8741065444
2018-10-31,FTNT,5418,16.436,89050.248
2018-10-31,GWW,320,256.6496882969,82127.900255008
2018-10-31,HD,619,146.173936336,90481.666591984
2018-10-31,KMB,1147,80.0036092307,91764.13978761289
2018-10-31,LULU,615,140.73,86548.95
2018-10-31,ORLY,4901,21.3833333333,104799.7166665033
2018-10-31,SPGI,897,170.4963941707,152935.2655711179
2018-10-31,TPL,2217,77.1754259389,171097.9193065413
2018-11-30,AMD,3237,21.3,68948.1
2018-11-30,CLX,847,131.5967941801,111462.4846705447
2018-11-30,HD,619,150.7339986306,93304.34515234141
2018-11-30,KMB,1147,88.4948839592,101503.63190120239
2018-11-30,LMT,418,245.8194050545,102752.511312781
2018-11-30,LULU,615,132.55,81518.25
2018-11-30,ORLY,4901,23.1186666667,113304.58533349671
2018-11-30,TJX,2019,44.183097618,89205.674090742
2018-11-30,TSCO,6156,16.8733707572,103872.4703813232
2018-11-30,UPS,1282,85.0798790246,109072.4049095372
2018-12-31,ABBV,1461,66.9181034661,97767.3491639721
2018-12-31,AMD,3237,18.46,59755.020000000004
2018-12-31,HD,619,143.6286360066,88906.1256880854
2018-12-31,KMB,1147,88.1720485397,101133.3396750359
2018-12-31,LMT,418,214.2440935309,89554.0310959162
2018-12-31,MCO,672,130.9222143589,87979.72804918079
2018-12-31,ORLY,4901,22.9553333333,112504.0886665033
2018-12-31,SBUX,1765,54.6584602456,96472.182333484
2018-12-31,SPGI,583,159.3680706155,92911.5851688365
2018-12-31,UPS,1282,71.9736369266,92270.20253990119
2019-01-31,ABBV,1461,59.0159539401,86222.3087064861
2019-01-31,HD,619,153.4173179275,94965.3197971225
2019-01-31,KMB,1147,86.1910019866,98861.0792786302
2019-01-31,LMT,418,237.0316661127,99079.2364351086
2019-01-31,MCO,672,148.1896615112,99583.4525355264
2019-01-31,MKC,1660,53.4879781728,88790.043766848
2019-01-31,NRG,3054,33.8418985526,103353.1581796404
2019-01-31,ORLY,4901,22.9773333333,112611.91066650329
2019-01-31,SBUX,1765,57.8327248623,102074.75938195949
2019-01-31,SPGI,583,179.727496372,104781.130384876
2019-02-28,ABBV,1461,58.2441672714,85094.72838351541
2019-02-28,HD,619,154.7631572009,95798.3943073571
2019-02-28,KMB,1147,90.408464375,103698.508638125
2019-02-28,LMT,418,254.9671630964,106576.27417429519
2019-02-28,MCO,672,162.3170098256,109077.03060280319
2019-02-28,NRG,3054,34.4788641328,105298.45106157119
2019-02-28,ORLY,4901,24.7973333333,121531.7306665033
2019-02-28,SBUX,1765,59.943842154,105800.88140181001
2019-02-28,SPGI,583,188.4354117194,109857.8450324102
2019-02-28,UPS,1285,82.0278696672,105405.81252235199
2019-03-31,AES,7573,13.8544116533,104919.4594504409
2019-03-31,DOC,4737,21.4696497962,101701.73108459939
2019-03-31,HD,619,161.6099774568,100036.57604575921
2019-03-31,KIM,7939,13.2464056093,105163.2141322327
2019-03-31,LMT,418,247.3447647943,103390.1116840174
2019-03-31,MSCI,583,184.3679011725,107486.4863835675
2019-03-31,ORLY,4901,25.8866666667,126870.55333349669
2019-03-31,SBUX,1765,63.4247826036,111944.741295354
2019-03-31,SPGI,583,198.0090629212,115439.2836830596
2019-03-31,UPS,1285,83.1741756498,106878.81570999301
2019-04-30,HD,619,171.5563729634,106193.3948643446
2019-04-30,KIM,7939,12.6433954178,100375.9162219142
2019-04-30,LMT,418,274.678273084,114815.518149112
2019-04-30,LULU,610,176.35,107573.5
2019-04-30,MCO,588,184.3505688072,108398.1344586336
2019-04-30,MSCI,583,208.9762500818,121833.1537976894
2019-04-30,ORLY,4901,25.238,123691.438
2019-04-30,SPGI,583,207.5168835155,120982.3430895365
2019-04-30,TPL,1269,81.6606021967,103627.3041876123
2019-04-30,UPS,1285,79.0653386211,101598.9601281135
2019-05-31,FICO,357,295.9,105636.29999999999
2019-05-31,GRMN,1364,65.3499674534,89137.3556064376
2019-05-31,HD,619,159.8918871237,98973.0781295703
2019-05-31,KLAC,859,94.7059766984,81352.4339839256
2019-05-31,MCO,588,171.9290777255,101094.297702594
2019-05-31,MSCI,583,204.5204630795,119235.4299753485
2019-05-31,ORLY,4901,24.758,121338.958
2019-05-31,SPGI,583,201.6751689431,117576.6234938273
2019-05-31,TPL,1269,75.0114420632,95189.5199782008
2019-05-31,WAT,468,200.71,93932.28
2019-06-30,AMD,3648,30.37,110789.76000000001
2019-06-30,AVGO,4764,24.2409795639,115484.0266424196
2019-06-30,CDNS,1573,70.81,111384.13
2019-06-30,LMT,356,301.5193846106,107340.9009213736
2019-06-30,MCO,588,183.6147647122,107965.48165077361
2019-06-30,MSCI,583,221.9782799816,129413.3372292728
2019-06-30,ORLY,4901,24.6213333333,120669.15466650331
2019-06-30,QCOM,1762,65.2033010814,114888.2165054268
2019-06-30,SPGI,583,214.7914098258,125223.3919284414
2019-06-30,TER,2443,46.5282115188,113668.4207404284
2019-07-31,AMD,3648,30.45,111081.59999999999
2019-07-31,CINF,1144,90.4323393438,103454.5962093072
2019-07-31,FICO,318,347.42,110479.56000000001
2019-07-31,HSY,879,128.6533767946,113086.3182024534
2019-07-31,LMT,356,300.3831092161,106936.3868809316
2019-07-31,MSCI,583,211.2414437079,123153.7616817057
2019-07-31,NSC,577,166.0000957174,95782.0552289398
2019-07-31,ORLY,4901,25.384,124406.984
2019-07-31,QCOM,1762,62.7089983846,110493.2551536652
2019-07-31,TSN,1516,64.9271214427,98429.5161071332
2019-08-31,BALL,1517,74.2810067128,112684.28718331759
2019-08-31,ERIE,514,191.4867444656,98424.1866553184
2019-08-31,FICO,318,352.72,112164.96
2019-08-31,HLT,1054,90.8689517242,95775.8751173068
2019-08-31,LMT,356,320.404779306,114064.101432936
2019-08-31,MCO,496,203.1368356554,100755.8704850784
2019-08-31,MSCI,583,218.7787668094,127548.0210498802
2019-08-31,MTD,132,656.79,86696.28
2019-08-31,ORLY,4901,25.584,125387.184
2019-08-31,SPGI,432,245.8862606416,106222.8645971712
2019-09-30,CIEN,2443,39.23,95838.89
2019-09-30,DECK,4069,24.56,99934.64
2019-09-30,ERIE,514,162.0970959375,83317.907311875
2019-09-30,HLT,1054,91.5969264376,96543.16046523041
2019-09-30,IDXX,345,271.93,93815.85
2019-09-30,LMT,356,325.3679628651,115830.9947799756
2019-09-30,MCO,496,193.0073200078,95731.63072386879
2019-09-30,MTD,132,704.4,92980.8
2019-09-30,ORLY,4901,26.5673333333,130206.5006665033
2019-09-30,SPGI,432,231.5124183558,100013.3647297056
2019-10-31,DECK,4069,25.4833333333,103691.6833331977
2019-10-31,FICO,329,304.04,100029.16
2019-10-31,HLT,1054,95.3843624465,100535.118018611
2019-10-31,HSY,757,125.1320892116,94724.99153318121
2019-10-31,IDXX,345,285.01,98328.45
2019-10-31,LMT,356,314.207055971,111857.71192567599
2019-10-31,MCO,496,207.9518891399,103144.1370133904
2019-10-31,NVR,26,3636.59,94551.34
2019-10-31,ORLY,4901,29.034,142295.634
2019-10-31,SPGI,432,243.8072039007,105324.7120851024
2019-11-30,HLT,1054,103.4503256916,109036.6432789464
2019-11-30,HSY,757,126.8969843239,96061.0171331923
2019-11-30,IDXX,345,251.58,86795.1
2019-11-30,LDOS,1263,83.3659532,105291.19889160001
2019-11-30,LMT,356,328.1790433011,116831.73941519161
2019-11-30,LRCX,3975,24.7637524431,98435.91596132249
2019-11-30,MA,374,281.7127606809,105360.57249465659
2019-11-30,MCO,496,214.0636743986,106175.5825017056
2019-11-30,ORLY,4901,29.4853333333,144507.61866650332
2019-11-30,SPGI,432,250.6373089345,108275.317459704
2019-12-31,BLDR,3935,25.41,99988.35
2019-12-31,BX,2315,44.5659366695,103170.14338989249
2019-12-31,HLT,1054,109.2731011662,115173.8486291748
2019-12-31,IDXX,345,261.13,90089.84999999999
2019-12-31,LMT,356,326.7942507751,116338.75327593561
2019-12-31,LRCX,3975,27.2528500405,108330.0789109875
2019-12-31,MCO,496,224.2063658137,111206.35744359519
2019-12-31,ORLY,4901,29.2173333333,143194.1506665033
2019-12-31,SPGI,432,258.5925456436,111711.97971803519
2019-12-31,TER,1639,66.4312360091,108880.7958189149
2020-01-31,BLDR,3935,24.795,97568.32500000001
2020-01-31,FICO,266,402.38,107033.08
2020-01-31,HLT,1054,106.2090010433,111944.28709963821
2020-01-31,IDXX,345,271.01,93498.45
2020-01-31,LMT,356,359.3075007495,127913.470266822
2020-01-31,MA,347,304.9687518071,105824.1568770637
2020-01-31,MCO,496,242.5085408251,120284.2362492496
2020-01-31,NVR,26,3816.97,99241.22
2020-01-31,ORLY,4901,27.0733333333,132686.4066665033
2020-01-31,SPGI,432,278.1775807796,120172.7148967872
2020-02-29,AAPL,1341,65.9974453358,88502.5741953078
2020-02-29,CDW,833,105.3924965342,87791.94961298861
2020-02-29,GNRC,965,102.99,99385.34999999999
2020-02-29,HLT,1054,95.9153433073,101094.77184589421
2020-02-29,IDXX,345,254.51,87805.95
2020-02-29,LMT,356,312.4343719144,111226.6364015264
2020-02-29,LRCX,3597,27.3488501621,98373.8140330737
2020-02-29,MCO,496,227.1574100898,112670.07540454081
2020-02-29,ORLY,4901,24.5813333333,120473.1146665033
2020-02-29,SPGI,432,252.4275816619,109048.7152779408
2020-03-31,AAPL,1341,61.3933654318,82328.5030440438
2020-03-31,APO,2800,28.7137216371,80398.42058388
2020-03-31,BX,2308,36.6572918783,84605.0296551164
2020-03-31,CLX,763,142.2489648451,108535.9601768113
2020-03-31,GNRC,965,93.17,89909.05
2020-03-31,HSY,806,114.0323064876,91910.0390290056
2020-03-31,LMT,356,286.3158146386,101928.4300113416
2020-03-31,LRCX,3597,22.4804948067,80862.3398196999
2020-03-31,MCO,496,200.1574479606,99278.0941884576
2020-03-31,SPGI,432,232.625244956,100494.105820992
2020-04-30,CPB,2712,40.2129144641,109057.4240266392
2020-04-30,GNRC,965,97.44,94029.59999999999
2020-04-30,IDXX,412,277.6,114371.20000000001
2020-04-30,LDOS,1180,91.3585691056,107803.111544608
2020-04-30,LLY,773,144.142144071,111421.877366883
2020-04-30,LMT,356,328.6444338201,116997.4184399556
2020-04-30,LRCX,3597,23.911752976,86010.575454672
2020-04-30,MCO,496,230.8198655205,114486.653298168
2020-04-30,ORLY,4982,25.756,128316.392
2020-04-30,SPGI,432,278.0301234144,120109.0133150208
2020-05-31,BLDR,5449,20.81,113393.68999999999
2020-05-31,DHI,2259,52.019095643,117511.137057537
2020-05-31,GNRC,965,111.27,107375.55
2020-05-31,LEN,2250,53.6491380773,120710.560673925
2020-05-31,LLY,773,143.2329872323,110719.09913056789
2020-05-31,LMT,356,330.1480247628,117532.6968155568
2020-05-31,MCO,496,253.6271689588,125799.0758035648
2020-05-31,NEM,2005,49.0134656866,98271.998701633
2020-05-31,ORLY,4982,27.816,138579.312
2020-05-31,SPGI,432,309.2023807412,133575.4284801984
2020-06-30,BLDR,5449,20.7,112794.3
2020-06-30,GEN,5011,17.4718294845,87551.3375468295
2020-06-30,GNRC,965,121.93,117662.45000000001
2020-06-30,IDXX,323,330.16,106641.68000000001
2020-06-30,LMT,356,310.1575975606,110416.10473157359
2020-06-30,LOW,855,121.2390080715,103659.3519011325
2020-06-30,MCO,496,260.5698819343,129242.6614394128
2020-06-30,ORLY,4982,28.1113333333,140050.6626665006
2020-06-30,SPGI,432,313.4453276925,135408.38156316
2020-06-30,WAT,500,180.4,90200.0
2020-07-31,CLX,552,196.2166973058,108311.6169128016
2020-07-31,EBAY,2105,50.0510323266,105357.42304749301
2020-07-31,GNRC,965,157.58,152064.7
2020-07-31,IDXX,323,397.75,128473.25
2020-07-31,KR,3355,30.6328455007,102773.1966548485
2020-07-31,LLY,650,140.7419787587,91482.28619315499
2020-07-31,LOW,855,134.1191551678,114671.877668469
2020-07-31,MCO,496,266.8012513673,132333.4206781808
2020-07-31,ORLY,4982,31.8253333333,158553.81066650062
2020-07-31,SPGI,432,333.2045223512,143944.3536557184
2020-08-31,AMD,1291,90.82,117248.62
2020-08-31,DVA,1144,86.76,99253.44
2020-08-31,GNRC,965,189.98,183330.69999999998
2020-08-31,LOW,855,148.3317686158,126823.662166509
2020-08-31,LRCX,2819,31.6231410565,89145.6346382735
2020-08-31,MPWR,393,256.3588203076,100749.01638088681
2020-08-31,NVDA,9452,13.3290524148,125986.2034246896
2020-08-31,ORLY,4982,31.042,154651.244
2020-08-31,QCOM,1071,105.2484476642,112721.0874483582
2020-08-31,SPGI,432,349.2390580857,150871.2730930224
2020-09-30,AAPL,798,112.3428712049,89649.6112215102
2020-09-30,ALGN,336,327.36,109992.96
2020-09-30,BLDR,3265,32.62,106504.29999999999
2020-09-30,CRM,372,247.6290121281,92117.9925116532
2020-09-30,GEN,4798,18.4633240991,88587.0290274818
2020-09-30,LOW,855,149.3855555445,127724.64999054749
2020-09-30,MA,288,327.3443588736,94275.1753555968
2020-09-30,MCO,357,275.4570902345,98338.18121371651
2020-09-30,NTAP,2429,38.079473006,92495.039931574
2020-09-30,SPGI,432,343.6919500728,148474.9224314496
2020-10-31,AAPL,798,105.6009408459,84269.5507950282
2020-10-31,ALGN,336,426.08,143162.88
2020-10-31,EBAY,2113,43.2506076781,91388.53402382531
2020-10-31,GNRC,516,210.15,108437.40000000001
2020-10-31,IDXX,254,424.82,107904.28
2020-10-31,LOW,855,142.8787903863,122161.3657802865
2020-10-31,MCO,357,249.8453304215,89194.7829604755
2020-10-31,NTAP,2429,38.5184714464,93561.3671433056
2020-10-31,ORLY,3253,29.1066666667,94683.9866667751
2020-10-31,SPGI,432,307.5976235358,132882.17336746558
2020-11-30,ALGN,336,481.29,161713.44
2020-11-30,CL,1442,75.2376775132,108492.73097403439
2020-11-30,EBAY,2113,45.9384472483,97067.9390356579
2020-11-30,GNRC,516,215.6,111249.59999999999
2020-11-30,IDXX,254,460.98,117088.92
2020-11-30,KMB,923,113.7449549307,104986.59340103611
2020-11-30,LOW,855,140.8182992915,120399.64589423251
2020-11-30,ORLY,3253,29.496,95950.488
2020-11-30,POOL,307,322.1986326057,98914.9802099499
2020-11-30,SPGI,432,335.9576641334,145133.7109056288
2020-12-31,ABBV,1182,86.6714930776,102445.7048177232
2020-12-31,ALGN,336,534.38,179551.68
2020-12-31,CL,1442,75.1234680541,108328.0409340122
2020-12-31,EBAY,2113,45.7744789654,96721.4740538902
2020-12-31,FSLR,1070,98.92,105844.40000000001
2020-12-31,KMB,923,110.9417769279,102399.26010445169
2020-12-31,NRG,3554,32.2538194575,114630.074351955
2020-12-31,NTAP,2137,58.1331407749,124230.52183596129
2020-12-31,ORLY,3253,30.1713333333,98147.34733322491
2020-12-31,SPGI,432,313.944405397,135623.983131504
2021-01-31,AAPL,775,128.2304675583,99378.6123576825
2021-01-31,ALGN,336,525.38,176527.68
2021-01-31,BLDR,2450,38.25,93712.5
2021-01-31,CL,1442,68.9112912276,99370.08195019921
2021-01-31,EBAY,2113,51.4769314694,108770.7561948422
2021-01-31,FCX,4100,25.2226015856,103412.66650096
2021-01-31,IDXX,200,478.68,95736.0
2021-01-31,NTAP,2137,58.7376665856,125522.39349342721
2021-01-31,QCOM,735,139.4347878084,102484.56903917399
2021-01-31,SPGI,432,302.7419965043,130784.5424898576
2021-02-28,ALGN,336,567.11,190548.96
2021-02-28,COHR,1189,84.3,100232.7
2021-02-28,EBAY,2113,51.5589156108,108943.9886856204
2021-02-28,FCX,4100,31.7836648,130313.02568
2021-02-28,IDXX,200,520.17,104033.99999999999
2021-02-28,NRG,2789,31.6066327027,88150.8986078303
2021-02-28,NTAP,2137,55.3428345614,118267.6374577118
2021-02-28,QCOM,735,121.5102620401,89310.0425994735
2021-02-28,TTD,1305,80.539,105103.395
2021-02-28,WSM,1711,59.4899839149,101787.3624783939
2021-03-31,ALGN,336,541.53,181954.08
2021-03-31,COHR,1189,68.37,81291.93000000001
2021-03-31,FCX,4100,30.86511595,126546.975395
2021-03-31,GNRC,303,327.45,99217.34999999999
2021-03-31,IDXX,200,489.31,97862.0
2021-03-31,MOS,3848,27.9841793819,107683.1222615512
2021-03-31,NTAP,2137,64.2454279166,137292.4794577742
2021-03-31,TER,793,119.2303339706,94549.6548386858
2021-03-31,TPL,868,166.0660404267,144145.3230903756
2021-03-31,ZBRA,200,485.18,97036.0
2021-04-30,ADSK,360,291.91,105087.6
2021-04-30,CL,1435,71.6911675928,102876.825495668
2021-04-30,FCX,4100,35.4183923731,145215.40872971
2021-04-30,HD,370,286.3298951096,105942.06119055199
2021-04-30,ORLY,2957,36.8586666667,108991.07733343191
2021-04-30,SPGI,296,373.7139001742,110619.31445156319
2021-04-30,TPL,868,160.9171918003,139676.1224826604
2021-04-30,TPR,2754,42.1585025956,116104.51614828239
2021-04-30,TRGP,3500,31.304939714,109567.288999
2021-04-30,WSM,1231,77.6408221397,95575.85205397071
2021-05-31,ADSK,360,285.86,102909.6
2021-05-31,ALGN,167,590.15,98555.05
2021-05-31,COHR,1489,67.37,100313.93000000001
2021-05-31,HD,370,282.1190312646,104384.041567902
2021-05-31,MAS,1724,54.965977757,94761.345653068
2021-05-31,MOS,3210,31.994566367,102702.55803807
2021-05-31,NTAP,1504,68.8461671226,103544.6353523904
2021-05-31,ORLY,2957,35.6746666667,105489.98933343189
2021-05-31,TPL,868,151.8241663142,131783.3763607256
2021-05-31,TPR,2754,39.5505785061,108922.2932057994
2021-06-30,CL,1343,72.2686057457,97056.7375164751
2021-06-30,FCX,2492,34.8548539105,86858.295944966
2021-06-30,HD,370,283.5873622755,104927.324041935
2021-06-30,MAS,1724,53.6900306693,92561.61287387321
2021-06-30,MOS,3210,28.3065704064,90864.091004544
2021-06-30,NTAP,1504,72.8059117742,109500.0913083968
2021-06-30,ORLY,2957,37.7473333333,111618.8646665681
2021-06-30,TPL,868,167.4482506769,145345.08158754918
2021-06-30,TPR,2754,38.3082903419,105501.0316015926
2021-06-30,WAT,310,345.61,107139.1
2021-07-31,CL,1343,71.0094707434,95365.7192083862
2021-07-31,GDDY,1149,83.85,96343.65
2021-07-31,HD,370,291.8578081006,107987.38899722199
2021-07-31,MAS,1724,54.4191432908,93818.6030333392
2021-07-31,MOS,3210,27.7033592539,88927.783205019
2021-07-31,NTAP,1504,71.2554929456,107168.2613901824
2021-07-31,ORLY,2957,40.256,119036.992
2021-07-31,SPGI,253,411.2412867408,104044.0455454224
2021-07-31,TRGP,2492,38.0894122282,94918.81527267439
2021-07-31,WAT,310,389.81,120841.1
2021-08-31,CL,1343,69.6250093641,93506.3875759863
2021-08-31,GDDY,1149,73.31,84233.19
2021-08-31,GNRC,238,436.98,104001.24
2021-08-31,HD,370,290.0703246481,107326.02011979699
2021-08-31,KMB,879,115.404660429,101440.696517091
2021-08-31,LOW,568,186.2192303956,105772.52286470079
2021-08-31,MAS,1724,55.5487286391,95766.0081738084
2021-08-31,NTAP,1504,79.6174266573,119744.60969257921
2021-08-31,ORLY,2957,39.6053333333,117112.9706665681
2021-08-31,WAT,310,414.02,128346.2
2021-09-30,CL,1343,67.5081232551,90663.4095315993
2021-09-30,HD,370,293.4083423454,108561.086667798
2021-09-30,LOW,568,185.2784985927,105238.1872006536
2021-09-30,MAS,1724,50.8190361644,87612.0183474256
2021-09-30,NUE,913,92.0380313282,84030.72260264661
2021-09-30,ORLY,2957,40.7373333333,120460.29466656811
2021-09-30,STLD,1593,54.6069944809,86988.9422080737
2021-09-30,TPL,702,126.8719542167,89064.1118601234
2021-09-30,TPR,2814,32.8176623202,92348.9017690428
2021-09-30,WAT,310,357.3,110763.0
2021-10-31,BX,1013,118.3342784522,119872.6240720786
2021-10-31,CL,1343,68.4607499539,91942.7871880877
2021-10-31,COR,887,115.0408450022,102041.2295169514
2021-10-31,HD,370,332.2720318756,122940.651793972
2021-10-31,LOW,568,214.3216794109,121734.7139053912
2021-10-31,ORCL,1223,90.2903709399,110425.1236594977
2021-10-31,ORLY,2957,41.488,122680.016
2021-10-31,SPG,982,114.753218886,112687.660946052
2021-10-31,TPL,702,133.618609783,93800.26406766601
2021-10-31,WAT,310,367.55,113940.5
2021-11-30,CL,1343,67.4094429917,90530.8819378531
2021-11-30,COR,887,109.5299760801,97153.0887830487
2021-11-30,DVN,3072,34.1548887377,104923.8182022144
2021-11-30,HD,370,358.0768781667,132488.444921679
2021-11-30,LOW,568,224.1935658503,127341.94540297039
2021-11-30,NTAP,1243,80.009155496,99451.380281528
2021-11-30,ORCL,1223,85.3965838971,104440.02210615331
2021-11-30,ORLY,2957,42.544,125802.608
2021-11-30,TRGP,2018,46.7850006104,94412.13123178719
2021-11-30,WAT,310,328.07,101701.7
2021-12-31,BX,826,110.6145953542,91367.65576256921
2021-12-31,HD,370,372.4765728815,137816.331966155
2021-12-31,IT,320,334.32,106982.4
2021-12-31,LOW,568,236.9252745451,134573.5559416168
2021-12-31,NUE,1007,107.1406391918,107890.62366614261
2021-12-31,ORCL,1223,82.0744553853,100377.0589362219
2021-12-31,ORLY,2957,47.082,139221.47400000002
2021-12-31,SPG,835,126.4349143724,105573.153500954
2021-12-31,TRGP,2018,47.3377577356,95527.5951104408
2021-12-31,WSM,1120,77.4886769439,86787.31817716801
2022-01-31,BX,826,112.8202190965,93189.500973709
2022-01-31,F,6138,16.0037063738,98230.7497223844
2022-01-31,FANG,1135,102.98832242,116891.7459467
2022-01-31,HD,370,329.3690578927,121866.55142029902
2022-01-31,LOW,568,218.287339113,123987.208616184
2022-01-31,MCK,411,250.981273139,103153.303260129
2022-01-31,NVDA,3406,24.4380499817,83235.9982376702
2022-01-31,ORCL,1223,76.663810537,93759.840286751
2022-01-31,ORLY,2957,43.45,128481.65000000001
2022-01-31,SPG,835,116.4875721075,97267.1227097625
2022-02-28,CL,1342,69.5155235456,93289.83259819521
2022-02-28,F,6138,13.8436001933,84972.0179864754
2022-02-28,HD,370,283.4613045786,104880.682694082
2022-02-28,LOW,568,203.3056633003,115477.61675457041
2022-02-28,MCK,411,269.2730292173,110671.2150083103
2022-02-28,NUE,1050,123.5378968938,129714.79173848999
2022-02-28,ORCL,1223,71.7613317705,87764.10875532149
2022-02-28,ORLY,2957,43.2826666667,127986.8453334319
2022-02-28,SPG,835,108.8589023037,90897.18342358951
2022-02-28,STX,1066,90.2385212045,96194.26360399701
2022-03-31,BX,907,109.709931179,99506.90757935299
2022-03-31,CL,1342,68.5037316499,91932.0078741658
2022-03-31,COR,730,148.511696756,108413.53863188
2022-03-31,FANG,887,112.4032656077,99701.69659402991
2022-03-31,HD,370,270.2615557699,99996.77563486299
2022-03-31,LOW,568,185.9511990531,105620.2810621608
2022-03-31,MTD,70,1373.19,96123.3
2022-03-31,ORCL,1223,78.1468339788,95573.5779560724
2022-03-31,ORLY,2957,45.664,135028.448
2022-03-31,STX,1066,79.2360173206,84465.5944637596
2022-04-30,APA,2776,35.7688183688,99294.2397917888
2022-04-30,CF,1061,88.4989203203,93897.3544598383
2022-04-30,COP,1166,81.8983606569,95493.4885259454
2022-04-30,COR,730,145.2287156758,106016.962443334
2022-04-30,DVN,2007,48.9961686097,98335.3103996679
2022-04-30,FANG,887,103.5064503768,91810.2214842216
2022-04-30,MOS,1683,55.7420052202,93813.7947855966
2022-04-30,NUE,714,145.7617307697,104073.8757695658
2022-04-30,ORLY,2957,40.4366666667,119571.2233334319
2022-04-30,OXY,1872,51.8635498403,97088.5653010416
2022-05-31,APA,2776,41.0821439413,114044.0315810488
2022-05-31,CF,1061,90.6196742353,96147.4743636533
2022-05-31,COP,1166,96.7569378458,112818.58952820279
2022-05-31,COR,730,149.0355496908,108795.951274284
2022-05-31,DVN,2007,63.087726128,126617.066338896
2022-05-31,EOG,1024,114.4438206859,117190.4723823616
2022-05-31,KMB,838,114.2732690539,95760.99946716819
2022-05-31,NUE,714,124.7422073766,89065.9360668924
2022-05-31,ORLY,2957,42.478,125607.44600000001
2022-05-31,OXY,1872,65.2507286156,122149.3639684032
2022-06-30,CF,1061,78.6557119793,83453.7104100373
2022-06-30,COP,1166,77.9253586471,90860.9681825186
2022-06-30,COR,730,136.2203602963,99440.86301629899
2022-06-30,DLTR,623,155.85,97094.55
2022-06-30,DVN,2007,47.2147535867,94760.0104485069
2022-06-30,EOG,1024,93.5492086425,95794.38964992
2022-06-30,FANG,783,101.7596313662,79677.79135973459
2022-06-30,KMB,838,117.1597265057,98179.85081177659
2022-06-30,MOS,1787,42.2849015153,75563.1190078411
2022-06-30,OXY,1872,55.5421383189,103974.8829329808
2022-07-31,CF,1061,87.6103340359,92954.5644120899
2022-07-31,CL,1373,71.987362191,98838.648288243
2022-07-31,COP,1166,84.5369969155,98570.138403473
2022-07-31,COR,730,140.5049277497,102568.59725728098
2022-07-31,CVX,811,139.3977273082,113051.55684695019
2022-07-31,DVN,2007,53.845894809,108068.710881663
2022-07-31,KMB,838,114.2469874672,95738.9754975136
2022-07-31,MPC,1327,84.0150657474,111487.9922467998
2022-07-31,OXY,1872,62.02268333,116106.46319376
2022-07-31,VLO,1061,98.1712800864,104159.7281716704
2022-08-31,CF,1061,95.2859345418,101098.3765488498
2022-08-31,CL,1373,71.502814287,98173.36401605101
2022-08-31,COP,1166,95.3998864033,111236.26754624781
2022-08-31,COR,730,141.542811236,103326.25220228001
2022-08-31,CVX,811,135.7305810427,110077.5012256297
2022-08-31,DVN,2007,60.502738129,121428.995424903
2022-08-31,KMB,838,110.5453816057,92637.0297855766
2022-08-31,OXY,1872,66.9750648887,125377.32147164641
2022-08-31,VLO,1061,104.7425861484,111131.8839034524
2022-08-31,XOM,1179,84.3803117934,99484.3876044186
2022-09-30,AMGN,467,200.4555838085,93612.7576385695
2022-09-30,CF,1061,88.6455750981,94052.95517908409
2022-09-30,CL,1373,64.2254533136,88181.5473995728
2022-09-30,COR,730,130.6972478478,95408.99092889401
2022-09-30,DLTR,737,136.1,100305.7
2022-09-30,KMB,838,98.4611644992,82510.4558503296
2022-09-30,MTD,82,1084.12,88897.84
2022-09-30,OXY,1872,58.0813020296,108728.1973994112
2022-09-30,STX,1677,47.9334283445,80384.3593337265
2022-09-30,VRTX,354,289.54,102497.16
2022-10-31,CL,1373,67.9592318168,93308.02528446639
2022-10-31,COR,730,151.8378874354,110841.657827842
2022-10-31,EQT,2593,39.5909379501,102659.30210460929
2022-10-31,IT,361,301.92,108993.12000000001
2022-10-31,KMB,838,108.8899638668,91249.78972037841
2022-10-31,MTD,82,1264.93,103724.26000000001
2022-10-31,NUE,983,124.8976790638,122774.4185197154
2022-10-31,OXY,1872,68.6200574019,128456.7474563568
2022-10-31,SMCI,18158,6.959,126361.522
2022-10-31,VRTX,354,312.0,110448.0
2022-11-30,AON,365,299.5025114618,109318.41668355699
2022-11-30,CF,1021,100.0120986038,102112.3526744798
2022-11-30,CL,1373,71.3093347937,97907.71667175011
2022-11-30,COR,730,165.3625797568,120714.683222464
2022-11-30,EQT,2593,40.2672928883,104413.09045936189
2022-11-30,IT,361,350.37,126483.57
2022-11-30,KMB,838,118.6625887776,99439.24939562881
2022-11-30,MTD,82,1469.56,120503.92
2022-11-30,OXY,1872,65.6805480559,122953.98596064482
2022-11-30,VRTX,354,316.4,112005.59999999999
2022-12-31,AMGN,389,235.1711686252,91481.5845952028
2022-12-31,AON,365,291.5942772485,106431.9111957025
2022-12-31,CF,1021,78.7598743048,80413.83166520079
2022-12-31,CL,1373,72.5150037222,99563.1001105806
2022-12-31,COR,730,160.5380109643,117192.748003939
2022-12-31,EQT,2593,32.1207856263,83289.19712899589
2022-12-31,IT,361,336.14,121346.54
2022-12-31,KMB,838,119.7749647352,100371.4204480976
2022-12-31,MTD,82,1445.45,118526.90000000001
2022-12-31,OXY,1872,59.6605178909,111684.4894917648
2023-01-31,AMGN,389,226.0021434702,87914.8338099078
2023-01-31,AON,365,310.1504533511,113204.9154731515
2023-01-31,CL,1373,69.0216291681,94766.69684780132
2023-01-31,COR,730,163.6865749353,119491.199702769
2023-01-31,IT,361,338.14,122068.54
2023-01-31,KMB,838,114.7104468893,96127.3544932334
2023-01-31,LVS,2202,55.7312238016,122720.15481112321
2023-01-31,MTD,82,1532.92,125699.44
2023-01-31,OXY,1872,61.3653747285,114875.981491752
2023-01-31,SMCI,12180,7.233,88097.94
2023-02-28,AMGN,389,209.2643715503,81403.8405330667
2023-02-28,AON,365,295.9120288107,108007.8905159055
2023-02-28,CL,1373,67.8825361334,93202.72211115819
2023-02-28,COR,730,151.1763028386,110358.70107217801
2023-02-28,IT,361,327.81,118339.41
2023-02-28,KMB,838,110.3341387855,92460.008302249
2023-02-28,OXY,1872,55.4646757849,103829.87306933281
2023-02-28,SMCI,12180,9.797,119327.46
2023-02-28,STLD,868,120.3256539005,104442.667585634
2023-02-28,TPL,467,190.5965277745,89008.5784706915
2023-03-31,AON,365,306.8511875143,112000.68344271951
2023-03-31,APA,2936,31.9981801026,93946.6567812336
2023-03-31,CL,1373,69.5958061449,95555.0418369477
2023-03-31,COR,730,155.59808336,113586.60085280001
2023-03-31,IT,361,325.77,117602.96999999999
2023-03-31,LVS,1842,54.2670984306,99959.9953091652
2023-03-31,MTD,69,1530.21,105584.49
2023-03-31,STLD,868,108.2859580085,93992.211551378
2023-03-31,TPL,467,182.4529902132,85205.5464295644
2023-03-31,UAL,1924,44.25,85137.0
2023-04-30,AON,365,317.0750186693,115732.3818142945
2023-04-30,APA,2936,32.9160321883,96641.4705048488
2023-04-30,COR,730,162.1481494511,118368.149099303
2023-04-30,HD,365,278.4824471515,101646.0932102975
2023-04-30,IT,361,302.46,109188.06
2023-04-30,MPC,794,113.8666258174,90410.10089901561
2023-04-30,MTD,69,1491.5,102913.5
2023-04-30,STLD,868,99.560634486,86418.630733848
2023-04-30,UAL,1924,43.8,84271.2
2023-04-30,URI,261,349.3030475278,91168.0954047558
2023-05-31,APA,2936,28.3872863757,83345.0727990552
2023-05-31,CL,1344,69.3157130704,93160.31836661759
2023-05-31,COR,730,165.8229412113,121050.747084249
2023-05-31,GE,1286,79.7498754792,102558.3398662512
2023-05-31,HD,365,264.583343181,96572.920261065
2023-05-31,IT,361,342.86,123772.46
2023-05-31,MRNA,752,127.71,96037.92
2023-05-31,MTD,69,1321.87,91209.03
2023-05-31,NFLX,3030,39.523,119754.69000000002
2023-05-31,TPL,630,139.8360767898,88096.72837757399
2023-06-30,APA,2936,30.5221389383,89612.9999228488
2023-06-30,AXON,518,195.12,101072.16
2023-06-30,BLDR,862,136.0,117232.0
2023-06-30,CL,1344,71.7946025134,96491.9457780096
2023-06-30,COR,730,187.5363419176,136901.529599848
2023-06-30,DECK,1263,87.9433333333,111072.42999995791
2023-06-30,HD,365,289.9635552152,105836.697653548
2023-06-30,IT,361,350.31,126461.91
2023-06-30,KMB,835,124.0626734253,103592.33231012551
2023-06-30,MAR,613,178.5085861359,109425.7633013067
2023-07-31,APA,2936,36.4055711176,106886.75680127359
2023-07-31,BLDR,862,144.43,124498.66
2023-07-31,CL,1344,71.510729612,96110.42059852801
2023-07-31,COR,730,182.1469745071,132967.291390183
2023-07-31,GE,1158,89.7982853604,103986.4144473432
2023-07-31,HD,365,311.6193448141,113741.06085714648
2023-07-31,IT,361,353.59,127645.98999999999
2023-07-31,KLAC,211,501.2051047778,105754.2771081158
2023-07-31,MAR,613,196.1174683875,120220.0081215375
2023-07-31,SMCI,4012,33.027,132504.324
2023-08-31,BLDR,862,145.04,125024.48
2023-08-31,COR,730,171.9494196203,125523.076322819
2023-08-31,DAL,2229,41.5827180329,92687.8784953341
2023-08-31,HD,365,310.2639107936,113246.327439664
2023-08-31,IT,361,349.68,126234.48
2023-08-31,KLAC,211,490.7207831726,103542.08524941861
2023-08-31,MAR,613,198.2675793236,121538.0261253668
2023-08-31,META,316,293.6084530267,92780.27115643719
2023-08-31,UAL,1841,49.81,91700.21
2023-08-31,VRT,3857,39.2582785286,151419.1802848102
2023-09-30,APA,2536,36.9540373656,93715.43875916161
2023-09-30,AVGO,1121,80.7004341794,90465.18671510741
2023-09-30,BKNG,820,121.1029710353,99304.436248946
2023-09-30,BLDR,862,124.49,107310.37999999999
2023-09-30,COR,730,175.8480341463,128369.064926799
2023-09-30,HD,365,283.8308909639,103598.2752018235
2023-09-30,MAR,613,191.4966114287,117387.42280579309
2023-09-30,MSI,363,265.0924261805,96228.5507035215
2023-09-30,PHM,1244,72.6485866305,90374.84176834201
2023-09-30,SMCI,3635,27.422,99678.97
2023-10-31,APA,2536,35.9250169578,91105.8430049808
2023-10-31,BKNG,820,109.5426332727,89824.95928361401
2023-10-31,BLDR,862,108.52,93544.23999999999
2023-10-31,DELL,1520,64.2161181371,97608.499568392
2023-10-31,HD,365,267.4206259879,97608.5284855835
2023-10-31,JBL,792,122.127668798,96725.113688016
2023-10-31,MAR,613,183.7026915496,112609.74991990479
2023-10-31,MSI,363,271.149122077,98427.131313951
2023-10-31,SMCI,3635,23.947,87047.345
2023-10-31,VRT,2697,39.1386798126,105557.0194545822
2023-11-30,ANET,1996,54.9275,109635.29000000001
2023-11-30,BKNG,820,122.7424428299,100648.803120518
2023-11-30,COR,552,199.2250374087,109972.2206496024
2023-11-30,IT,301,434.84,130886.84
2023-11-30,JBL,792,114.7581933737,90888.4891519704
2023-11-30,MAR,613,197.974071131,121358.10560330299
2023-11-30,MSI,363,314.3931517812,114124.7140965756
2023-11-30,NVDA,2453,46.7377806303,114647.7758861259
2023-11-30,SMCI,3635,27.347,99406.345
2023-11-30,VRT,2697,43.5139995065,117357.2566690305
2023-12-31,BKNG,820,139.2950212928,114221.917460096
2023-12-31,CL,1345,75.2355413774,101191.803152603
2023-12-31,COR,552,201.1940708217,111059.1270935784
2023-12-31,DECK,903,111.405,100598.715
2023-12-31,HD,337,327.7156737472,110440.1820528064
2023-12-31,META,308,351.2306871923,108179.05165522841
2023-12-31,MSI,363,305.8159440863,111011.18770332691
2023-12-31,NVDA,2453,49.4921357946,121404.20910415381
2023-12-31,PHM,1152,101.4650994753,116887.7945955456
2023-12-31,VRT,2697,47.8947729001,129172.2025115697
2024-01-31,BKNG,820,137.7340870693,112941.95139682599
2024-01-31,CL,1345,79.9480854382,107530.174914379
2024-01-31,COR,552,227.9376589677,125821.5877501704
2024-01-31,CVNA,9444,8.612,81331.728
2024-01-31,FTNT,1708,64.49,110148.92
2024-01-31,HD,337,333.7773025705,112482.9509662585
2024-01-31,MSI,363,312.0770198204,113283.9581948052
2024-01-31,NVDA,2453,61.4898961883,150834.7153498999
2024-01-31,ORCL,975,108.9869964785,106262.3215665375
2024-01-31,VRT,2697,56.171404486,151494.277898742
2024-02-29,BKNG,820,136.2167411977,111697.727782114
2024-02-29,CL,1345,82.1509305476,110493.00158652199
2024-02-29,CVNA,9444,15.186,143416.584
2024-02-29,FTNT,1708,69.11,118039.88
2024-02-29,HD,337,359.924578228,121294.58286283599
2024-02-29,META,258,486.8702804621,125612.5323592218
2024-02-29,MSI,363,322.7140112002,117145.18606567259
2024-02-29,NVDA,2453,79.0642915671,193944.7072140963
2024-02-29,ORCL,975,108.9674822446,106243.295188485
2024-02-29,VRT,2697,67.4296178118,181857.6792384246
2024-03-31,COR,432,238.5646158729,103059.9140570928
2024-03-31,DECK,669,156.8766666667,104950.4900000223
2024-03-31,LII,216,479.933506566,103665.637418256
2024-03-31,META,258,482.350541258,124446.439644564
2024-03-31,MSI,363,347.7242699528,126223.9099928664
2024-03-31,NVDA,2453,90.3057127104,221519.9132786112
2024-03-31,ORCL,975,122.5591461742,119495.167519845
2024-03-31,PANW,644,142.065,91489.86
2024-03-31,SMCI,1154,101.003,116557.462
2024-03-31,VRT,2697,81.4664540259,219715.0265078523
2024-04-30,COR,432,234.6963719677,101388.8326900464
2024-04-30,DELL,908,120.6301346999,109532.16230750919
2024-04-30,FIX,317,307.1918986988,97379.8318875196
2024-04-30,LII,216,455.0511204125,98291.0420091
2024-04-30,NTAP,994,98.3428154844,97752.7585914936
2024-04-30,NVDA,2453,86.3539132942,211826.1493106726
2024-04-30,ORCL,975,111.3474657999,108563.7791549025
2024-04-30,SMCI,1154,85.88,99105.51999999999
2024-04-30,VST,1454,74.8558065554,108840.34273155159
2024-04-30,WSM,651,139.1921756743,90614.10636396929
2024-05-31,APA,3461,28.0554491964,97099.90966874041
2024-05-31,COR,432,222.9499134511,96314.3626108752
2024-05-31,DELL,908,135.0701347779,122643.6823783332
2024-05-31,LII,216,493.5235706688,106601.0912644608
2024-05-31,NRG,1417,78.6254878279,111412.3162521343
2024-05-31,NVDA,2453,109.5719841691,268780.0771668023
2024-05-31,ORCL,975,114.7148089414,111846.93871786499
2024-05-31,SMCI,1154,78.451,90532.454
2024-05-31,VST,1454,97.7942156317,142192.7895284918
2024-05-31,WSM,651,142.3179083312,92648.9583236112
2024-06-30,CVNA,5001,25.744,128745.744
2024-06-30,HD,311,329.7101025536,102539.8418941696
2024-06-30,LII,216,526.4480540045,113712.77966497201
2024-06-30,NRG,1417,75.5775368183,107093.36967153111
2024-06-30,NVDA,2453,123.4814561116,302900.0118417548
2024-06-30,PHM,865,108.6205243674,93956.75357780099
2024-06-30,SMCI,1154,81.935,94552.99
2024-06-30,URI,152,635.5063227635,96596.961060052
2024-06-30,VST,1454,85.074972907,123699.010606778
2024-06-30,WSM,651,137.0517283114,89220.67513072141
2024-07-31,ANET,1141,86.6375,98853.3875
2024-07-31,CVNA,5001,26.646,133256.646
2024-07-31,HD,311,352.6204722175,109664.96685964249
2024-07-31,KKR,961,121.9422034664,117186.4575312104
2024-07-31,LII,216,574.1942493394,124025.95785731041
2024-07-31,NTAP,806,122.6677733083,98870.2252864898
2024-07-31,NVDA,2453,116.9645458489,286914.0309673517
2024-07-31,SMCI,1154,70.165,80970.41
2024-07-31,VRT,1157,78.5257723586,90854.31861890019
2024-07-31,WSM,651,150.7343508334,98128.06239254339
2024-08-31,ANET,1141,88.345,100801.645
2024-08-31,COR,427,236.2478527733,100877.8331341991
2024-08-31,CVNA,5001,30.124,150650.12399999998
2024-08-31,FIX,302,351.6278835645,106191.62083647899
2024-08-31,HD,311,355.1096061996,110439.0875280756
2024-08-31,NRG,1370,82.9754322116,113676.34212989199
2024-08-31,NVDA,2453,119.3134322166,292675.8492273198
2024-08-31,SMCI,1154,43.77,50510.58
2024-08-31,VRT,1157,82.8461865175,95853.03780074751
2024-08-31,WSM,651,130.9034480699,85218.1446935049
2024-09-30,COR,427,221.95878742,94776.40222834
2024-09-30,CVNA,5001,34.822,174144.82200000001
2024-09-30,DECK,625,159.45,99656.25
2024-09-30,FIX,302,388.2607613413,117254.7499250726
2024-09-30,NRG,1370,88.9196785611,121819.959628707
2024-09-30,NVDA,2453,121.3926394922,297776.14467436663
2024-09-30,SMCI,1154,41.64,48052.56
2024-09-30,VRT,1157,99.2981780581,114887.99201322171
2024-09-30,VST,1183,117.5308965328,139039.0505983024
2024-09-30,WSM,651,150.9682288021,98280.3169501671
2024-10-31,EME,233,444.7002635723,103615.1614123459
2024-10-31,FIX,302,388.9470683103,117462.0146297106
2024-10-31,HD,256,379.4420826081,97137.1731476736
2024-10-31,LII,167,594.0885565081,99212.78893685271
2024-10-31,NRG,1370,88.2364318542,120883.91164025401
2024-10-31,NVDA,2453,132.708224794,325533.275419682
2024-10-31,SMCI,1154,29.11,33592.94
2024-10-31,VRT,1157,109.0792831437,126204.73059726089
2024-10-31,VST,1183,123.8962445651,146569.2573205133
2024-10-31,WSM,651,131.2258300054,85428.0153335154
2024-11-30,CL,1106,93.2089419866,103089.08983717959
2024-11-30,EME,233,508.5535867767,118492.9857189711
2024-11-30,FIX,302,491.0207087864,148288.2540534928
2024-11-30,GDDY,599,197.57,118344.43
2024-11-30,MSI,226,491.8527221364,111158.71520282641
2024-11-30,NVDA,2453,138.1960837434,338994.9934225602
2024-11-30,RCL,494,239.0767869402,118103.9327484588
2024-11-30,VRT,1157,127.3539805027,147348.5554416239
2024-11-30,VST,1183,158.4793192324,187481.0346519292
2024-11-30,WSM,651,168.2954393315,109560.3310048065
2024-12-31,CL,1106,87.6914510608,96986.74487324481
2024-12-31,FIX,302,422.1263035821,127482.14368179419
2024-12-31,FTNT,1052,94.48,99392.96
2024-12-31,GDDY,599,197.37,118224.63
2024-12-31,IBKR,2108,43.8418969039,92418.7186734212
2024-12-31,NVDA,2453,134.246882046,329307.601658838
2024-12-31,TPL,189,365.3703637667,69054.9987519063
2024-12-31,TRGP,505,172.9029499853,87315.98974257651
2024-12-31,VRT,1157,113.4241324899,131231.7212908143
2024-12-31,VST,1183,136.9126951492,161967.71836150362
2025-01-31,CL,1106,84.1044351776,93019.50530642559
2025-01-31,DECK,492,177.36,87261.12000000001
2025-01-31,EME,220,446.9026915252,98318.592135544
2025-01-31,FTNT,1052,100.88,106125.76
2025-01-31,GDDY,599,212.65,127377.35
2025-01-31,LYV,772,144.68,111692.96
2025-01-31,NVDA,2453,120.0314478164,294437.1414936292
2025-01-31,UAL,1029,105.84,108909.36
2025-01-31,VST,1183,166.8632782036,197399.2581148588
2025-01-31,WSM,551,207.3745750662,114263.3908614762
2025-02-28,FTNT,1052,108.01,113626.52
2025-02-28,GDDY,599,179.5,107520.5
2025-02-28,HD,250,384.201498772,96050.37469299999
2025-02-28,IBKR,1853,50.7853297186,94105.21596856581
2025-02-28,LYV,772,143.36,110673.92000000001
2025-02-28,MMM,676,151.5041871919,102416.8305417244
2025-02-28,TRGP,522,196.1395082008,102384.82328081761
2025-02-28,UAL,1029,93.81,96530.49
2025-02-28,VST,1183,132.7319274218,157021.87013998942
2025-02-28,WSM,551,190.9019483199,105186.97352426489
2025-03-31,CL,1130,90.894874004,102711.20762452
2025-03-31,CLX,674,139.6120938933,94098.5512840842
2025-03-31,FOXA,1760,56.0687114564,98680.932163264
2025-03-31,FTNT,1052,96.26,101265.52
2025-03-31,GDDY,599,180.14,107903.85999999999
2025-03-31,HD,250,357.3843461101,89346.086527525
2025-03-31,KMB,741,136.1833749222,100911.88081735019
2025-03-31,LYV,772,130.58,100807.76000000001
2025-03-31,MMM,676,143.4367259605,96963.226749298
2025-03-31,VRSK,339,295.3214958076,100113.9870787764
2025-04-30,CL,1130,89.917028466,101606.24216658
2025-04-30,CLX,674,136.1020954999,91732.8123669326
2025-04-30,COR,362,289.9279789129,104953.9283664698
2025-04-30,FOXA,1760,49.3226350427,86807.837675152
2025-04-30,FTNT,1052,103.76,109155.52
2025-04-30,GDDY,599,188.33,112809.67000000001
2025-04-30,HD,250,351.5334195455,87883.354886375
2025-04-30,KMB,741,126.1865078558,93504.20232114781
2025-04-30,MMM,676,135.6720386979,91714.2981597804
2025-04-30,VRSK,339,294.1406861173,99713.6925937647
2025-05-31,APP,371,393.0,145803.0
2025-05-31,CL,1130,90.6485369956,102432.84680502799
2025-05-31,CLX,674,126.1359406502,85015.6239982348
2025-05-31,FTNT,1052,101.78,107072.56
2025-05-31,GDDY,599,182.15,109107.85
2025-05-31,HD,250,359.1396240795,89784.906019875
2025-05-31,LYV,755,137.19,103578.45
2025-05-31,TPL,234,368.4705480895,86222.10825294301
2025-05-31,VRSK,339,311.7139126839,105671.01639984209
2025-05-31,VST,775,159.7252680847,123787.0827656425
2025-06-30,APP,371,350.08,129879.68
2025-06-30,COR,345,297.6036356171,102673.2542878995
2025-06-30,DVA,733,142.45,104415.84999999999
2025-06-30,FTNT,1052,105.72,111217.44
2025-06-30,GDDY,599,180.06,107855.94
2025-06-30,KMB,726,124.6125925674,90468.7422039324
2025-06-30,LYV,755,151.28,114216.4
2025-06-30,NRG,648,158.7577511209,102875.0227263432
2025-06-30,VRSK,339,309.5423939077,104934.8715347103
2025-06-30,VST,775,193.0298825706,149598.158992215
2025-07-31,APP,371,390.7,144949.69999999998
2025-07-31,CVNA,1483,78.034,115724.422
2025-07-31,DVA,733,140.37,102891.21
2025-07-31,FTNT,1052,99.9,105094.8
2025-07-31,GDDY,599,161.58,96786.42000000001
2025-07-31,HD,277,360.6111085555,99889.2770698735
2025-07-31,JBL,459,222.876367864,102300.252849576
2025-07-31,LYV,755,147.7,111513.49999999999
2025-07-31,RCL,323,314.0938377961,101452.30960814029
2025-07-31,VST,775,207.7005918749,160967.9587030475
2025-08-31,APP,371,478.59,177556.88999999998
2025-08-31,DVA,733,137.76,100978.07999999999
2025-08-31,EME,159,619.0881000069,98435.00790109711
2025-08-31,FIX,142,702.2437015252,99718.6056165784
2025-08-31,HOOD,970,104.03,100909.1
2025-08-31,IBKR,1532,62.0307607953,95031.1255383996
2025-08-31,LYV,755,166.49,125699.95000000001
2025-08-31,RCL,323,358.9050988276,115926.3469213148
2025-08-31,TPR,935,100.8031764847,94250.9700131945
2025-08-31,VST,775,188.348800851,145970.320659525
2025-09-30,APP,371,718.54,266578.33999999997
2025-09-30,CCL,3169,28.6019132241,90639.46300717289
2025-09-30,EXPE,468,212.539514046,99468.492573528
2025-09-30,FIX,142,823.8469356885,116986.26486776701
2025-09-30,HD,250,399.8049726278,99951.24315695
2025-09-30,LYV,755,163.4,123367.0
2025-09-30,MA,168,566.2096994374,95123.22950548319
2025-09-30,RCL,323,320.721233277,103592.958348471
2025-09-30,UAL,952,96.5,91868.0
2025-09-30,VST,775,195.3401157767,151388.5897269425
2025-10-31,AAPL,393,269.6051436074,105954.8214377082
2025-10-31,APP,371,637.33,236449.43000000002
2025-10-31,CLX,839,109.7870923887,92111.3705141193
2025-10-31,COR,321,335.9090041167,107826.79032146069
2025-10-31,EXPE,468,218.7541197199,102376.9280289132
2025-10-31,GDDY,730,133.13,97184.9
2025-10-31,NEM,1194,80.3753568442,95968.1760719748
2025-10-31,NRG,622,170.3557305352,105961.2643928944
2025-10-31,RCL,323,284.2959124199,91827.5797116277
2025-10-31,WDC,833,150.0210721977,124967.55314068409
2025-11-30,APP,371,599.48,222407.08000000002
2025-11-30,CAT,173,573.2968537016,99180.35569037679
2025-11-30,COR,321,367.4620249715,117955.3100158515
2025-11-30,FIX,103,976.0138078859,100529.4222122477
2025-11-30,HOOD,681,128.49,87501.69
2025-11-30,KLAC,83,1172.4176087985,97310.6615302755
2025-11-30,LITE,496,325.16,161279.36000000002
2025-11-30,LRCX,636,155.5651313226,98939.4235211736
2025-11-30,MU,447,236.27751609,105616.04969223001
2025-11-30,WDC,833,163.1245704151,135882.7671557783
2025-12-31,APP,371,673.82,249987.22000000003
2025-12-31,AVGO,249,345.4038587696,86005.5608336304
2025-12-31,EXPE,392,282.175176934,110612.669358128
2025-12-31,GOOGL,312,312.7855954594,97589.1057833328
2025-12-31,HOOD,681,113.1,77021.09999999999
2025-12-31,IDXX,132,676.53,89301.95999999999
2025-12-31,LLY,93,1071.0514327168,99607.78324266241
2025-12-31,LRCX,636,170.9806414334,108743.6879516424
2025-12-31,RL,273,352.6284447081,96267.5654053113
2025-12-31,WDC,833,172.1869078351,143431.6942266383
2026-01-31,APP,371,473.11,175523.81
2026-01-31,BA,460,233.72,107511.2
2026-01-31,DG,759,142.7352241379,108336.0351206661
2026-01-31,LITE,271,391.84,106188.64
2026-01-31,LRCX,636,233.1881092945,148307.63751130202
2026-01-31,MU,350,414.6867029042,145140.34601647
2026-01-31,NEM,1006,111.8329140992,112503.9115837952
2026-01-31,TPR,784,126.5588135593,99222.1098304912
2026-01-31,VRSK,448,216.9209855245,97180.601514976
2026-01-31,WDC,833,250.1093048562,208341.0509452146
2026-02-28,AMAT,311,371.8388557807,115641.8841477977
2026-02-28,APP,371,434.77,161299.66999999998
2026-02-28,FCX,1663,67.9316775599,112970.3797821137
2026-02-28,FIX,87,1428.0148797039,124237.2945342393
2026-02-28,KLAC,70,1522.5562743426,106578.93920398201
2026-02-28,LRCX,636,233.6176085106,148580.7990127416
2026-02-28,MU,350,412.1778723404,144262.25531913998
2026-02-28,NEM,1006,129.4016807556,130178.0908401336
2026-02-28,TER,415,319.9123319286,132763.617750369
2026-02-28,WDC,833,279.5650903899,232877.72029478668
2026-03-31,AMAT,311,341.366646568,106165.02708264801
2026-03-31,FIX,87,1378.4366165715,119923.9856417205
2026-03-31,GLW,666,135.7601697531,90416.2730555646
2026-03-31,LITE,142,702.76,99791.92
2026-03-31,LRCX,636,213.66,135887.76
2026-03-31,MU,350,337.84,118243.99999999999
2026-03-31,NEM,1006,107.9881616895,108636.090659637
2026-03-31,TER,415,296.350998105,122985.66421357499
2026-03-31,VRT,392,250.58,98227.36
2026-03-31,WDC,833,270.49,225318.17
2026-04-30,APA,2371,40.73,96570.82999999999
2026-04-30,CF,773,123.7061237474,95624.8336567402
2026-04-30,DVN,1987,51.37,102072.18999999999
2026-04-30,FIX,87,1839.5115146925,160037.5017782475
2026-04-30,HAL,2564,42.3,108457.2
2026-04-30,LITE,142,902.32,128129.44
2026-04-30,MPC,411,247.3327188958,101653.74746617381
2026-04-30,OXY,1538,60.58,93172.04
2026-04-30,VLO,406,251.3290362788,102039.58872919281
2026-04-30,WDC,833,434.52,361955.16
2026-05-31,AMD,282,516.1,145540.2
2026-05-31,APA,2371,36.43,86375.53
2026-05-31,FIX,87,1828.21,159054.27
2026-05-31,LITE,142,854.96,121404.32
2026-05-31,LRCX,387,318.18,123135.66
2026-05-31,MU,193,971.0,187403.0
2026-05-31,NUE,443,250.0,110750.0
2026-05-31,NXPI,340,321.35,109259.00000000001
2026-05-31,STX,148,879.8,130210.4
2026-05-31,WDC,833,531.21,442497.93000000005
