month,ticker,is_buy,status,size,price,value,commission
2010-12-31,AMD,True,Completed,13717,7.41,101642.97,0.0
2010-12-31,BKNG,True,Completed,6462,15.8029373478,102118.5811414836,0.0
2010-12-31,CMG,True,Completed,19343,5.2308,101179.3644,0.0
2010-12-31,CMI,True,Completed,1497,68.5793246354,102663.2489791938,0.0
2010-12-31,DECK,True,Completed,7802,13.1416666667,102531.28333359341,0.0
2010-12-31,FFIV,True,Completed,758,134.11,101655.38,0.0
2010-12-31,NFLX,True,Completed,33997,2.968854174,100932.135353478,0.0
2010-12-31,UAL,True,Completed,3612,28.13,101605.56,0.0
2010-12-31,VRSN,True,Completed,3474,29.1659464968,101322.4981298832,0.0
2010-12-31,YUM,True,Margin,0,0.0,0.0,0.0
2011-01-31,AIG,True,Margin,0,0.0,0.0,0.0
2011-01-31,NDSN,True,Margin,0,0.0,0.0,0.0
2011-01-31,AMD,False,Completed,-13717,8.44,101642.97,0.0
2011-01-31,BKNG,False,Completed,-6462,15.795868966399999,102118.5811414836,0.0
2011-01-31,IT,True,Completed,3012,33.41,100630.91999999998,0.0
2011-01-31,UAL,False,Completed,-3612,24.13,101605.56,0.0
2011-02-28,BA,True,Margin,0,0.0,0.0,0.0
2011-02-28,DE,True,Margin,0,0.0,0.0,0.0
2011-02-28,AAPL,True,Completed,9845,10.2166421467,100582.8419342615,0.0
2011-02-28,AMD,True,Completed,12771,8.1,103445.09999999999,0.0
2011-02-28,CMG,False,Completed,-19343,4.3988,101179.3644,0.0
2011-02-28,FFIV,False,Completed,-758,109.55999999999999,101655.38,0.0
2011-02-28,IT,False,Completed,-3012,35.72,100630.91999999998,0.0
2011-02-28,NFLX,False,Completed,-33997,3.066139791,100932.135353478,0.0
2011-02-28,RCL,True,Completed,2719,37.044225147,100723.248174693,0.0
2011-02-28,SWKS,True,Completed,4017,25.157663112,101058.332720904,0.0
2011-03-31,AAPL,False,Completed,-9845,10.6408138994,100582.8419342615,0.0
2011-03-31,AMD,False,Completed,-12771,9.27,103445.09999999999,0.0
2011-03-31,CMG,True,Completed,20408,4.86,99182.88,0.0
2011-03-31,DE,True,Completed,1482,67.9134616807,100647.7502107974,0.0
2011-03-31,NFLX,True,Completed,33870,2.94571134,99771.2430858,0.0
2011-03-31,RCL,False,Completed,-2719,35.9139790558,100723.248174693,0.0
2011-03-31,TER,True,Completed,5835,17.3028353595,100962.0443226825,0.0
2011-03-31,WY,True,Completed,7091,14.182213642999999,100566.076942513,0.0
2011-04-30,CAT,True,Margin,0,0.0,0.0,0.0
2011-04-30,CLX,True,Margin,0,0.0,0.0,0.0
2011-04-30,CMG,False,Margin,0,0.0,0.0,0.0
2011-04-30,CMI,False,Completed,-1497,76.4192876157,102663.2489791938,0.0
2011-04-30,DE,False,Completed,-1482,73.3118130653,100647.7502107974,0.0
2011-04-30,DECK,False,Completed,-7802,14.2283333333,102531.28333359341,0.0
2011-04-30,IT,True,Completed,2399,41.85,100398.15000000001,0.0
2011-04-30,MO,True,Completed,9662,10.2932487554,99453.36947467481,0.0
2011-04-30,NDSN,True,Completed,2040,49.4582576373,100894.845580092,0.0
2011-04-30,SWKS,False,Completed,-4017,25.4867262857,101058.332720904,0.0
2011-04-30,TPL,True,Completed,22739,4.4054907607,100176.4544075573,0.0
2011-04-30,WY,False,Completed,-7091,14.3381891087,100566.076942513,0.0
2011-04-30,YUM,True,Completed,3647,27.471100246,100187.102597162,0.0
2011-05-31,BKNG,True,Margin,0,0.0,0.0,0.0
2011-05-31,CLX,True,Margin,0,0.0,0.0,0.0
2011-05-31,CMG,False,Margin,0,0.0,0.0,0.0
2011-05-31,DECK,True,Margin,0,0.0,0.0,0.0
2011-05-31,NDSN,False,Margin,0,0.0,0.0,0.0
2011-05-31,ROK,True,Margin,0,0.0,0.0,0.0
2011-05-31,TPL,False,Margin,0,0.0,0.0,0.0
2011-05-31,BIIB,True,Completed,1024,97.44,99778.56,0.0
2011-05-31,YUM,False,Completed,-3647,28.8473541408,100187.102597162,0.0
2011-06-30,CF,True,Margin,0,0.0,0.0,0.0
2011-06-30,DPZ,True,Margin,0,0.0,0.0,0.0
2011-06-30,BKNG,True,Completed,4942,20.1912241272,99785.0296366224,0.0
2011-06-30,CMG,False,Completed,-20408,5.77,99182.88,0.0
2011-06-30,IT,False,Completed,-2399,38.95,100398.15000000001,0.0
2011-06-30,NDSN,False,Completed,-2040,44.3703430158,100894.845580092,0.0
2011-06-30,ROST,True,Completed,5907,16.923338224,99966.15888916799,0.0
2011-06-30,TER,False,Completed,-5835,14.6719948955,100962.0443226825,0.0
2011-06-30,YUM,True,Completed,3370,29.6571608847,99944.63218143901,0.0
2011-07-31,CF,True,Completed,5048,20.0278794888,101100.7356594624,0.0
2011-07-31,DPZ,True,Completed,4994,20.0316763568,100038.19172585919,0.0
2011-07-31,ROST,False,Completed,-5907,16.6452419642,99966.15888916799,0.0
2011-07-31,TPL,False,Completed,-22739,4.4941126133,100176.4544075573,0.0
2011-07-31,TPR,True,Completed,2337,42.7706455389,99954.9986244093,0.0
2011-07-31,TSCO,True,Completed,18289,5.4953547627,100504.5432550203,0.0
2011-08-31,ACN,True,Margin,0,0.0,0.0,0.0
2011-08-31,LULU,True,Margin,0,0.0,0.0,0.0
2011-08-31,NDSN,True,Margin,0,0.0,0.0,0.0
2011-08-31,BIIB,False,Completed,-1024,105.91,99778.56,0.0
2011-08-31,DPZ,False,Completed,-4994,21.5309918109,100038.19172585919,0.0
2011-08-31,FCX,True,Completed,2483,41.3514510239,102675.6528923437,0.0
2011-08-31,MO,False,Completed,-9662,10.6965324916,99453.36947467481,0.0
2011-08-31,YUM,False,Completed,-3370,28.7616268911,99944.63218143901,0.0
2011-09-30,MNST,True,Margin,0,0.0,0.0,0.0
2011-09-30,AAPL,True,Completed,8680,11.549325734,100248.14737112,0.0
2011-09-30,BKNG,False,Completed,-4942,21.0975476964,99785.0296366224,0.0
2011-09-30,DECK,True,Completed,6744,15.0233333333,101317.3599997752,0.0
2011-09-30,DLTR,True,Completed,2799,36.035,100861.965,0.0
2011-09-30,FCX,False,Completed,-2483,35.6559311974,102675.6528923437,0.0
2011-09-30,IBM,True,Completed,1039,96.6922458693,100463.24345820269,0.0
2011-09-30,LULU,True,Completed,1827,54.63,99809.01000000001,0.0
2011-09-30,TPR,False,Completed,-2337,37.6897555998,99954.9986244093,0.0
2011-09-30,TSCO,False,Completed,-18289,5.0438856298,100504.5432550203,0.0
2011-10-31,BKNG,True,Completed,5665,17.8417726908,101073.642293382,0.0
2011-10-31,DLTR,False,Completed,-2799,37.285,100861.965,0.0
2011-10-31,IBM,False,Completed,-1039,97.6160036464,100463.24345820269,0.0
2011-10-31,MNST,True,Completed,13747,7.2374927625,99493.8130060875,0.0
2011-10-31,NFLX,False,Completed,-33870,1.644855498,99771.2430858,0.0
2011-10-31,RL,True,Completed,989,98.8545900791,97767.1895882299,0.0
2011-10-31,VRSN,False,Completed,-3474,27.9458637058,101322.4981298832,0.0
2011-10-31,WYNN,True,Completed,1257,77.3006211638,97166.8808028966,0.0
2011-11-30,VLO,True,Margin,0,0.0,0.0,0.0
2011-11-30,AAPL,False,Completed,-8680,11.8962664972,100248.14737112,0.0
2011-11-30,BKNG,False,Completed,-5665,19.3233839677,101073.642293382,0.0
2011-11-30,CF,False,Completed,-5048,21.7264824022,101100.7356594624,0.0
2011-11-30,F,True,Completed,16254,5.9676526162,96998.2256237148,0.0
2011-11-30,IT,True,Completed,2596,37.24,96675.04000000001,0.0
2011-11-30,JBL,True,Completed,5622,17.1096101122,96190.2280507884,0.0
2011-11-30,MNST,False,Completed,-13747,7.2024927975,99493.8130060875,0.0
2011-11-30,NVDA,True,Completed,294758,0.3268820972,96351.1132064776,0.0
2011-11-30,RL,False,Completed,-989,120.2286333951,97767.1895882299,0.0
2011-11-30,ROK,True,Completed,1984,48.2930347222,95813.3808888448,0.0
2011-11-30,TDY,True,Completed,1835,52.35,96062.25,0.0
2011-11-30,TER,True,Completed,7591,12.6482714616,96013.02866500561,0.0
2011-11-30,WYNN,False,Completed,-1257,89.4877561206,97166.8808028966,0.0
2011-12-31,BA,True,Completed,1780,56.164226127400006,99972.322506772,0.0
2011-12-31,DECK,False,Completed,-6744,18.0066666667,101317.3599997752,0.0
2011-12-31,F,False,Completed,-16254,5.5357483668,96998.2256237148,0.0
2011-12-31,IBM,True,Completed,946,105.1174983262,99441.1534165852,0.0
2011-12-31,LMT,True,Completed,1966,50.8339123083,99939.4715981178,0.0
2011-12-31,LULU,False,Completed,-1827,41.94,99809.01000000001,0.0
2011-12-31,NVDA,False,Completed,-294758,0.3553066274,96351.1132064776,0.0
2011-12-31,ROST,True,Completed,5397,18.5696685652,100220.5012463844,0.0
2011-12-31,SMCI,True,Completed,73583,1.357,99852.131,0.0
2011-12-31,TDY,False,Completed,-1835,56.35,96062.25,0.0
2011-12-31,TER,False,Completed,-7591,12.3263154608,96013.02866500561,0.0
2011-12-31,TPL,True,Completed,25181,3.9141318225,98561.7534223725,0.0
2011-12-31,TSCO,True,Completed,16871,5.9065897189,99650.0751475619,0.0
2012-01-31,ALGN,True,Margin,0,0.0,0.0,0.0
2012-01-31,BIIB,True,Margin,0,0.0,0.0,0.0
2012-01-31,CNC,True,Margin,0,0.0,0.0,0.0
2012-01-31,FICO,True,Margin,0,0.0,0.0,0.0
2012-01-31,IBM,False,Margin,0,0.0,0.0,0.0
2012-01-31,IT,False,Margin,0,0.0,0.0,0.0
2012-01-31,JBL,False,Margin,0,0.0,0.0,0.0
2012-01-31,MNST,True,Margin,0,0.0,0.0,0.0
2012-01-31,MO,True,Margin,0,0.0,0.0,0.0
2012-01-31,ROK,False,Margin,0,0.0,0.0,0.0
2012-01-31,LMT,False,Completed,-1966,53.4230980133,99939.4715981178,0.0
2012-01-31,TPL,False,Completed,-25181,3.9722283703000003,98561.7534223725,0.0
2012-02-29,FICO,True,Margin,0,0.0,0.0,0.0
2012-02-29,GWW,True,Margin,0,0.0,0.0,0.0
2012-02-29,IBM,False,Margin,0,0.0,0.0,0.0
2012-02-29,MNST,True,Margin,0,0.0,0.0,0.0
2012-02-29,AMD,True,Completed,14903,6.83,101787.49,0.0
2012-02-29,F,True,Completed,15224,6.732507322700001,102495.69148078481,0.0
2012-02-29,IT,False,Completed,-2596,38.08,96675.04000000001,0.0
2012-02-29,JBL,False,Completed,-5622,19.9126263926,96190.2280507884,0.0
2012-02-29,LULU,True,Completed,1584,63.61000000000001,100758.24,0.0
2012-02-29,ROK,False,Completed,-1984,59.1933236129,95813.3808888448,0.0
2012-02-29,SMCI,False,Completed,-73583,1.696,99852.131,0.0
2012-02-29,TSCO,False,Completed,-16871,6.6467597559,99650.0751475619,0.0
2012-02-29,ULTA,True,Completed,1328,75.6855682072,100510.4345791616,0.0
2012-02-29,URI,True,Completed,2712,37.1399709708,100723.6012728096,0.0
2012-03-31,AMD,False,Completed,-14903,7.470000000000001,101787.49,0.0
2012-03-31,BA,False,Completed,-1780,61.63928538430001,99972.322506772,0.0
2012-03-31,DAL,True,Completed,11856,8.4254721823,99892.3981933488,0.0
2012-03-31,DLTR,True,Completed,2259,44.395,100288.30500000001,0.0
2012-03-31,IBM,False,Completed,-946,111.29303833479999,99441.1534165852,0.0
2012-03-31,MGM,True,Completed,7696,13.001786408000001,100061.748195968,0.0
2012-03-31,POOL,True,Completed,3313,30.412164835099997,100755.5020986863,0.0
2012-03-31,ROST,False,Completed,-5397,22.6139302463,100220.5012463844,0.0
2012-03-31,STX,True,Completed,7045,14.2914941575,100683.57633958751,0.0
2012-03-31,VRSN,True,Completed,2747,36.594601222,100525.369556834,0.0
2012-04-30,AAPL,True,Completed,5571,18.0154753681,100364.21327568509,0.0
2012-04-30,DLTR,False,Completed,-2259,47.29,100288.30500000001,0.0
2012-04-30,PM,True,Completed,2215,45.2624644034,100256.358653531,0.0
2012-04-30,POOL,False,Completed,-3313,30.7142150701,100755.5020986863,0.0
2012-05-31,DAL,False,Completed,-11856,9.5775265419,99892.3981933488,0.0
2012-05-31,DLTR,True,Completed,1967,50.935,100189.145,0.0
2012-05-31,F,False,Completed,-15224,6.0000583831,102495.69148078481,0.0
2012-05-31,ISRG,True,Completed,1556,64.2332691,99946.96671960001,0.0
2012-05-31,LULU,False,Completed,-1584,73.93,100758.24,0.0
2012-05-31,MGM,False,Completed,-7696,12.6809876142,100061.748195968,0.0
2012-05-31,MNST,True,Completed,9230,10.8333225,99991.566675,0.0
2012-05-31,PM,False,Completed,-2215,45.4916801246,100256.358653531,0.0
2012-05-31,SBUX,True,Completed,4578,21.8962926696,100241.2278414288,0.0
2012-05-31,TJX,True,Completed,5785,17.4638458769,101028.34839786649,0.0
2012-05-31,TSCO,True,Completed,12365,8.100790555,100166.275212575,0.0
2012-05-31,VRSN,False,Completed,-2747,40.4855480545,100525.369556834,0.0
2012-06-30,ISRG,False,Completed,-1556,56.86438758,99946.96671960001,0.0
2012-06-30,PM,True,Completed,2323,42.3590652688,98400.1086194224,0.0
2012-06-30,ROST,True,Completed,3791,26.1516652154,99140.9628315814,0.0
2012-06-30,SBUX,False,Completed,-4578,20.302097552,100241.2278414288,0.0
2012-06-30,TDG,True,Completed,1888,52.2381477485,98625.622949168,0.0
2012-06-30,URI,False,Completed,-2712,31.6248973998,100723.6012728096,0.0
2012-07-31,MO,True,Margin,0,0.0,0.0,0.0
2012-07-31,EXPE,True,Completed,2287,43.8523468819,100290.31731890529,0.0
2012-07-31,TDG,False,Completed,-1888,58.0887858554,98625.622949168,0.0
2012-07-31,TSCO,False,Completed,-12365,6.8628312643,100166.275212575,0.0
2012-07-31,ULTA,False,Completed,-1328,93.08,100510.4345791616,0.0
2012-07-31,URI,True,Completed,3046,33.0133075296,100558.5347351616,0.0
2012-08-31,AAPL,False,Completed,-5571,18.4368033441,100364.21327568509,0.0
2012-08-31,EXPE,False,Completed,-2287,52.155373158,100290.31731890529,0.0
2012-08-31,LMT,True,Completed,1682,59.83138385070001,100636.3876368774,0.0
2012-08-31,MO,True,Completed,6526,15.3945894042,100465.0904518092,0.0
2012-08-31,ORLY,True,Completed,17494,5.7526666667,100637.15066724979,0.0
2012-08-31,TPL,True,Completed,18022,5.548662253,99997.991123566,0.0
2012-08-31,URI,False,Completed,-3046,27.9513955982,100558.5347351616,0.0
2012-09-30,LEN,True,Margin,0,0.0,0.0,0.0
2012-09-30,AAPL,True,Completed,5000,20.0142684751,100071.3423755,0.0
2012-09-30,DLTR,False,Completed,-1967,48.05,100189.145,0.0
2012-09-30,FICO,True,Completed,2354,42.2014968591,99342.3236063214,0.0
2012-09-30,MNST,False,Completed,-9230,9.75332358,99991.566675,0.0
2012-09-30,MO,False,Completed,-6526,14.491531033,100465.0904518092,0.0
2012-09-30,ORLY,False,Completed,-17494,5.6546666667,100637.15066724979,0.0
2012-09-30,TJX,False,Completed,-5785,19.0903268505,101028.34839786649,0.0
2012-09-30,TSCO,True,Completed,12691,8.0388440481,102020.96981443709,0.0
2012-09-30,URI,True,Completed,3210,31.788806929000003,102042.07024209,0.0
2012-10-31,AAPL,False,Completed,-5000,20.1868260049,100071.3423755,0.0
2012-10-31,DHI,True,Completed,5617,17.9541026398,100848.1945277566,0.0
2012-10-31,FFIV,True,Completed,955,105.72000000000001,100962.6,0.0
2012-10-31,LEN,True,Completed,3398,29.8443357901,101411.0530147598,0.0
2012-10-31,LMT,False,Completed,-1682,62.8521388724,100636.3876368774,0.0
2012-10-31,MNST,True,Completed,11098,9.048324285,100418.30291493,0.0
2012-10-31,ROST,False,Completed,-3791,27.0375181351,99140.9628315814,0.0
2012-10-31,TSCO,False,Completed,-12691,8.1717106832,102020.96981443709,0.0
2012-10-31,YUM,True,Completed,2745,36.6716956467,100663.8045501915,0.0
2012-11-30,TJX,True,Margin,0,0.0,0.0,0.0
2012-11-30,FFIV,False,Completed,-955,82.32,100962.6,0.0
2012-11-30,FICO,False,Completed,-2354,46.0104441299,99342.3236063214,0.0
2012-11-30,LMT,True,Completed,1585,63.1213994009,100047.41805042651,0.0
2012-11-30,MNST,False,Completed,-11098,7.451659215000001,100418.30291493,0.0
2012-11-30,MO,True,Completed,7286,13.746440079500001,100156.562419237,0.0
2012-11-30,REGN,True,Completed,708,142.8326865183,101125.5420549564,0.0
2012-11-30,SHW,True,Completed,2401,41.7678042011,100284.4978868411,0.0
2012-11-30,URI,False,Completed,-3210,39.4057791686,102042.07024209,0.0
2012-11-30,YUM,False,Completed,-2745,38.6538917802,100663.8045501915,0.0
2012-12-31,AAPL,True,Completed,5656,17.9312314143,101419.0448792808,0.0
2012-12-31,AIG,True,Completed,3996,25.1830395502,100631.4260425992,0.0
2012-12-31,DHI,False,Completed,-5617,16.9160485486,100848.1945277566,0.0
2012-12-31,PM,False,Completed,-2323,46.7051562607,98400.1086194224,0.0
2012-12-31,REGN,False,Completed,-708,178.702052061,101125.5420549564,0.0
2012-12-31,ROST,True,Completed,4182,24.1065686259,100813.6699935138,0.0
2012-12-31,SWKS,True,Completed,5635,17.886933941,100792.87275753499,0.0
2013-01-31,IT,True,Margin,0,0.0,0.0,0.0
2013-01-31,BKNG,True,Completed,4104,25.0468094539,102792.1059988056,0.0
2013-01-31,LEN,False,Completed,-3398,33.8422556324,101411.0530147598,0.0
2013-01-31,LMT,False,Completed,-1585,63.9152266985,100047.41805042651,0.0
2013-01-31,REGN,True,Completed,589,175.0020317769,103076.1967165941,0.0
2013-01-31,SWKS,False,Completed,-5635,16.4844980341,100792.87275753499,0.0
2013-02-28,MCO,True,Margin,0,0.0,0.0,0.0
2013-02-28,AAPL,False,Completed,-5656,13.8674431982,101419.0448792808,0.0
2013-02-28,BKNG,False,Completed,-4104,27.2179806041,102792.1059988056,0.0
2013-02-28,F,True,Completed,14232,7.1074264777,101152.8936306264,0.0
2013-02-28,LEN,True,Completed,2839,35.4858629186,100744.3648259054,0.0
2013-02-28,LII,True,Completed,2037,49.4823082832,100795.4619728784,0.0
2013-02-28,LMT,True,Completed,1689,59.6423994099,100736.0126033211,0.0
2013-02-28,MO,False,Completed,-7286,14.846472379300002,100156.562419237,0.0
2013-02-28,ROST,False,Completed,-4182,25.2654978962,100813.6699935138,0.0
2013-03-31,AIG,False,Completed,-3996,28.2950408384,100631.4260425992,0.0
2013-03-31,AXON,True,Completed,13386,7.32,97985.52,0.0
2013-03-31,EXPE,True,Completed,1697,58.544486952,99349.994357544,0.0
2013-03-31,F,False,Completed,-14232,6.8144485923,101152.8936306264,0.0
2013-03-31,LII,False,Completed,-2037,50.1224968499,100795.4619728784,0.0
2013-03-31,MCO,True,Completed,2397,41.4786662487,99424.3629981339,0.0
2013-03-31,PHM,True,Completed,6132,16.1632350779,99112.95749768282,0.0
2013-04-30,AXON,False,Completed,-13386,7.93,97985.52,0.0
2013-04-30,CL,True,Completed,2303,43.3459407616,99825.70157396479,0.0
2013-04-30,EXPE,False,Completed,-1697,55.88210405,99349.994357544,0.0
2013-04-30,FSLR,True,Completed,3709,27.27,101144.43,0.0
2013-04-30,GILD,True,Completed,2958,33.8495489875,100126.965905025,0.0
2013-04-30,LDOS,True,Completed,5157,19.3885253821,99986.6253954897,0.0
2013-04-30,LEN,False,Completed,-2839,35.0873359037,100744.3648259054,0.0
2013-04-30,LUV,True,Completed,8572,11.6571204274,99924.83630367281,0.0
2013-04-30,PHM,False,Completed,-6132,17.1665289965,99112.95749768282,0.0
2013-04-30,REGN,False,Completed,-589,178.5532576796,103076.1967165941,0.0
2013-04-30,SHW,False,Completed,-2401,49.4678033775,100284.4978868411,0.0
2013-04-30,WYNN,True,Completed,1005,99.4924681873,99989.93052823651,0.0
2013-05-31,AXON,True,Completed,11350,8.81,99993.5,0.0
2013-05-31,CL,False,Completed,-2303,44.1727790605,99825.70157396479,0.0
2013-05-31,FCX,True,Completed,4081,24.3497832156,99371.4653028636,0.0
2013-05-31,GILD,False,Completed,-2958,34.8441082722,100126.965905025,0.0
2013-05-31,LUV,False,Completed,-8572,11.8648196778,99924.83630367281,0.0
2013-05-31,MO,True,Completed,6179,16.1825486174,99991.9679069146,0.0
2013-05-31,PHM,True,Completed,5603,17.7617033549,99518.8238975047,0.0
2013-05-31,PPG,True,Completed,1713,57.84118145059999,99081.94382487779,0.0
2013-05-31,STX,False,Completed,-7045,20.7438518433,100683.57633958751,0.0
2013-05-31,TPL,False,Completed,-18022,7.2391266724,99997.991123566,0.0
2013-06-30,AXON,False,Completed,-11350,9.51,99993.5,0.0
2013-06-30,CLX,True,Completed,1764,56.7355983914,100081.5955624296,0.0
2013-06-30,GS,True,Completed,789,126.2473023861,99609.1215826329,0.0
2013-06-30,MO,False,Completed,-6179,15.983092389599998,99991.9679069146,0.0
2013-06-30,MOS,True,Completed,2153,46.4799168141,100071.2609007573,0.0
2013-06-30,PHM,False,Completed,-5603,18.5524350026,99518.8238975047,0.0
2013-06-30,PPG,False,Completed,-1713,61.5132220742,99081.94382487779,0.0
2013-06-30,STZ,True,Completed,2233,44.9511865258,100375.99951211139,0.0
2013-07-31,C,True,Completed,2833,35.6865159912,101099.8998030696,0.0
2013-07-31,FCX,False,Completed,-4081,23.8241521231,99371.4653028636,0.0
2013-07-31,GILD,True,Completed,2824,35.8939208505,101364.43248181201,0.0
2013-07-31,GS,False,Completed,-789,119.3863757028,99609.1215826329,0.0
2013-07-31,MOS,False,Completed,-2153,41.2959707699,100071.2609007573,0.0
2013-07-31,REGN,True,Completed,448,229.7385248811,102922.85914673281,0.0
2013-07-31,STX,True,Completed,3920,25.8843009397,101466.45968362401,0.0
2013-07-31,STZ,False,Completed,-2233,44.3429389352,100375.99951211139,0.0
2013-08-31,C,False,Completed,-2833,38.8872625796,101099.8998030696,0.0
2013-08-31,CL,True,Completed,2245,44.837017606,100659.10452547001,0.0
2013-08-31,DECK,True,Completed,10931,9.2533333333,101148.18666630231,0.0
2013-08-31,EA,True,Completed,3945,25.5500789227,100795.0613500515,0.0
2013-08-31,F,True,Completed,10774,9.369354969,100945.43043600599,0.0
2013-08-31,GILD,False,Completed,-2824,42.8558358432,101364.43248181201,0.0
2013-08-31,LDOS,False,Completed,-5157,23.982969294,99986.6253954897,0.0
2013-08-31,MO,True,Completed,6356,15.826151962400003,100591.02187301441,0.0
2013-08-31,REGN,False,Completed,-448,270.379230254,102922.85914673281,0.0
2013-08-31,STX,False,Completed,-3920,23.3977806786,101466.45968362401,0.0
2013-09-30,CHRW,True,Completed,2368,42.6526594776,101001.49764295679,0.0
2013-09-30,CL,False,Completed,-2245,43.4086606489,100659.10452547001,0.0
2013-09-30,HUM,True,Completed,1207,83.4913881945,100774.10555076151,0.0
2013-09-30,WYNN,False,Completed,-1005,114.6850371526,99989.93052823651,0.0
2013-10-31,AXON,True,Completed,6720,14.89,100060.8,0.0
2013-10-31,CHRW,False,Completed,-2368,44.5925827298,101001.49764295679,0.0
2013-10-31,CNC,True,Completed,6253,15.9925,100001.1025,0.0
2013-10-31,F,False,Completed,-10774,9.3088720437,100945.43043600599,0.0
2013-10-31,FSLR,False,Completed,-3709,40.31,101144.43,0.0
2013-10-31,HUM,False,Completed,-1207,84.4986235074,100774.10555076151,0.0
2013-10-31,KR,True,Completed,6306,15.859335538,100008.969902628,0.0
2013-10-31,MO,False,Completed,-6356,15.591136894200002,100591.02187301441,0.0
2013-10-31,ROK,True,Completed,1199,83.5971015563,100232.9247660037,0.0
2013-10-31,VRSK,True,Completed,1615,61.9956012948,100122.896091102,0.0
2013-11-30,AXON,False,Completed,-6720,17.71,100060.8,0.0
2013-11-30,BA,True,Completed,900,111.399021351,100259.1192159,0.0
2013-11-30,CNC,False,Completed,-6253,13.99,100001.1025,0.0
2013-11-30,FSLR,True,Completed,1987,55.64,110556.68000000001,0.0
2013-11-30,HAL,True,Completed,2376,42.1930325678,100250.6453810928,0.0
2013-11-30,KR,False,Completed,-6306,16.8380157236,100008.969902628,0.0
2013-11-30,MU,True,Completed,5800,17.3084311317,100388.90056386,0.0
2013-11-30,ROK,False,Completed,-1199,86.2397178775,100232.9247660037,0.0
2013-11-30,TPL,True,Completed,11172,8.9652493287,100159.7655002364,0.0
2013-11-30,VRSK,False,Completed,-1615,65.5700709266,100122.896091102,0.0
2013-12-31,AXON,True,Completed,5817,17.25,100343.25,0.0
2013-12-31,BA,False,Completed,-900,115.2983478355,100259.1192159,0.0
2013-12-31,BIIB,True,Completed,343,291.71,100056.53,0.0
2013-12-31,BX,True,Completed,6721,14.992148933900001,100762.2329847419,0.0
2013-12-31,CLX,False,Completed,-1764,64.7850568587,100081.5955624296,0.0
2013-12-31,EA,False,Completed,-3945,21.6200439953,100795.0613500515,0.0
2013-12-31,HAL,False,Completed,-2376,41.9232257016,100250.6453810928,0.0
2013-12-31,LVS,True,Completed,2001,49.9755916048,100001.1588012048,0.0
2014-01-31,AXON,False,Completed,-5817,15.84,100343.25,0.0
2014-01-31,BA,True,Completed,857,116.1695554419,99557.3090137083,0.0
2014-01-31,BIIB,False,Completed,-343,279.44,100056.53,0.0
2014-01-31,BX,False,Completed,-6721,16.3976628965,100762.2329847419,0.0
2014-01-31,CMG,True,Completed,9384,10.6,99470.4,0.0
2014-01-31,HPQ,True,Completed,10911,9.1318313516,99637.4118773076,0.0
2014-01-31,LVS,False,Completed,-2001,55.0516031923,100001.1588012048,0.0
2014-01-31,NFLX,True,Completed,19012,5.240137617,99625.496374404,0.0
2014-02-28,CMG,False,Completed,-9384,11.0042,99470.4,0.0
2014-02-28,NFLX,False,Completed,-19012,5.88427983,99625.496374404,0.0
2014-02-28,SMCI,True,Completed,48638,2.056,99999.728,0.0
2014-02-28,STZ,True,Completed,1543,64.4573488427,99457.6892642861,0.0
2014-03-31,AXON,True,Completed,5200,19.11,99372.0,0.0
2014-03-31,BA,False,Completed,-857,109.24651916870002,99557.3090137083,0.0
2014-03-31,DAL,True,Completed,3477,28.0426801082,97504.3987362114,0.0
2014-03-31,HPQ,False,Completed,-10911,9.5838373511,99637.4118773076,0.0
2014-03-31,SMCI,False,Completed,-48638,1.991,99999.728,0.0
2014-03-31,SPGI,True,Completed,1419,69.3272106563,98375.3119212897,0.0
2014-04-30,SMCI,True,Completed,57570,1.748,100632.36,0.0
2014-04-30,STZ,False,Completed,-1543,72.1449225579,99457.6892642861,0.0
2014-05-31,AVGO,True,Completed,20836,4.7554358536,99084.26144560959,0.0
2014-05-31,DECK,False,Completed,-10931,13.0366666667,101148.18666630231,0.0
2014-05-31,FSLR,False,Completed,-1987,66.96,110556.68000000001,0.0
2014-05-31,GNRC,True,Completed,1698,55.19,93712.62,0.0
2014-05-31,SPGI,False,Completed,-1419,65.4285496133,98375.3119212897,0.0
2014-05-31,SWKS,True,Completed,3109,32.279530371,100357.059923439,0.0
2014-06-30,AXON,False,Completed,-5200,13.28,99372.0,0.0
2014-06-30,DECK,True,Completed,7762,12.9366666667,100414.40666692541,0.0
2014-06-30,SMCI,False,Completed,-57570,2.15,100632.36,0.0
2014-06-30,SWKS,False,Completed,-3109,34.4942901847,100357.059923439,0.0
2014-06-30,TDG,True,Completed,970,103.2503882429,100152.87659561301,0.0
2014-06-30,TTWO,True,Completed,4847,20.6,99848.20000000001,0.0
2014-07-31,SMCI,True,Completed,39572,2.534,100275.44799999999,0.0
2014-07-31,STZ,True,Completed,1343,74.5694650373,100146.7915450939,0.0
2014-07-31,TDG,False,Completed,-970,104.9134152569,100152.87659561301,0.0
2014-07-31,TTWO,False,Completed,-4847,22.19,99848.20000000001,0.0
2014-08-31,AVGO,False,Completed,-20836,5.3059290197,99084.26144560959,0.0
2014-08-31,CL,True,Completed,2075,47.9191958979,99432.3314881425,0.0
2014-08-31,GNRC,False,Completed,-1698,42.5,93712.62,0.0
2014-08-31,LUV,True,Completed,4037,24.7051744507,99734.7892574759,0.0
2014-08-31,LYB,True,Completed,2089,47.8519788973,99962.7839164597,0.0
2014-08-31,SMCI,False,Completed,-39572,2.628,100275.44799999999,0.0
2014-08-31,STZ,False,Completed,-1343,70.0076081074,100146.7915450939,0.0
2014-08-31,URI,True,Completed,979,100.891136095,98772.422237005,0.0
2014-09-30,CL,False,Completed,-2075,48.9678557511,99432.3314881425,0.0
2014-09-30,HPQ,True,Completed,7957,12.566294699,99990.006919943,0.0
2014-09-30,LYB,False,Completed,-2089,52.147292435,99962.7839164597,0.0
2014-09-30,SMCI,True,Completed,40832,2.49,101671.68000000001,0.0
2014-10-31,HPQ,False,Completed,-7957,11.7534169459,99990.006919943,0.0
2014-10-31,LMT,False,Completed,-1689,131.8856097314,100736.0126033211,0.0
2014-10-31,LUV,False,Completed,-4037,28.9301285959,99734.7892574759,0.0
2014-10-31,LYB,True,Completed,2030,48.8390866926,99143.345985978,0.0
2014-10-31,NXPI,True,Completed,1652,60.5554057378,100037.5302788456,0.0
2014-10-31,SWKS,True,Completed,2188,45.4154882316,99369.08825074081,0.0
2014-11-30,CL,True,Completed,1956,51.0488603074,99851.5707612744,0.0
2014-11-30,DECK,False,Completed,-7762,14.535,100414.40666692541,0.0
2014-11-30,EW,True,Completed,4961,20.145,99939.345,0.0
2014-11-30,GILD,True,Completed,1292,77.5687175432,100218.7830658144,0.0
2014-11-30,IBM,True,Completed,1026,97.3555611477,99886.8057375402,0.0
2014-11-30,LMT,True,Completed,720,139.2752809363,100278.202274136,0.0
2014-11-30,LYB,False,Completed,-2030,41.6426062558,99143.345985978,0.0
2014-11-30,MO,True,Completed,4328,23.078153733,99882.249356424,0.0
2014-11-30,NXPI,False,Completed,-1652,60.5288696266,100037.5302788456,0.0
2014-11-30,SMCI,False,Completed,-40832,3.192,101671.68000000001,0.0
2014-11-30,SWKS,False,Completed,-2188,46.0295301941,99369.08825074081,0.0
2014-11-30,URI,False,Completed,-979,105.9819732374,98772.422237005,0.0
2014-12-31,BLDR,True,Completed,16233,6.16,99995.28,0.0
2014-12-31,CL,False,Completed,-1956,52.4779227142,99851.5707612744,0.0
2014-12-31,DAL,False,Completed,-3477,40.5532293775,97504.3987362114,0.0
2014-12-31,EW,False,Completed,-4961,21.5983333333,99939.345,0.0
2014-12-31,GILD,False,Completed,-1292,69.0666169915,100218.7830658144,0.0
2014-12-31,IBM,False,Completed,-1026,96.461268854,99886.8057375402,0.0
2014-12-31,LMT,False,Completed,-720,140.1082503396,100278.202274136,0.0
2014-12-31,LYB,True,Completed,2776,34.8041331158,96616.2735294608,0.0
2014-12-31,MU,False,Completed,-5800,35.0849212462,100388.90056386,0.0
2014-12-31,SMCI,True,Completed,30048,3.312,99518.976,0.0
2014-12-31,TRGP,True,Completed,1501,65.6447857297,98532.8233802797,0.0
2014-12-31,TTWO,True,Completed,3615,27.49,99376.34999999999,0.0
2014-12-31,URI,True,Completed,915,107.8139032698,98649.72149186699,0.0
2014-12-31,WMB,True,Completed,3706,26.768239944,99203.097232464,0.0
2015-01-31,AAPL,True,Completed,4094,24.6486886158,100911.7311930852,0.0
2015-01-31,BLDR,False,Completed,-16233,6.94,99995.28,0.0
2015-01-31,CL,True,Completed,1891,52.860024962000004,99958.307203142,0.0
2015-01-31,CLX,True,Completed,1340,74.3967651705,99691.66532847,0.0
2015-01-31,EW,True,Completed,4710,21.365,100629.15,0.0
2015-01-31,IBM,True,Completed,1044,96.2643360482,100499.96683432079,0.0
2015-01-31,LYB,False,Completed,-2776,36.5075764503,96616.2735294608,0.0
2015-01-31,MAS,True,Completed,5358,18.8042061824,100752.93672529921,0.0
2015-01-31,SMCI,False,Completed,-30048,3.523,99518.976,0.0
2015-01-31,TRGP,False,Completed,-1501,61.70609858590001,98532.8233802797,0.0
2015-01-31,TTWO,False,Completed,-3615,28.2,99376.34999999999,0.0
2015-01-31,URI,False,Completed,-915,99.41595033220001,98649.72149186699,0.0
2015-01-31,VZ,True,Completed,3909,25.6998323653,100460.64471595771,0.0
2015-01-31,WMB,False,Completed,-3706,23.6672289107,99203.097232464,0.0
2015-02-28,BLDR,True,Completed,16891,5.97,100839.26999999999,0.0
2015-02-28,CL,False,Completed,-1891,51.7479436228,99958.307203142,0.0
2015-02-28,IBM,False,Completed,-1044,91.9019760178,100499.96683432079,0.0
2015-02-28,IRM,True,Completed,4697,21.2940173343,100017.9994192071,0.0
2015-02-28,KR,True,Completed,3617,27.627068261899996,99927.1059032923,0.0
2015-02-28,LULU,True,Completed,1509,66.24,99956.15999999999,0.0
2015-02-28,LUV,True,Completed,2518,39.4915136844,99439.63145731919,0.0
2015-02-28,MCO,False,Completed,-2397,80.5877609395,99424.3629981339,0.0
2015-02-28,TPL,False,Completed,-11172,11.7004366235,100159.7655002364,0.0
2015-02-28,VZ,False,Completed,-3909,25.5631962392,100460.64471595771,0.0
2015-03-31,BLDR,False,Completed,-16891,6.01,100839.26999999999,0.0
2015-03-31,CL,True,Completed,1838,54.0756792104,99391.0983887152,0.0
2015-03-31,EA,True,Completed,1802,55.4862709,99986.2601618,0.0
2015-03-31,IBM,True,Completed,1027,97.1623578065,99785.7414672755,0.0
2015-03-31,IRM,False,Completed,-4697,19.5947707817,100017.9994192071,0.0
2015-03-31,KR,False,Completed,-3617,28.5050893641,99927.1059032923,0.0
2015-03-31,LULU,False,Completed,-1509,68.59,99956.15999999999,0.0
2015-03-31,LUV,False,Completed,-2518,38.3403369393,99439.63145731919,0.0
2015-03-31,SWKS,True,Completed,1442,69.7192570096,100535.1686078432,0.0
2015-03-31,UAL,True,Completed,1534,66.14,101458.76,0.0
2015-04-30,AAPL,False,Completed,-4094,27.728750794,100911.7311930852,0.0
2015-04-30,EW,False,Completed,-4710,23.6766666667,100629.15,0.0
2015-04-30,GILD,True,Completed,1475,67.7957912389,99998.7920773775,0.0
2015-04-30,HD,True,Completed,1141,87.8027758351,100182.96722784909,0.0
2015-04-30,IBM,False,Completed,-1027,96.2909734744,99785.7414672755,0.0
2015-04-30,KR,True,Completed,3250,30.796895338,100089.9098485,0.0
2015-04-30,MCO,True,Completed,1081,91.7124943284,99141.2063690004,0.0
2015-04-30,SWKS,False,Completed,-1442,77.4149229578,100535.1686078432,0.0
2015-04-30,TPL,True,Completed,6883,14.491982946,99748.318617318,0.0
2015-04-30,UAL,False,Completed,-1534,65.06,101458.76,0.0
2015-05-31,AAPL,True,Completed,3596,28.013102668899997,100735.1171973644,0.0
2015-05-31,CNC,True,Completed,3226,31.075,100247.95,0.0
2015-05-31,EA,False,Completed,-1802,56.524576424,99986.2601618,0.0
2015-05-31,HD,False,Completed,-1141,82.4827973203,100182.96722784909,0.0
2015-05-31,KR,False,Completed,-3250,27.7143962347,100089.9098485,0.0
2015-05-31,WYNN,True,Completed,1045,96.104384124,100429.08140958,0.0
2015-06-30,AAPL,False,Completed,-3596,29.267063138,100735.1171973644,0.0
2015-06-30,CNC,False,Completed,-3226,37.78,100247.95,0.0
2015-06-30,IT,True,Completed,1143,87.88,100446.84,0.0
2015-06-30,LII,True,Completed,1011,99.2964768795,100388.73812517451,0.0
2015-06-30,ULTA,True,Completed,655,153.05,100247.75000000001,0.0
2015-06-30,WYNN,False,Completed,-1045,87.3524705787,100429.08140958,0.0
2015-07-31,LII,False,Completed,-1011,95.4659584144,100388.73812517451,0.0
2015-07-31,STX,True,Completed,3449,29.2161498506,100766.50083471941,0.0
2015-07-31,ULTA,False,Completed,-655,155.94,100247.75000000001,0.0
2015-07-31,VRSK,True,Completed,1441,69.6973918616,100433.94167256559,0.0
2015-08-31,AXON,True,Completed,3673,27.03,99281.19,0.0
2015-08-31,EA,True,Completed,1440,69.1686147211,99602.805198384,0.0
2015-08-31,LII,True,Completed,960,103.9531923465,99795.06465264001,0.0
2015-08-31,MCO,False,Completed,-1081,98.9255815647,99141.2063690004,0.0
2015-08-31,STX,False,Completed,-3449,30.9982922689,100766.50083471941,0.0
2015-08-31,VRSK,False,Completed,-1441,73.9295639057,100433.94167256559,0.0
2015-09-30,AXON,False,Completed,-3673,22.75,99281.19,0.0
2015-09-30,FIX,True,Completed,3866,25.4557810158,98412.0494070828,0.0
2015-09-30,IDXX,True,Completed,1399,69.94,97846.06,0.0
2015-09-30,TPL,False,Completed,-6883,11.4983103444,99748.318617318,0.0
2015-10-31,CL,False,Completed,-1838,49.3917939966,99391.0983887152,0.0
2015-10-31,GILD,False,Completed,-1475,68.5755752755,99998.7920773775,0.0
2015-10-31,LMT,True,Completed,642,154.856613277,99417.94572383401,0.0
2015-10-31,UAL,True,Completed,1885,52.95,99810.75,0.0
2015-11-30,CL,True,Completed,1929,52.1648649915,100626.02456860349,0.0
2015-11-30,FIX,False,Completed,-3866,30.0374483468,98412.0494070828,0.0
2015-11-30,GPN,True,Completed,1548,64.5139297144,99867.56319789121,0.0
2015-11-30,LMT,False,Completed,-642,165.0497828195,99417.94572383401,0.0
2015-11-30,NXPI,True,Completed,1442,68.6754557622,99030.00720909241,0.0
2015-11-30,UAL,False,Completed,-1885,60.61000000000001,99810.75,0.0
2015-12-31,IT,False,Completed,-1143,93.77,100446.84,0.0
2015-12-31,LMT,True,Completed,603,166.3838066083,100329.4353848049,0.0
2015-12-31,NXPI,False,Completed,-1442,82.0142743209,99030.00720909241,0.0
2015-12-31,UPS,True,Completed,1442,69.6369832982,100416.5299160044,0.0
2016-01-31,EA,False,Completed,-1440,65.190060844,99602.805198384,0.0
2016-01-31,EXPE,True,Completed,850,114.72023304780001,97512.19809063,0.0
2016-01-31,FIX,True,Completed,3762,26.1631744702,98425.86235689241,0.0
2016-01-31,FSLR,True,Completed,1515,64.71,98035.65,0.0
2016-01-31,LMT,False,Completed,-603,161.8019386266,100329.4353848049,0.0
2016-01-31,MAS,False,Completed,-5358,23.7464737976,100752.93672529921,0.0
2016-01-31,UPS,False,Completed,-1442,64.17156377,100416.5299160044,0.0
2016-01-31,VLO,True,Completed,2125,46.8388222893,99532.4973647625,0.0
2016-02-29,EXPE,False,Completed,-850,94.7581934857,97512.19809063,0.0
2016-02-29,FSLR,False,Completed,-1515,68.1,98035.65,0.0
2016-02-29,GPN,False,Completed,-1548,55.3882038698,99867.56319789121,0.0
2016-02-29,KLAC,True,Completed,1786,55.4953717621,99114.7339671106,0.0
2016-02-29,KMB,True,Completed,1107,89.5331161281,99113.1595538067,0.0
2016-02-29,LMT,True,Completed,626,158.2181012944,99044.5314102944,0.0
2016-02-29,UPS,True,Completed,1594,61.9503957352,98748.93080190879,0.0
2016-02-29,VLO,False,Completed,-2125,45.3880034119,99532.4973647625,0.0
2016-03-31,FIX,False,Completed,-3762,26.546551937400004,98425.86235689241,0.0
2016-03-31,HRL,True,Completed,3069,32.8111189979,100697.32420455512,0.0
2016-03-31,IDXX,False,Completed,-1399,73.42,97846.06,0.0
2016-03-31,KLAC,False,Completed,-1786,57.487990173,99114.7339671106,0.0
2016-03-31,LMT,False,Completed,-626,165.0040013086,99044.5314102944,0.0
2016-03-31,MAS,True,Completed,4141,24.3511665896,100838.18084753359,0.0
2016-03-31,SPGI,True,Completed,1225,82.2955424078,100812.039449555,0.0
2016-03-31,TSN,True,Completed,1993,50.4443704353,100535.6302775529,0.0
2016-04-30,KLAC,True,Completed,1629,61.2969276632,99852.69516335281,0.0
2016-04-30,SPGI,False,Completed,-1225,88.8882792305,100812.039449555,0.0
2016-05-31,FIX,True,Completed,3618,27.8123830479,100625.2018673022,0.0
2016-05-31,HRL,False,Completed,-3069,29.6560187718,100697.32420455512,0.0
2016-05-31,MAS,False,Completed,-4141,26.4164990042,100838.18084753359,0.0
2016-05-31,NVDA,True,Completed,114956,0.8782184154,100956.4761607224,0.0
2016-05-31,SPGI,True,Completed,1029,97.8362144492,100673.4646682268,0.0
2016-05-31,TSN,False,Completed,-1993,51.1340092938,100535.6302775529,0.0
2016-06-30,FIX,False,Completed,-3618,29.7346107009,100625.2018673022,0.0
2016-06-30,LMT,True,Completed,551,180.9652888207,99711.8741402057,0.0
2016-06-30,MSI,True,Completed,1682,59.2074728336,99586.9693061152,0.0
2016-06-30,NVDA,False,Completed,-114956,1.1413629682,100956.4761607224,0.0
2016-06-30,SPGI,False,Completed,-1029,101.2807481127,100673.4646682268,0.0
2016-06-30,TSN,True,Completed,2018,49.6830279412,100260.3503853416,0.0
2016-07-31,CHTR,True,Completed,437,228.68,99933.16,0.0
2016-07-31,LMT,False,Completed,-551,190.4154937981,99711.8741402057,0.0
2016-07-31,TSN,False,Completed,-2018,51.7411805759,100260.3503853416,0.0
2016-07-31,VZ,True,Completed,3052,32.7647811085,99998.11194314201,0.0
2016-08-31,CL,False,Completed,-1929,59.1384092535,100626.02456860349,0.0
2016-08-31,SPGI,True,Completed,897,111.4891031062,100005.7254862614,0.0
2016-08-31,VZ,False,Completed,-3052,32.9338385743,99998.11194314201,0.0
2016-08-31,YUM,True,Completed,1870,53.3267449415,99721.013040605,0.0
2016-09-30,ALB,True,Completed,1426,70.0602203277,99905.87418730019,0.0
2016-09-30,CHTR,False,Completed,-437,267.0,99933.16,0.0
2016-09-30,MSI,False,Completed,-1682,66.4333565815,99586.9693061152,0.0
2016-09-30,OKE,True,Completed,3872,25.7357965245,99649.004142864,0.0
2016-10-31,ALB,False,Completed,-1426,74.9600688169,99905.87418730019,0.0
2016-10-31,AMAT,True,Completed,3686,27.1561651059,100097.6245803474,0.0
2016-10-31,HPQ,True,Completed,8845,11.2537706228,99539.60115866599,0.0
2016-10-31,MO,False,Completed,-4328,32.5932423786,99882.249356424,0.0
2016-11-30,GEN,True,Completed,8138,12.336787136,100396.773712768,0.0
2016-11-30,HPQ,False,Completed,-8845,10.5622387928,99539.60115866599,0.0
2016-11-30,KLAC,False,Completed,-1629,64.2036572978,99852.69516335281,0.0
2016-11-30,TPL,True,Completed,3750,26.8768759006,100788.28462725,0.0
2016-11-30,YUM,False,Completed,-1870,52.3458232363,99721.013040605,0.0
2016-11-30,ZBH,True,Completed,1055,95.747119564,101013.21114002001,0.0
2016-12-31,AMAT,False,Completed,-3686,29.0111021948,100097.6245803474,0.0
2016-12-31,CLX,False,Completed,-1340,86.7622203161,99691.66532847,0.0
2016-12-31,DECK,True,Completed,10087,10.0583333333,101458.4083329971,0.0
2016-12-31,GEN,False,Completed,-8138,11.9964175184,100396.773712768,0.0
2016-12-31,HPQ,True,Completed,8920,11.0281128678,98370.766780776,0.0
2016-12-31,HSY,True,Completed,1300,76.8099382996,99852.91978948,0.0
2016-12-31,IBM,True,Completed,963,103.6002218661,99767.0136570543,0.0
2016-12-31,KMB,False,Completed,-1107,82.6173718029,99113.1595538067,0.0
2016-12-31,LMT,True,Completed,484,206.2950072694,99846.7835183896,0.0
2016-12-31,NVDA,True,Completed,44041,2.2681416346,99891.2257294186,0.0
2016-12-31,TPL,False,Completed,-3750,30.4354691388,100788.28462725,0.0
2016-12-31,ZBH,False,Completed,-1055,91.4697259542,101013.21114002001,0.0
2017-01-31,APO,True,Completed,7437,13.472294453199998,100193.4538484484,0.0
2017-01-31,CLX,True,Completed,1105,90.8618162382,100402.306943211,0.0
2017-01-31,DECK,False,Completed,-10087,9.3816666667,101458.4083329971,0.0
2017-01-31,GEN,True,Completed,8499,11.7895827336,100199.6636528664,0.0
2017-01-31,HPQ,False,Completed,-8920,10.9737534582,98370.766780776,0.0
2017-01-31,HSY,False,Completed,-1300,82.6522693578,99852.91978948,0.0
2017-01-31,KMB,True,Completed,1210,82.6235117002,99974.449157242,0.0
2017-01-31,LMT,False,Completed,-484,195.3383309814,99846.7835183896,0.0
2017-01-31,NDSN,True,Completed,983,102.978385746,101227.753188318,0.0
2017-01-31,NVDA,False,Completed,-44041,2.5710530582,99891.2257294186,0.0
2017-02-28,APO,False,Completed,-7437,14.7848014901,100193.4538484484,0.0
2017-02-28,GEN,False,Completed,-8499,13.6166233326,100199.6636528664,0.0
2017-02-28,IBM,False,Completed,-963,111.9483718837,99767.0136570543,0.0
2017-02-28,KMB,False,Completed,-1210,87.2265734943,99974.449157242,0.0
2017-02-28,LMT,True,Completed,511,195.050611306,99670.86237736601,0.0
2017-02-28,NDSN,False,Completed,-983,104.3844507381,101227.753188318,0.0
2017-02-28,QCOM,True,Completed,2407,41.7009801633,100374.25925306311,0.0
2017-02-28,STLD,True,Completed,3557,28.4603922533,101233.6152449881,0.0
2017-02-28,TPL,True,Completed,3133,32.4152569613,101557.00005975291,0.0
2017-02-28,URI,True,Completed,819,122.9610721158,100705.11806284019,0.0
2017-03-31,BA,True,Completed,593,169.9805510104,100798.4667491672,0.0
2017-03-31,CLX,False,Completed,-1105,103.5088803234,100402.306943211,0.0
2017-03-31,GEN,True,Completed,7088,14.1955661275,100618.17271171999,0.0
2017-03-31,MO,True,Completed,2558,39.1176851559,100063.0386287922,0.0
2017-03-31,PKG,True,Completed,1415,71.3323040958,100935.210295557,0.0
2017-03-31,QCOM,False,Completed,-2407,44.6721893822,100374.25925306311,0.0
2017-03-31,STLD,False,Completed,-3557,31.0628178377,101233.6152449881,0.0
2017-03-31,UPS,False,Completed,-1594,74.7346866031,98748.93080190879,0.0
2017-04-30,BAC,True,Completed,5210,19.240158936,100241.22805656001,0.0
2017-04-30,GEN,False,Completed,-7088,15.1534582418,100618.17271171999,0.0
2017-04-30,KMB,True,Completed,1042,96.2645897873,100307.7025583666,0.0
2017-04-30,MCD,True,Completed,959,104.1071508039,99838.7576209401,0.0
2017-04-30,MS,True,Completed,3038,32.8898463541,99919.35322375581,0.0
2017-04-30,PKG,False,Completed,-1415,70.5512090021,100935.210295557,0.0
2017-04-30,TPL,False,Completed,-3133,28.2666905841,101557.00005975291,0.0
2017-04-30,URI,False,Completed,-819,120.62777175890001,100705.11806284019,0.0
2017-05-31,APO,True,Completed,5272,18.9174434629,99732.7619364088,0.0
2017-05-31,BAC,False,Completed,-5210,19.1343990771,100241.22805656001,0.0
2017-05-31,MO,False,Completed,-2558,37.7344031238,100063.0386287922,0.0
2017-05-31,MS,False,Completed,-3038,33.7741388239,99919.35322375581,0.0
2017-05-31,MU,True,Completed,3706,27.1571722264,100644.4802710384,0.0
2017-05-31,URI,True,Completed,945,105.8759141303,100052.7388531335,0.0
2017-06-30,APO,False,Completed,-5272,19.5565565992,99732.7619364088,0.0
2017-06-30,IT,True,Completed,836,119.6,99985.59999999999,0.0
2017-06-30,LRCX,True,Completed,7280,13.7442134927,100057.874226856,0.0
2017-06-30,MCD,False,Completed,-959,121.9702742463,99838.7576209401,0.0
2017-06-30,MU,False,Completed,-3706,29.9850285803,100644.4802710384,0.0
2017-06-30,NVDA,True,Completed,28065,3.5788543766,100440.54807927899,0.0
2017-06-30,OKE,False,Completed,-3872,28.4452836744,99649.004142864,0.0
2017-06-30,TPL,True,Completed,3495,28.6169956424,100016.399770188,0.0
2017-06-30,URI,False,Completed,-945,105.654154179,100052.7388531335,0.0
2017-06-30,WYNN,True,Completed,860,119.0767357613,102405.992754718,0.0
2017-07-31,IT,False,Completed,-836,124.24,99985.59999999999,0.0
2017-07-31,KLAC,True,Completed,1253,80.4670612772,100825.22778033161,0.0
2017-07-31,LRCX,False,Completed,-7280,12.6687058331,100057.874226856,0.0
2017-07-31,MO,True,Completed,2532,39.610892496,100294.77979987199,0.0
2017-07-31,MU,True,Completed,3434,29.3414474791,100758.5306432294,0.0
2017-07-31,TPL,False,Completed,-3495,29.5114344944,100016.399770188,0.0
2017-08-31,NVDA,False,Completed,-28065,4.0018054059,100440.54807927899,0.0
2017-08-31,TPL,True,Completed,2983,33.4839140462,99882.5155998146,0.0
2017-09-30,AAPL,True,Completed,2617,38.3865197858,100457.52227943859,0.0
2017-09-30,HD,True,Completed,820,122.24391083290001,100240.006882978,0.0
2017-09-30,KLAC,False,Completed,-1253,82.5720692444,100825.22778033161,0.0
2017-09-30,MO,False,Completed,-2532,33.667402938,100294.77979987199,0.0
2017-09-30,MU,False,Completed,-3434,31.3306981556,100758.5306432294,0.0
2017-09-30,TTWO,True,Completed,1022,97.77,99920.94,0.0
2017-09-30,UPS,True,Completed,1232,81.392488199,100275.545461168,0.0
2017-09-30,WYNN,False,Completed,-860,128.241085051,102405.992754718,0.0
2017-10-31,AAPL,False,Completed,-2617,35.9314596004,100457.52227943859,0.0
2017-10-31,MO,True,Completed,2942,33.9438144972,99862.7022507624,0.0
2017-10-31,TTWO,False,Completed,-1022,102.44,99920.94,0.0
2017-10-31,WYNN,True,Completed,740,133.4197031248,98730.580312352,0.0
2017-11-30,ABBV,True,Completed,1585,63.4366807614,100547.139006819,0.0
2017-11-30,ALGN,True,Completed,418,243.0,101574.0,0.0
2017-11-30,AMP,True,Completed,754,133.4555902748,100625.51506719919,0.0
2017-11-30,BA,False,Completed,-593,244.7773303036,100798.4667491672,0.0
2017-11-30,KMB,False,Completed,-1042,82.8557129861,100307.7025583666,0.0
2017-11-30,MO,False,Completed,-2942,34.5921493913,99862.7022507624,0.0
2017-11-30,NVDA,True,Completed,19572,5.1719322599,101225.05819076281,0.0
2017-11-30,TPL,False,Completed,-2983,41.2582634815,99882.5155998146,0.0
2017-11-30,URI,True,Completed,733,138.2036941583,101303.3078180339,0.0
2017-11-30,WYNN,False,Completed,-740,138.1992683173,98730.580312352,0.0
2017-12-31,ABBV,False,Completed,-1585,67.9159617008,100547.139006819,0.0
2017-12-31,AMAT,True,Completed,2080,47.3621836706,98513.342034848,0.0
2017-12-31,AMP,False,Completed,-754,138.9127825258,100625.51506719919,0.0
2017-12-31,LRCX,True,Completed,5841,16.9109644682,98776.9434587562,0.0
2017-12-31,MU,True,Completed,2419,40.69187781,98433.65242239,0.0
2017-12-31,NVR,True,Completed,28,3479.9,97437.2,0.0
2017-12-31,UPS,False,Completed,-1232,87.11343199,100275.545461168,0.0
2017-12-31,URI,False,Completed,-733,153.3711106521,101303.3078180339,0.0
2018-01-31,ABBV,True,Completed,1479,67.8810219119,100396.03140770011,0.0
2018-01-31,AMAT,False,Completed,-2080,47.0707240788,98513.342034848,0.0
2018-01-31,KMB,True,Completed,1110,90.1775994156,100097.135351316,0.0
2018-01-31,LRCX,False,Completed,-5841,16.5249312654,98776.9434587562,0.0
2018-01-31,MU,False,Completed,-2419,40.5066044627,98433.65242239,0.0
2018-01-31,NVDA,False,Completed,-19572,4.8400647995,101225.05819076281,0.0
2018-01-31,TPL,True,Completed,2217,45.0258095264,99822.2197200288,0.0
2018-01-31,WYNN,True,Completed,651,150.2384091643,97805.2043659593,0.0
2018-02-28,KMB,False,Completed,-1110,87.2216910166,100097.135351316,0.0
2018-02-28,NVDA,True,Completed,16456,5.8966812543,97035.78672076079,0.0
2018-02-28,NVR,False,Completed,-28,3110.05,97437.2,0.0
2018-02-28,UPS,True,Completed,1098,85.2052125839,93555.32341712221,0.0
2018-03-31,LMT,False,Completed,-511,282.7215186939,99670.86237736601,0.0
2018-03-31,LOW,True,Completed,1300,76.8525819817,99908.35657621,0.0
2018-03-31,MU,True,Completed,2101,47.5567428898,99916.7168114698,0.0
2018-03-31,UPS,False,Completed,-1098,75.655313595,93555.32341712221,0.0
2018-04-30,ABBV,False,Completed,-1479,66.1566090532,100396.03140770011,0.0
2018-04-30,ALGN,False,Completed,-418,251.0,101574.0,0.0
2018-04-30,LII,False,Completed,-960,185.2947480424,99795.06465264001,0.0
2018-04-30,LMT,True,Completed,368,270.368595276,99495.643061568,0.0
2018-04-30,LOW,False,Completed,-1300,74.9477842593,99908.35657621,0.0
2018-04-30,MPC,True,Completed,1763,56.574515891000004,99740.871515833,0.0
2018-04-30,MSCI,True,Completed,730,136.8435111543,99895.76314263899,0.0
2018-04-30,ON,True,Completed,4088,24.33,99461.04,0.0
2018-05-31,BA,True,Completed,313,318.4515744721,99675.3428097673,0.0
2018-05-31,MSCI,False,Completed,-730,136.9625055118,99895.76314263899,0.0
2018-06-30,HD,False,Completed,-820,154.7997260022,100240.006882978,0.0
2018-06-30,IBKR,True,Completed,5775,17.4867001114,100985.69314333501,0.0
2018-06-30,LULU,True,Completed,951,113.95,108366.45,0.0
2018-06-30,MPC,False,Completed,-1763,62.2395827519,99740.871515833,0.0
2018-06-30,NVDA,False,Completed,-16456,6.2870743434,97035.78672076079,0.0
2018-06-30,RL,True,Completed,865,116.8019187397,101033.6597098405,0.0
2018-06-30,STX,True,Completed,2414,41.6026692282,100428.8435168748,0.0
2018-06-30,WYNN,False,Completed,-651,176.8374960175,97805.2043659593,0.0
2018-07-31,CF,True,Completed,2737,36.3102737276,99381.21919244119,0.0
2018-07-31,HD,True,Completed,619,160.2653858969,99204.2738701811,0.0
2018-07-31,LMT,False,Completed,-368,237.4652823018,99495.643061568,0.0
2018-07-31,MU,False,Completed,-2101,50.2383308117,99916.7168114698,0.0
2018-07-31,ON,False,Completed,-4088,22.02,99461.04,0.0
2018-07-31,RL,False,Completed,-865,107.6034934767,101033.6597098405,0.0
2018-07-31,TSCO,True,Completed,7422,13.360345495,99160.48426389,0.0
2018-07-31,VLO,True,Completed,1241,79.8939873097,99148.43825133769,0.0
2018-08-31,GWW,True,Completed,320,311.5599530757,99699.18498422399,0.0
2018-08-31,IBKR,False,Completed,-5775,14.3295775199,100985.69314333501,0.0
2018-08-31,MU,True,Completed,1942,51.3499708956,99721.6434792552,0.0
2018-08-31,ORLY,True,Completed,4901,20.1773333333,98889.11066650329,0.0
2018-08-31,STX,False,Completed,-2414,39.1051595122,100428.8435168748,0.0
2018-08-31,TSCO,False,Completed,-7422,13.7795626641,99160.48426389,0.0
2018-09-30,ALGN,True,Completed,258,386.64,99753.12,0.0
2018-09-30,LULU,False,Completed,-951,154.86,108366.45,0.0
2018-09-30,MU,False,Completed,-1942,50.8429069977,99721.6434792552,0.0
2018-09-30,STX,True,Completed,2513,38.0723612655,95675.8438602015,0.0
2018-10-31,ALGN,False,Completed,-258,393.36,99753.12,0.0
2018-10-31,AMD,True,Completed,3237,30.69,99343.53,0.0
2018-10-31,CF,False,Completed,-2737,45.3217094097,99381.21919244119,0.0
2018-10-31,FTNT,True,Completed,5418,18.6,100774.8,0.0
2018-10-31,KMB,True,Completed,1147,87.2522583892,100078.3403724124,0.0
2018-10-31,LULU,True,Completed,615,163.8,100737.0,0.0
2018-10-31,STX,False,Completed,-2513,35.9601347495,95675.8438602015,0.0
2018-10-31,VLO,False,Completed,-1241,83.8835332188,99148.43825133769,0.0
2018-11-30,BA,False,Completed,-313,345.779835299,99675.3428097673,0.0
2018-11-30,CLX,True,Completed,847,117.7712645415,99752.2610666505,0.0
2018-11-30,FTNT,False,Completed,-5418,16.44,100774.8,0.0
2018-11-30,GWW,False,Completed,-320,257.41791112,99699.18498422399,0.0
2018-11-30,LMT,True,Completed,418,240.21469337729997,100409.74183171139,0.0
2018-11-30,SPGI,False,Completed,-897,170.4402852213,100005.7254862614,0.0
2018-11-30,TJX,True,Completed,2019,49.4583279239,99856.3640783541,0.0
2018-11-30,TPL,False,Completed,-2217,76.8342831837,99822.2197200288,0.0
2018-11-30,TSCO,True,Completed,6156,16.2529076519,100052.8995050964,0.0
2018-11-30,UPS,True,Completed,1282,78.2342988209,100296.37108839379,0.0
2018-12-31,ABBV,True,Completed,1461,68.4642099894,100026.2107945134,0.0
2018-12-31,CLX,False,Completed,-847,131.4140429262,99752.2610666505,0.0
2018-12-31,LULU,False,Completed,-615,137.0,100737.0,0.0
2018-12-31,MCO,True,Completed,672,151.03173186,101493.32380992001,0.0
2018-12-31,SBUX,True,Completed,1765,57.1791997942,100921.28763676301,0.0
2018-12-31,SPGI,True,Completed,583,174.1851561499,101549.9460353917,0.0
2018-12-31,TJX,False,Completed,-2019,44.4453923633,99856.3640783541,0.0
2018-12-31,TSCO,False,Completed,-6156,16.9975309541,100052.8995050964,0.0
2019-01-31,AMD,False,Completed,-3237,18.01,99343.53,0.0
2019-01-31,MKC,True,Completed,1660,59.6050924672,98944.453495552,0.0
2019-01-31,NRG,True,Completed,3054,32.320914348,98708.07241879201,0.0
2019-01-31,UPS,False,Completed,-1282,70.9331075709,100296.37108839379,0.0
2019-02-28,MKC,False,Completed,-1660,53.5182609168,98944.453495552,0.0
2019-02-28,UPS,True,Completed,1285,78.017562759,100252.568145315,0.0
2019-03-31,ABBV,False,Completed,-1461,58.6337357804,100026.2107945134,0.0
2019-03-31,AES,True,Completed,7573,13.2490474273,100335.03616694291,0.0
2019-03-31,DOC,True,Completed,4737,21.1335434576,100109.59535865119,0.0
2019-03-31,KIM,True,Completed,7939,12.6091460962,100104.0108577318,0.0
2019-03-31,KMB,False,Completed,-1147,90.408464375,100078.3403724124,0.0
2019-03-31,MCO,False,Completed,-672,163.9484307885,101493.32380992001,0.0
2019-03-31,MSCI,True,Completed,583,173.5843631991,101199.68374507531,0.0
2019-03-31,NRG,False,Completed,-3054,34.5367700946,98708.07241879201,0.0
2019-04-30,AES,False,Completed,-7573,13.892725844799998,100335.03616694291,0.0
2019-04-30,DOC,False,Completed,-4737,21.4765091093,100109.59535865119,0.0
2019-04-30,LULU,True,Completed,610,164.76,100503.59999999999,0.0
2019-04-30,MCO,True,Completed,588,171.383584947,100773.547948836,0.0
2019-04-30,SBUX,False,Completed,-1765,63.783114708700005,100921.28763676301,0.0
2019-04-30,TPL,True,Completed,1269,79.5802588149,100987.3484361081,0.0
2019-05-31,FICO,True,Completed,357,280.0,99960.0,0.0
2019-05-31,GRMN,True,Completed,1364,70.0666492047,95570.9095152108,0.0
2019-05-31,KIM,False,Completed,-7939,12.6506659154,100104.0108577318,0.0
2019-05-31,KLAC,True,Completed,859,117.2057726737,100679.7587267083,0.0
2019-05-31,LMT,False,Completed,-418,275.4363926989,100409.74183171139,0.0
2019-05-31,LULU,False,Completed,-610,176.23,100503.59999999999,0.0
2019-05-31,UPS,False,Completed,-1285,78.9462418957,100252.568145315,0.0
2019-05-31,WAT,True,Completed,468,213.15,99754.2,0.0
2019-06-30,AMD,True,Completed,3648,28.75,104880.0,0.0
2019-06-30,AVGO,True,Completed,4764,21.0637627103,100347.7655518692,0.0
2019-06-30,CDNS,True,Completed,1573,63.31,99586.63,0.0
2019-06-30,FICO,False,Completed,-357,295.9,99960.0,0.0
2019-06-30,GRMN,False,Completed,-1364,65.34142274,95570.9095152108,0.0
2019-06-30,HD,False,Completed,-619,159.6139607463,99204.2738701811,0.0
2019-06-30,KLAC,False,Completed,-859,95.339983916,100679.7587267083,0.0
2019-06-30,LMT,True,Completed,356,280.4029090311,99823.4356150716,0.0
2019-06-30,QCOM,True,Completed,1762,56.9789948536,100396.9889320432,0.0
2019-06-30,TER,True,Completed,2443,41.2256852217,100714.34899661309,0.0
2019-06-30,TPL,False,Completed,-1269,74.8068681788,100987.3484361081,0.0
2019-06-30,WAT,False,Completed,-468,201.02,99754.2,0.0
2019-07-31,AVGO,False,Completed,-4764,25.4047756369,100347.7655518692,0.0
2019-07-31,CDNS,False,Completed,-1573,72.56,99586.63,0.0
2019-07-31,CINF,True,Completed,1144,88.0731615728,100755.6968392832,0.0
2019-07-31,FICO,True,Completed,318,318.7,101346.59999999999,0.0
2019-07-31,HSY,True,Completed,879,114.1974648772,100379.5716270588,0.0
2019-07-31,MCO,False,Completed,-588,186.5761415431,100773.547948836,0.0
2019-07-31,NSC,True,Completed,577,174.5207159507,100698.45310355391,0.0
2019-07-31,SPGI,False,Completed,-583,217.4316308518,101549.9460353917,0.0
2019-07-31,TER,False,Completed,-2443,47.9752379258,100714.34899661309,0.0
2019-07-31,TSN,True,Completed,1516,66.5605081457,100905.7303488812,0.0
2019-08-31,AMD,False,Completed,-3648,30.5,104880.0,0.0
2019-08-31,BALL,True,Completed,1517,65.853394978,99899.600181626,0.0
2019-08-31,CINF,False,Completed,-1144,90.2975291855,100755.6968392832,0.0
2019-08-31,ERIE,True,Completed,514,193.9489788343,99689.77512083019,0.0
2019-08-31,HLT,True,Completed,1054,94.7244502428,99839.57055591121,0.0
2019-08-31,HSY,False,Completed,-879,129.2129604817,100379.5716270588,0.0
2019-08-31,MCO,True,Completed,496,200.1420677875,99270.4656226,0.0
2019-08-31,MTD,True,Completed,132,758.86,100169.52,0.0
2019-08-31,NSC,False,Completed,-577,165.7395262913,100698.45310355391,0.0
2019-08-31,QCOM,False,Completed,-1762,59.0404019783,100396.9889320432,0.0
2019-08-31,SPGI,True,Completed,432,238.2422301532,102920.6434261824,0.0
2019-08-31,TSN,False,Completed,-1516,65.1639625146,100905.7303488812,0.0
2019-09-30,BALL,False,Completed,-1517,73.9022576424,99899.600181626,0.0
2019-09-30,CIEN,True,Completed,2443,40.78,99625.54000000001,0.0
2019-09-30,DECK,True,Completed,4069,24.3133333333,98930.9533331977,0.0
2019-09-30,FICO,False,Completed,-318,350.89,101346.59999999999,0.0
2019-09-30,IDXX,True,Completed,345,288.89,99667.04999999999,0.0
2019-09-30,MSCI,False,Completed,-583,217.2588870417,101199.68374507531,0.0
2019-10-31,CIEN,False,Completed,-2443,38.05,99625.54000000001,0.0
2019-10-31,ERIE,False,Completed,-514,161.9835886793,99689.77512083019,0.0
2019-10-31,FICO,True,Completed,329,303.25,99769.25,0.0
2019-10-31,HSY,True,Completed,757,131.8798671551,99833.0594364107,0.0
2019-10-31,MTD,False,Completed,-132,705.44,100169.52,0.0
2019-10-31,NVR,True,Completed,26,3715.0999999999995,96592.59999999999,0.0
2019-11-30,DECK,False,Completed,-4069,25.695,98930.9533331977,0.0
2019-11-30,FICO,False,Completed,-329,306.32,99769.25,0.0
2019-11-30,LDOS,True,Completed,1263,79.1444276086,99959.41206966179,0.0
2019-11-30,LRCX,True,Completed,3975,25.4124749615,101014.5879719625,0.0
2019-11-30,MA,True,Completed,374,268.9589030215,100590.62973004101,0.0
2019-11-30,NVR,False,Completed,-26,3651.9000000000005,96592.59999999999,0.0
2019-12-31,BLDR,True,Completed,3935,25.46,100185.1,0.0
2019-12-31,BX,True,Completed,2315,43.347025638,100348.36435197,0.0
2019-12-31,HSY,False,Completed,-757,126.4773061225,99833.0594364107,0.0
2019-12-31,LDOS,False,Completed,-1263,83.1824086091,99959.41206966179,0.0
2019-12-31,MA,False,Completed,-374,280.1317836166,100590.62973004101,0.0
2019-12-31,TER,True,Completed,1639,60.95618766810001,99907.1915880159,0.0
2020-01-31,BX,False,Completed,-2315,44.7730718775,100348.36435197,0.0
2020-01-31,FICO,True,Completed,266,377.0,100282.0,0.0
2020-01-31,LRCX,False,Completed,-3975,27.5678795656,101014.5879719625,0.0
2020-01-31,MA,True,Completed,347,289.6465663149,100507.3585112703,0.0
2020-01-31,NVR,True,Completed,26,3777.0,98202.0,0.0
2020-01-31,TER,False,Completed,-1639,67.0644711375,99907.1915880159,0.0
2020-02-29,AAPL,True,Completed,1341,73.2909655881,98283.18485364209,0.0
2020-02-29,BLDR,False,Completed,-3935,24.95,100185.1,0.0
2020-02-29,CDW,True,Completed,833,120.2829020744,100195.6574279752,0.0
2020-02-29,FICO,False,Completed,-266,405.04,100282.0,0.0
2020-02-29,GNRC,True,Completed,965,104.25,100601.25,0.0
2020-02-29,LRCX,True,Completed,3597,27.961200452000003,100576.438025844,0.0
2020-02-29,MA,False,Completed,-347,307.7294362097,100507.3585112703,0.0
2020-02-29,NVR,False,Completed,-26,3842.76,98202.0,0.0
2020-03-31,APO,True,Completed,2800,35.8707238959,100438.02690852,0.0
2020-03-31,BX,True,Completed,2308,43.8407374888,101184.4221241504,0.0
2020-03-31,CDW,False,Completed,-833,106.4443915267,100195.6574279752,0.0
2020-03-31,CLX,True,Completed,763,133.9151871067,102177.28776241209,0.0
2020-03-31,HLT,False,Completed,-1054,95.7574579686,99839.57055591121,0.0
2020-03-31,HSY,True,Completed,806,124.20484884739999,100109.1081710044,0.0
2020-03-31,IDXX,False,Completed,-345,254.93,99667.04999999999,0.0
2020-03-31,ORLY,False,Completed,-4901,24.4673333333,98889.11066650329,0.0
2020-04-30,AAPL,False,Completed,-1341,59.51262172690001,98283.18485364209,0.0
2020-04-30,APO,False,Completed,-2800,27.1366097621,100438.02690852,0.0
2020-04-30,BX,False,Completed,-2308,34.2199077573,101184.4221241504,0.0
2020-04-30,CLX,False,Completed,-763,141.1241101159,102177.28776241209,0.0
2020-04-30,CPB,True,Completed,2712,36.021482779,97690.26129664801,0.0
2020-04-30,HSY,False,Completed,-806,110.49515343350001,100109.1081710044,0.0
2020-04-30,IDXX,True,Completed,412,237.81,97977.72,0.0
2020-04-30,LDOS,True,Completed,1180,81.4562285012,96118.349631416,0.0
2020-04-30,LLY,True,Completed,773,124.90330642470002,96550.25586629311,0.0
2020-04-30,ORLY,True,Completed,4982,19.228,95793.89600000001,0.0
2020-05-31,BLDR,True,Completed,5449,16.99,92578.51,0.0
2020-05-31,CPB,False,Completed,-2712,39.9393572229,97690.26129664801,0.0
2020-05-31,DHI,True,Completed,2259,42.9687159024,97066.32922352159,0.0
2020-05-31,IDXX,False,Completed,-412,277.51,97977.72,0.0
2020-05-31,LDOS,False,Completed,-1180,89.7128019463,96118.349631416,0.0
2020-05-31,LEN,True,Completed,2250,42.9210851604,96572.44161089999,0.0
2020-05-31,LRCX,False,Completed,-3597,23.1108853485,100576.438025844,0.0
2020-05-31,NEM,True,Completed,2005,49.1643537287,98574.5292260435,0.0
2020-06-30,DHI,False,Completed,-2259,52.2260432206,97066.32922352159,0.0
2020-06-30,GEN,True,Completed,5011,19.6639884125,98536.2459350375,0.0
2020-06-30,IDXX,True,Completed,323,308.65,99693.95,0.0
2020-06-30,LEN,False,Completed,-2250,54.039571765,96572.44161089999,0.0
2020-06-30,LLY,False,Completed,-773,144.6564206458,96550.25586629311,0.0
2020-06-30,LOW,True,Completed,855,116.5462903967,99647.0782891785,0.0
2020-06-30,NEM,False,Completed,-2005,49.415833799,98574.5292260435,0.0
2020-06-30,WAT,True,Completed,500,199.43,99715.0,0.0
2020-07-31,BLDR,False,Completed,-5449,20.84,92578.51,0.0
2020-07-31,CLX,True,Completed,552,180.1759294855,99457.113075996,0.0
2020-07-31,EBAY,True,Completed,2105,47.7241301363,100459.29393691149,0.0
2020-07-31,GEN,False,Completed,-5011,17.4189646449,98536.2459350375,0.0
2020-07-31,KR,True,Completed,3355,29.8139738044,100025.882113762,0.0
2020-07-31,LLY,True,Completed,650,153.880643753,100022.41843944999,0.0
2020-07-31,LMT,False,Completed,-356,311.3645026043,99823.4356150716,0.0
2020-07-31,WAT,False,Completed,-500,180.47,99715.0,0.0
2020-08-31,AMD,True,Completed,1291,78.19,100943.29,0.0
2020-08-31,CLX,False,Completed,-552,190.9983005105,99457.113075996,0.0
2020-08-31,DVA,True,Completed,1144,87.63,100248.72,0.0
2020-08-31,EBAY,False,Completed,-2105,50.4222501857,100459.29393691149,0.0
2020-08-31,IDXX,False,Completed,-323,398.02,99693.95,0.0
2020-08-31,KR,False,Completed,-3355,30.7297012928,100025.882113762,0.0
2020-08-31,LLY,False,Completed,-650,143.0925168297,100022.41843944999,0.0
2020-08-31,LRCX,True,Completed,2819,35.8033303036,100929.5881258484,0.0
2020-08-31,MCO,False,Completed,-496,270.2631232745,99270.4656226,0.0
2020-08-31,MPWR,True,Completed,393,257.8463214174,101333.6043170382,0.0
2020-08-31,NVDA,True,Completed,9452,10.6960301351,101098.8768369652,0.0
2020-08-31,QCOM,True,Completed,1071,94.9091795058,101647.7312507118,0.0
2020-09-30,AAPL,True,Completed,798,128.7854207854,102770.7657867492,0.0
2020-09-30,ALGN,True,Completed,336,297.1,99825.6,0.0
2020-09-30,AMD,False,Completed,-1291,91.92,100943.29,0.0
2020-09-30,BLDR,True,Completed,3265,30.37,99158.05,0.0
2020-09-30,CRM,True,Completed,372,267.0199836333,99331.4339115876,0.0
2020-09-30,DVA,False,Completed,-1144,87.095,100248.72,0.0
2020-09-30,GEN,True,Completed,4798,20.9174223599,100361.79248280021,0.0
2020-09-30,GNRC,False,Completed,-965,189.71,100601.25,0.0
2020-09-30,LRCX,False,Completed,-2819,31.924949591899995,100929.5881258484,0.0
2020-09-30,MA,True,Completed,288,346.2588361259,99722.5448042592,0.0
2020-09-30,MCO,True,Completed,357,279.4010161427,99746.16276294389,0.0
2020-09-30,MPWR,False,Completed,-393,257.1937402853,101333.6043170382,0.0
2020-09-30,NTAP,True,Completed,2429,41.050088829,99710.66576564101,0.0
2020-09-30,NVDA,False,Completed,-9452,13.4380819703,101098.8768369652,0.0
2020-09-30,ORLY,False,Completed,-4982,31.1566666667,95793.89600000001,0.0
2020-09-30,QCOM,False,Completed,-1071,106.9981699679,101647.7312507118,0.0
2020-10-31,BLDR,False,Completed,-3265,32.96,99158.05,0.0
2020-10-31,CRM,False,Completed,-372,249.4616954106,99331.4339115876,0.0
2020-10-31,EBAY,True,Completed,2113,47.554783206,100483.25691427801,0.0
2020-10-31,GEN,False,Completed,-4798,18.6316557488,100361.79248280021,0.0
2020-10-31,GNRC,True,Completed,516,195.5,100878.0,0.0
2020-10-31,IDXX,True,Completed,254,396.29,100657.66,0.0
2020-10-31,MA,False,Completed,-288,331.2840683115,99722.5448042592,0.0
2020-10-31,ORLY,True,Completed,3253,30.862,100394.086,0.0
2020-11-30,AAPL,False,Completed,-798,105.8434563264,102770.7657867492,0.0
2020-11-30,CL,True,Completed,1442,70.4408802313,101575.7492935346,0.0
2020-11-30,KMB,True,Completed,923,109.6298549892,101188.3561550316,0.0
2020-11-30,MCO,False,Completed,-357,253.31408453340003,99746.16276294389,0.0
2020-11-30,NTAP,False,Completed,-2429,39.0187113354,99710.66576564101,0.0
2020-11-30,POOL,True,Completed,307,328.5079034433,100851.92635709309,0.0
2020-12-31,ABBV,True,Completed,1182,84.9728450565,100437.90285678301,0.0
2020-12-31,FSLR,True,Completed,1070,90.875,97236.25,0.0
2020-12-31,GNRC,False,Completed,-516,216.14,100878.0,0.0
2020-12-31,IDXX,False,Completed,-254,461.99,100657.66,0.0
2020-12-31,LOW,False,Completed,-855,140.8182992915,99647.0782891785,0.0
2020-12-31,NRG,True,Completed,3554,28.2940296386,100556.98133558441,0.0
2020-12-31,NTAP,True,Completed,2137,46.1976803096,98724.4428216152,0.0
2020-12-31,POOL,False,Completed,-307,322.1986326057,100851.92635709309,0.0
2021-01-31,AAPL,True,Completed,775,129.7463779053,100553.4428766075,0.0
2021-01-31,ABBV,False,Completed,-1182,86.6957594779,100437.90285678301,0.0
2021-01-31,BLDR,True,Completed,2450,41.25,101062.5,0.0
2021-01-31,FCX,True,Completed,4100,25.5319088515,104680.82629114999,0.0
2021-01-31,FSLR,False,Completed,-1070,101.58,97236.25,0.0
2021-01-31,IDXX,True,Completed,200,503.0,100600.0,0.0
2021-01-31,KMB,False,Completed,-923,110.5468199234,101188.3561550316,0.0
2021-01-31,NRG,False,Completed,-3554,32.4084316414,100556.98133558441,0.0
2021-01-31,ORLY,False,Completed,-3253,30.2813333333,100394.086,0.0
2021-01-31,QCOM,True,Completed,735,136.5172567351,100340.1837002985,0.0
2021-02-28,AAPL,False,Completed,-775,129.9698775078,100553.4428766075,0.0
2021-02-28,BLDR,False,Completed,-2450,38.63,101062.5,0.0
2021-02-28,CL,False,Completed,-1442,69.4767172069,101575.7492935346,0.0
2021-02-28,COHR,True,Completed,1189,85.805,102022.145,0.0
2021-02-28,NRG,True,Completed,2789,36.0736342022,100609.3657899358,0.0
2021-02-28,SPGI,False,Completed,-432,305.3683071995,102920.6434261824,0.0
2021-02-28,TTD,True,Completed,1305,78.247,102112.335,0.0
2021-02-28,WSM,True,Completed,1711,57.7273512892,98771.4980558212,0.0
2021-03-31,EBAY,False,Completed,-2113,52.18215525,100483.25691427801,0.0
2021-03-31,GNRC,True,Completed,303,335.0,101505.0,0.0
2021-03-31,MOS,True,Completed,3848,26.843885072999996,103295.26976090399,0.0
2021-03-31,NRG,False,Completed,-2789,36.3420005714,100609.3657899358,0.0
2021-03-31,QCOM,False,Completed,-735,122.67905889209999,100340.1837002985,0.0
2021-03-31,TER,True,Completed,793,128.8232413471,102156.83038825031,0.0
2021-03-31,TPL,True,Completed,868,116.8559735301,101430.9850241268,0.0
2021-03-31,TTD,False,Completed,-1305,81.98,102112.335,0.0
2021-03-31,WSM,False,Completed,-1711,60.6363748,98771.4980558212,0.0
2021-03-31,ZBRA,True,Completed,200,508.31,101662.0,0.0
2021-04-30,ADSK,True,Completed,360,277.84,100022.4,0.0
2021-04-30,ALGN,False,Completed,-336,546.24,99825.6,0.0
2021-04-30,CL,True,Completed,1435,69.3795346167,99559.6321749645,0.0
2021-04-30,COHR,False,Completed,-1189,69.69,102022.145,0.0
2021-04-30,GNRC,False,Completed,-303,330.0,101505.0,0.0
2021-04-30,HD,True,Completed,370,271.476869068,100446.44155516,0.0
2021-04-30,IDXX,False,Completed,-200,487.49,100600.0,0.0
2021-04-30,MOS,False,Completed,-3848,28.294032681,103295.26976090399,0.0
2021-04-30,NTAP,False,Completed,-2137,65.1825430066,98724.4428216152,0.0
2021-04-30,ORLY,True,Completed,2957,33.9737533333,100460.38860656811,0.0
2021-04-30,SPGI,True,Completed,296,344.0859762766,101849.44897787359,0.0
2021-04-30,TER,False,Completed,-793,121.60161444570001,102156.83038825031,0.0
2021-04-30,TPR,True,Completed,2754,36.6783377859,101012.1422623686,0.0
2021-04-30,TRGP,True,Completed,3500,28.86667406,101033.35921000001,0.0
2021-04-30,WSM,True,Completed,1231,82.2592099925,101261.0875007675,0.0
2021-04-30,ZBRA,False,Completed,-200,489.92,101662.0,0.0
2021-05-31,ALGN,True,Completed,167,599.14,100056.38,0.0
2021-05-31,CL,False,Completed,-1435,71.8155388873,99559.6321749645,0.0
2021-05-31,COHR,True,Completed,1489,68.1913,101536.84569999999,0.0
2021-05-31,FCX,False,Completed,-4100,36.0711577589,104680.82629114999,0.0
2021-05-31,MAS,True,Completed,1724,58.6206893034,101062.0683590616,0.0
2021-05-31,MOS,True,Completed,3210,31.2509184492,100315.448221932,0.0
2021-05-31,NTAP,True,Completed,1504,66.6355618106,100219.8849631424,0.0
2021-05-31,SPGI,False,Completed,-296,374.3074159357,101849.44897787359,0.0
2021-05-31,TRGP,False,Completed,-3500,31.692980189,101033.35921000001,0.0
2021-05-31,WSM,False,Completed,-1231,78.4365553095,101261.0875007675,0.0
2021-06-30,ADSK,False,Completed,-360,287.0,100022.4,0.0
2021-06-30,ALGN,False,Completed,-167,592.44,100056.38,0.0
2021-06-30,CL,True,Completed,1343,75.4667247461,101351.8113340123,0.0
2021-06-30,COHR,False,Completed,-1489,68.0,101536.84569999999,0.0
2021-06-30,FCX,True,Completed,2492,40.9222846909,101978.3334497228,0.0
2021-06-30,WAT,True,Completed,310,323.03,100139.29999999999,0.0
2021-07-31,FCX,False,Completed,-2492,35.615630835,101978.3334497228,0.0
2021-07-31,GDDY,True,Completed,1149,86.87,99813.63,0.0
2021-07-31,SPGI,True,Completed,253,395.1453994682,99971.78606545461,0.0
2021-07-31,TPL,False,Completed,-868,169.7782530898,101430.9850241268,0.0
2021-07-31,TPR,False,Completed,-2754,38.5373647551,101012.1422623686,0.0
2021-07-31,TRGP,True,Completed,2492,40.8886370263,101894.48346953961,0.0
2021-08-31,GNRC,True,Completed,238,421.32,100274.16,0.0
2021-08-31,KMB,True,Completed,879,113.62933294829999,99880.1836615557,0.0
2021-08-31,LOW,True,Completed,568,177.0128453724,100543.2961715232,0.0
2021-08-31,MOS,False,Completed,-3210,27.8630327942,100315.448221932,0.0
2021-08-31,SPGI,False,Completed,-253,413.0446400229,99971.78606545461,0.0
2021-08-31,TRGP,False,Completed,-2492,38.2884070202,101894.48346953961,0.0
2021-09-30,GDDY,False,Completed,-1149,73.94,99813.63,0.0
2021-09-30,GNRC,False,Completed,-238,440.47,100274.16,0.0
2021-09-30,KMB,False,Completed,-879,115.404660429,99880.1836615557,0.0
2021-09-30,NTAP,False,Completed,-1504,79.3398892429,100219.8849631424,0.0
2021-09-30,NUE,True,Completed,913,108.6980654076,99241.3337171388,0.0
2021-09-30,STLD,True,Completed,1593,62.5417891638,99629.07013793339,0.0
2021-09-30,TPL,True,Completed,702,142.3269308609,99913.50546435181,0.0
2021-09-30,TPR,True,Completed,2814,36.1320834158,101675.68273206119,0.0
2021-10-31,BX,True,Completed,1013,98.952597837,100238.981608881,0.0
2021-10-31,COR,True,Completed,887,113.0043901161,100234.8940329807,0.0
2021-10-31,MAS,False,Completed,-1724,51.1300797701,101062.0683590616,0.0
2021-10-31,NUE,False,Completed,-913,91.9913067717,99241.3337171388,0.0
2021-10-31,ORCL,True,Completed,1223,82.3130107602,100668.8121597246,0.0
2021-10-31,SPG,True,Completed,982,102.9944977258,101140.5967667356,0.0
2021-10-31,STLD,False,Completed,-1593,54.4856041033,99629.07013793339,0.0
2021-10-31,TPR,False,Completed,-2814,32.95063502,101675.68273206119,0.0
2021-11-30,BX,False,Completed,-1013,119.3430521018,100238.981608881,0.0
2021-11-30,DVN,True,Completed,3072,33.3184756278,102354.3571286016,0.0
2021-11-30,NTAP,True,Completed,1243,80.4052404242,99943.7138472806,0.0
2021-11-30,SPG,False,Completed,-982,115.4030017464,101140.5967667356,0.0
2021-11-30,TPL,False,Completed,-702,135.3863153699,99913.50546435181,0.0
2021-11-30,TRGP,True,Completed,2018,50.2012208758,101306.0637273644,0.0
2021-12-31,BX,True,Completed,826,123.1045809646,101684.3838767596,0.0
2021-12-31,CL,False,Completed,-1343,67.8407484121,101351.8113340123,0.0
2021-12-31,COR,False,Completed,-887,111.39037715849999,100234.8940329807,0.0
2021-12-31,DVN,False,Completed,-3072,35.681545676,102354.3571286016,0.0
2021-12-31,IT,True,Completed,320,316.09,101148.79999999999,0.0
2021-12-31,NTAP,False,Completed,-1243,80.5672751675,99943.7138472806,0.0
2021-12-31,NUE,True,Completed,1007,101.1493198392,101857.3650780744,0.0
2021-12-31,SPG,True,Completed,835,122.566270629,102342.835975215,0.0
2021-12-31,WAT,False,Completed,-310,328.89,100139.29999999999,0.0
2021-12-31,WSM,True,Completed,1120,89.9414779806,100734.455338272,0.0
2022-01-31,F,True,Completed,6138,16.6830365985,102400.478641593,0.0
2022-01-31,FANG,True,Completed,1135,87.8208919304,99676.712341004,0.0
2022-01-31,IT,False,Completed,-320,334.53,101148.79999999999,0.0
2022-01-31,MCK,True,Completed,411,242.0064831444,99464.6645723484,0.0
2022-01-31,NUE,False,Completed,-1007,107.8351996211,101857.3650780744,0.0
2022-01-31,NVDA,True,Completed,3406,29.7566144002,101351.0286470812,0.0
2022-01-31,TRGP,False,Completed,-2018,47.2924497745,101306.0637273644,0.0
2022-01-31,WSM,False,Completed,-1120,77.8826949311,100734.455338272,0.0
2022-02-28,BX,False,Completed,-826,115.11988106039999,101684.3838767596,0.0
2022-02-28,CL,True,Completed,1342,74.7551601481,100321.4249187502,0.0
2022-02-28,FANG,False,Completed,-1135,101.8944388432,99676.712341004,0.0
2022-02-28,NUE,True,Completed,1050,97.0601270156,101913.13336638,0.0
2022-02-28,NVDA,False,Completed,-3406,25.054839775400005,101351.0286470812,0.0
2022-02-28,STX,True,Completed,1066,93.7287470634,99914.84436958439,0.0
2022-03-31,BX,True,Completed,907,109.346939442,99177.674073894,0.0
2022-03-31,COR,True,Completed,730,136.733282179,99815.29599067001,0.0
2022-03-31,F,False,Completed,-6138,13.7253462053,102400.478641593,0.0
2022-03-31,FANG,True,Completed,887,114.0169546005,101133.0387306435,0.0
2022-03-31,MCK,False,Completed,-411,269.0575794558,99464.6645723484,0.0
2022-03-31,MTD,True,Completed,70,1404.56,98319.2,0.0
2022-03-31,NUE,False,Completed,-1050,124.8050003797,101913.13336638,0.0
2022-03-31,SPG,False,Completed,-835,109.0804819246,102342.835975215,0.0
2022-04-30,APA,True,Completed,2776,36.0857465566,100174.0324411216,0.0
2022-04-30,BX,False,Completed,-907,110.0383522743,99177.674073894,0.0
2022-04-30,CF,True,Completed,1061,93.2880801104,98978.6529971344,0.0
2022-04-30,CL,False,Completed,-1342,68.5398670747,100321.4249187502,0.0
2022-04-30,COP,True,Completed,1166,85.8680990347,100122.2034744602,0.0
2022-04-30,DVN,True,Completed,2007,50.0069198961,100363.88823147271,0.0
2022-04-30,HD,False,Completed,-370,271.3179350846,100446.44155516,0.0
2022-04-30,LOW,False,Completed,-568,187.707798243,100543.2961715232,0.0
2022-04-30,MOS,True,Completed,1683,59.2694150347,99750.42550340011,0.0
2022-04-30,MTD,False,Completed,-70,1381.81,98319.2,0.0
2022-04-30,NUE,True,Completed,714,142.4468238546,101707.03223218441,0.0
2022-04-30,ORCL,False,Completed,-1223,78.4396602635,100668.8121597246,0.0
2022-04-30,OXY,True,Completed,1872,53.4922291147,100137.4529027184,0.0
2022-04-30,STX,False,Completed,-1066,79.7560312274,99914.84436958439,0.0
2022-05-31,EOG,True,Completed,1024,96.0355454982,98340.3985901568,0.0
2022-05-31,FANG,False,Completed,-887,101.6778883524,101133.0387306435,0.0
2022-05-31,KMB,True,Completed,838,120.0462082212,100598.72248936561,0.0
2022-05-31,MOS,False,Completed,-1683,55.3758690116,99750.42550340011,0.0
2022-06-30,APA,False,Completed,-2776,41.9735242183,100174.0324411216,0.0
2022-06-30,DLTR,True,Completed,623,160.41,99935.43,0.0
2022-06-30,FANG,True,Completed,783,129.3519045018,101282.5412249094,0.0
2022-06-30,MOS,True,Completed,1787,55.3293862725,98873.6132689575,0.0
2022-06-30,NUE,False,Completed,-714,125.3920044707,101707.03223218441,0.0
2022-06-30,ORLY,False,Completed,-2957,42.6666666667,100460.38860656811,0.0
2022-07-31,CL,True,Completed,1373,73.1871993879,100486.0247595867,0.0
2022-07-31,CVX,True,Completed,811,124.7753500024,101192.8088519464,0.0
2022-07-31,DLTR,False,Completed,-623,154.0,99935.43,0.0
2022-07-31,EOG,False,Completed,-1024,94.7605031767,98340.3985901568,0.0
2022-07-31,FANG,False,Completed,-783,102.3391950942,101282.5412249094,0.0
2022-07-31,MOS,False,Completed,-1787,41.6671462317,98873.6132689575,0.0
2022-07-31,MPC,True,Completed,1327,76.0773560663,100954.6514999801,0.0
2022-07-31,VLO,True,Completed,1061,95.5302182947,101357.56161067671,0.0
2022-08-31,MPC,False,Completed,-1327,82.5118505191,100954.6514999801,0.0
2022-08-31,XOM,True,Completed,1179,82.891377179,97728.933694041,0.0
2022-09-30,AMGN,True,Completed,467,214.4358933802,100141.56220855341,0.0
2022-09-30,COP,False,Completed,-1166,93.9442645641,100122.2034744602,0.0
2022-09-30,CVX,False,Completed,-811,134.3737904692,101192.8088519464,0.0
2022-09-30,DLTR,True,Completed,737,134.86,99391.82,0.0
2022-09-30,DVN,False,Completed,-2007,58.7035912858,100363.88823147271,0.0
2022-09-30,MTD,True,Completed,82,1207.82,99041.23999999999,0.0
2022-09-30,STX,True,Completed,1677,57.9366002508,97159.6786205916,0.0
2022-09-30,VLO,False,Completed,-1061,103.1149264252,101357.56161067671,0.0
2022-09-30,VRTX,True,Completed,354,281.65,99704.09999999999,0.0
2022-09-30,XOM,False,Completed,-1179,83.3475158441,97728.933694041,0.0
2022-10-31,AMGN,False,Completed,-467,203.0079685713,100141.56220855341,0.0
2022-10-31,CF,False,Completed,-1061,93.0571315108,98978.6529971344,0.0
2022-10-31,DLTR,False,Completed,-737,137.515,99391.82,0.0
2022-10-31,EQT,True,Completed,2593,38.6068419781,100107.5412492133,0.0
2022-10-31,IT,True,Completed,361,279.6,100935.6,0.0
2022-10-31,NUE,True,Completed,983,104.3919480742,102617.2849569386,0.0
2022-10-31,SMCI,True,Completed,18158,5.655,102683.49,0.0
2022-10-31,STX,False,Completed,-1677,48.2395971522,97159.6786205916,0.0
2022-11-30,AON,True,Completed,365,275.2240381213,100456.7739142745,0.0
2022-11-30,CF,True,Completed,1021,99.4672427075,101556.05480435751,0.0
2022-11-30,NUE,False,Completed,-983,128.3390673893,102617.2849569386,0.0
2022-11-30,SMCI,False,Completed,-18158,7.02,102683.49,0.0
2022-12-31,AMGN,True,Completed,389,257.8788324858,100314.8658369762,0.0
2022-12-31,VRTX,False,Completed,-354,318.55,99704.09999999999,0.0
2023-01-31,CF,False,Completed,-1021,78.288424353,101556.05480435751,0.0
2023-01-31,EQT,False,Completed,-2593,31.0193930361,100107.5412492133,0.0
2023-01-31,LVS,True,Completed,2202,46.5591867997,102523.32933293941,0.0
2023-01-31,SMCI,True,Completed,12180,8.308,101191.44,0.0
2023-02-28,LVS,False,Completed,-2202,56.3452118605,102523.32933293941,0.0
2023-02-28,MTD,False,Completed,-82,1534.89,99041.23999999999,0.0
2023-02-28,STLD,True,Completed,868,115.1065489378,99912.4844780104,0.0
2023-02-28,TPL,True,Completed,467,208.7783523812,97499.4905620204,0.0
2023-03-31,AMGN,False,Completed,-389,208.099081732,100314.8658369762,0.0
2023-03-31,APA,True,Completed,2936,34.0302331374,99912.76449140641,0.0
2023-03-31,KMB,False,Completed,-838,110.0429731254,100598.72248936561,0.0
2023-03-31,LVS,True,Completed,1842,55.1739115636,101630.3451001512,0.0
2023-03-31,MTD,True,Completed,69,1424.0,98256.0,0.0
2023-03-31,OXY,False,Completed,-1872,55.4173186505,100137.4529027184,0.0
2023-03-31,SMCI,False,Completed,-12180,9.916,101191.44,0.0
2023-03-31,UAL,True,Completed,1924,51.67,99413.08,0.0
2023-04-30,CL,False,Completed,-1373,69.6791544158,100486.0247595867,0.0
2023-04-30,HD,True,Completed,365,273.2285858506,99728.433835469,0.0
2023-04-30,LVS,False,Completed,-1842,56.3074279799,101630.3451001512,0.0
2023-04-30,MPC,True,Completed,794,128.0812873846,101696.5421833724,0.0
2023-04-30,TPL,False,Completed,-467,187.8149641939,97499.4905620204,0.0
2023-04-30,URI,True,Completed,261,381.7657604824,99640.8634859064,0.0
2023-05-31,AON,False,Completed,-365,315.1833723927,100456.7739142745,0.0
2023-05-31,CL,True,Completed,1344,74.4039598218,99998.9220004992,0.0
2023-05-31,GE,True,Completed,1286,78.1474944492,100497.6778616712,0.0
2023-05-31,MPC,False,Completed,-794,113.3439593382,101696.5421833724,0.0
2023-05-31,MRNA,True,Completed,752,132.0,99264.0,0.0
2023-05-31,NFLX,True,Completed,3030,32.9435,99818.80500000001,0.0
2023-05-31,STLD,False,Completed,-868,99.5127457729,99912.4844780104,0.0
2023-05-31,TPL,True,Completed,630,157.5148235693,99234.338848659,0.0
2023-05-31,UAL,False,Completed,-1924,43.66,99413.08,0.0
2023-05-31,URI,False,Completed,-261,349.1579519693,99640.8634859064,0.0
2023-06-30,AXON,True,Completed,518,191.59,99243.62,0.0
2023-06-30,BLDR,True,Completed,862,115.65,99690.3,0.0
2023-06-30,DECK,True,Completed,1263,78.665,99353.895,0.0
2023-06-30,GE,False,Completed,-1286,79.4985215922,100497.6778616712,0.0
2023-06-30,KMB,True,Completed,835,120.22393912760002,100386.98917154601,0.0
2023-06-30,MAR,True,Completed,613,163.057083498,99953.992184274,0.0
2023-06-30,MRNA,False,Completed,-752,128.44,99264.0,0.0
2023-06-30,MTD,False,Completed,-69,1324.88,98256.0,0.0
2023-06-30,NFLX,False,Completed,-3030,39.741,99818.80500000001,0.0
2023-06-30,TPL,False,Completed,-630,140.3037344524,99234.338848659,0.0
2023-07-31,AXON,False,Completed,-518,194.31,99243.62,0.0
2023-07-31,DECK,False,Completed,-1263,88.1966666667,99353.895,0.0
2023-07-31,GE,True,Completed,1158,85.6645466341,99199.5450022878,0.0
2023-07-31,KLAC,True,Completed,211,473.0120128834,99805.53471839741,0.0
2023-07-31,KMB,False,Completed,-835,122.9663641281,100386.98917154601,0.0
2023-07-31,SMCI,True,Completed,4012,25.489,102261.868,0.0
2023-08-31,APA,False,Completed,-2936,36.036929869,99912.76449140641,0.0
2023-08-31,CL,False,Completed,-1344,71.3794484404,99998.9220004992,0.0
2023-08-31,DAL,True,Completed,2229,44.3561922301,98869.9524808929,0.0
2023-08-31,GE,False,Completed,-1158,89.3659581813,99199.5450022878,0.0
2023-08-31,META,True,Completed,316,315.0865528806,99567.35071026959,0.0
2023-08-31,SMCI,False,Completed,-4012,32.249,102261.868,0.0
2023-08-31,UAL,True,Completed,1841,53.55,98585.54999999999,0.0
2023-08-31,VRT,True,Completed,3857,25.5841586654,98678.0999724478,0.0
2023-09-30,APA,True,Completed,2536,40.0470273544,101559.2613707584,0.0
2023-09-30,AVGO,True,Completed,1121,87.1444428111,97688.92039124311,0.0
2023-09-30,BKNG,True,Completed,820,123.1260988642,100963.401068644,0.0
2023-09-30,DAL,False,Completed,-2229,41.7960622019,98869.9524808929,0.0
2023-09-30,IT,False,Completed,-361,351.21,100935.6,0.0
2023-09-30,KLAC,False,Completed,-211,492.3927949271,99805.53471839741,0.0
2023-09-30,META,False,Completed,-316,297.061619462,99567.35071026959,0.0
2023-09-30,MSI,True,Completed,363,275.7792710241,100107.87538174831,0.0
2023-09-30,PHM,True,Completed,1244,80.5244746536,100172.4464690784,0.0
2023-09-30,SMCI,True,Completed,3635,27.7,100689.5,0.0
2023-09-30,UAL,False,Completed,-1841,50.13,98585.54999999999,0.0
2023-09-30,VRT,False,Completed,-3857,39.487509401,98678.0999724478,0.0
2023-10-31,AVGO,False,Completed,-1121,80.5527486344,97688.92039124311,0.0
2023-10-31,COR,False,Completed,-730,175.8480341463,99815.29599067001,0.0
2023-10-31,DELL,True,Completed,1520,65.4780238514,99526.59625412799,0.0
2023-10-31,JBL,True,Completed,792,125.7278492626,99576.4566159792,0.0
2023-10-31,PHM,False,Completed,-1244,72.0501310216,100172.4464690784,0.0
2023-10-31,VRT,True,Completed,2697,37.9227595332,102277.6824610404,0.0
2023-11-30,ANET,True,Completed,1996,50.7325,101262.07,0.0
2023-11-30,APA,False,Completed,-2536,36.2325322087,101559.2613707584,0.0
2023-11-30,BLDR,False,Completed,-862,108.94,99690.3,0.0
2023-11-30,COR,True,Completed,552,180.9093933554,99861.9851321808,0.0
2023-11-30,DELL,False,Completed,-1520,64.5808188528,99526.59625412799,0.0
2023-11-30,HD,False,Completed,-365,268.2660317394,99728.433835469,0.0
2023-11-30,IT,True,Completed,301,331.86,99889.86,0.0
2023-11-30,NVDA,True,Completed,2453,40.8558354349,100219.3643218097,0.0
2023-12-31,ANET,False,Completed,-1996,54.7525,101262.07,0.0
2023-12-31,CL,True,Completed,1345,74.4332554638,100112.728598811,0.0
2023-12-31,DECK,True,Completed,903,110.7583333333,100014.7749999699,0.0
2023-12-31,HD,True,Completed,337,296.7739428425,100012.8187379225,0.0
2023-12-31,IT,False,Completed,-301,434.32,99889.86,0.0
2023-12-31,JBL,False,Completed,-792,114.2307753847,99576.4566159792,0.0
2023-12-31,MAR,False,Completed,-613,198.0229053863,99953.992184274,0.0
2023-12-31,META,True,Completed,308,322.9702906186,99474.8495105288,0.0
2023-12-31,PHM,True,Completed,1152,86.8349277876,100033.8368113152,0.0
2023-12-31,SMCI,False,Completed,-3635,26.226,100689.5,0.0
2024-01-31,CVNA,True,Completed,9444,10.322,97480.968,0.0
2024-01-31,DECK,False,Completed,-903,110.8083333333,100014.7749999699,0.0
2024-01-31,FTNT,True,Completed,1708,58.1,99234.8,0.0
2024-01-31,META,False,Completed,-308,348.6110436897,99474.8495105288,0.0
2024-01-31,ORCL,True,Completed,975,101.5903535752,99050.59473581999,0.0
2024-01-31,PHM,False,Completed,-1152,100.098731637,100033.8368113152,0.0
2024-02-29,COR,False,Completed,-552,227.9082704093,99861.9851321808,0.0
2024-02-29,META,True,Completed,258,390.9024096297,100852.8216844626,0.0
2024-03-31,BKNG,False,Completed,-820,136.7555089347,100963.401068644,0.0
2024-03-31,CL,False,Completed,-1345,82.0085052173,100112.728598811,0.0
2024-03-31,COR,True,Completed,432,232.44807792120002,100417.5696619584,0.0
2024-03-31,CVNA,False,Completed,-9444,15.3294,97480.968,0.0
2024-03-31,DECK,True,Completed,669,149.1416666667,99775.77500002229,0.0
2024-03-31,FTNT,False,Completed,-1708,69.09,99234.8,0.0
2024-03-31,HD,False,Completed,-337,359.6881652474,100012.8187379225,0.0
2024-03-31,LII,True,Completed,216,460.589096408,99487.24482412799,0.0
2024-03-31,PANW,True,Completed,644,155.765,100312.65999999999,0.0
2024-03-31,SMCI,True,Completed,1154,88.188,101768.952,0.0
2024-04-30,DECK,False,Completed,-669,157.9433333333,99775.77500002229,0.0
2024-04-30,DELL,True,Completed,908,110.1501562556,100016.3418800848,0.0
2024-04-30,FIX,True,Completed,317,317.7059810078,100712.7959794726,0.0
2024-04-30,META,False,Completed,-258,483.9597670845,100852.8216844626,0.0
2024-04-30,MSI,False,Completed,-363,346.5781845513,100107.87538174831,0.0
2024-04-30,NTAP,True,Completed,994,100.2889915659,99687.2576165046,0.0
2024-04-30,PANW,False,Completed,-644,142.51,100312.65999999999,0.0
2024-04-30,VRT,False,Completed,-2697,81.8754321837,102277.6824610404,0.0
2024-04-30,VST,True,Completed,1454,69.0915936034,100459.1770993436,0.0
2024-04-30,WSM,True,Completed,651,152.9696391829,99583.23510806791,0.0
2024-05-31,APA,True,Completed,3461,28.5700594666,98880.9758139026,0.0
2024-05-31,FIX,False,Completed,-317,307.7776691013,100712.7959794726,0.0
2024-05-31,NRG,True,Completed,1417,70.8017664465,100326.1030546905,0.0
2024-05-31,NTAP,False,Completed,-994,97.5249758096,99687.2576165046,0.0
2024-06-30,APA,False,Completed,-3461,28.1657228257,98880.9758139026,0.0
2024-06-30,COR,False,Completed,-432,221.1294723517,100417.5696619584,0.0
2024-06-30,CVNA,True,Completed,5001,20.656,103300.65599999999,0.0
2024-06-30,DELL,False,Completed,-908,136.0282849171,100016.3418800848,0.0
2024-06-30,HD,True,Completed,311,319.567091904,99385.365582144,0.0
2024-06-30,ORCL,False,Completed,-975,115.0476277403,99050.59473581999,0.0
2024-06-30,PHM,True,Completed,865,115.998446581,100338.65629256499,0.0
2024-06-30,URI,True,Completed,152,663.2857109851,100819.4280697352,0.0
2024-07-31,ANET,True,Completed,1141,88.6775,101181.0275,0.0
2024-07-31,KKR,True,Completed,961,105.3473957043,101238.8472718323,0.0
2024-07-31,NRG,False,Completed,-1417,76.5191013021,100326.1030546905,0.0
2024-07-31,NTAP,True,Completed,806,124.56179329429999,100396.8053952058,0.0
2024-07-31,PHM,False,Completed,-865,109.005283718,100338.65629256499,0.0
2024-07-31,URI,False,Completed,-152,637.8057132283,100819.4280697352,0.0
2024-07-31,VRT,True,Completed,1157,87.2164899855,100909.4789132235,0.0
2024-07-31,VST,False,Completed,-1454,87.8059210953,100459.1770993436,0.0
2024-08-31,COR,True,Completed,427,236.2637340319,100884.61443162129,0.0
2024-08-31,FIX,True,Completed,302,331.1488663787,100006.9576463674,0.0
2024-08-31,KKR,False,Completed,-961,122.2582950428,101238.8472718323,0.0
2024-08-31,LII,False,Completed,-216,575.0405339229,99487.24482412799,0.0
2024-08-31,NRG,True,Completed,1370,73.2050043038,100290.85589620599,0.0
2024-08-31,NTAP,False,Completed,-806,122.1364512472,100396.8053952058,0.0
2024-09-30,ANET,False,Completed,-1141,87.7725,101181.0275,0.0
2024-09-30,DECK,True,Completed,625,159.3666666667,99604.16666668751,0.0
2024-09-30,HD,False,Completed,-311,354.5314087404,99385.365582144,0.0
2024-09-30,VST,True,Completed,1183,84.1052884054,99496.55618358821,0.0
2024-10-31,COR,False,Completed,-427,222.0080940638,100884.61443162129,0.0
2024-10-31,CVNA,False,Completed,-5001,34.862,103300.65599999999,0.0
2024-10-31,DECK,False,Completed,-625,159.42,99604.16666668751,0.0
2024-10-31,EME,True,Completed,233,426.9443104747,99478.0243406051,0.0
2024-10-31,HD,True,Completed,256,389.338895785,99670.75732096,0.0
2024-10-31,LII,True,Completed,167,594.571659538,99293.467142846,0.0
2024-11-30,CL,True,Completed,1106,90.594885971,100197.943883926,0.0
2024-11-30,GDDY,True,Completed,599,167.79,100506.20999999999,0.0
2024-11-30,HD,False,Completed,-256,380.4539281617,99670.75732096,0.0
2024-11-30,LII,False,Completed,-167,597.2829520524,99293.467142846,0.0
2024-11-30,MSI,True,Completed,226,444.9214878129,100552.2562457154,0.0
2024-11-30,NRG,False,Completed,-1370,88.160730969,100290.85589620599,0.0
2024-11-30,RCL,True,Completed,494,202.19552402,99884.58886588,0.0
2024-11-30,SMCI,False,Completed,-1154,27.6,101768.952,0.0
2024-12-31,EME,False,Completed,-233,510.3779674397,99478.0243406051,0.0
2024-12-31,FTNT,True,Completed,1052,95.36,100318.72,0.0
2024-12-31,IBKR,True,Completed,2108,47.5592887397,100254.9806632876,0.0
2024-12-31,MSI,False,Completed,-226,490.7896824328,100552.2562457154,0.0
2024-12-31,RCL,False,Completed,-494,241.8196165863,99884.58886588,0.0
2024-12-31,TPL,True,Completed,189,529.8094922748,100133.99403993721,0.0
2024-12-31,TRGP,True,Completed,505,198.0489476414,100014.718558907,0.0
2024-12-31,WSM,False,Completed,-651,168.9607160362,99583.23510806791,0.0
2025-01-31,DECK,True,Completed,492,205.13,100923.95999999999,0.0
2025-01-31,EME,True,Completed,220,454.5898024667,100009.756542674,0.0
2025-01-31,FIX,False,Completed,-302,427.5813150042,100006.9576463674,0.0
2025-01-31,IBKR,False,Completed,-2108,44.0677197725,100254.9806632876,0.0
2025-01-31,LYV,True,Completed,772,130.6,100823.2,0.0
2025-01-31,TPL,False,Completed,-189,370.1936912929999,100133.99403993721,0.0
2025-01-31,TRGP,False,Completed,-505,174.5205854277,100014.718558907,0.0
2025-01-31,UAL,True,Completed,1029,97.29,100111.41,0.0
2025-01-31,VRT,False,Completed,-1157,114.83182571059999,100909.4789132235,0.0
2025-01-31,WSM,True,Completed,551,182.9021763924,100779.09919221241,0.0
2025-02-28,CL,False,Completed,-1106,84.4633583727,100197.943883926,0.0
2025-02-28,DECK,False,Completed,-492,174.5,100923.95999999999,0.0
2025-02-28,EME,False,Completed,-220,435.8114137281,100009.756542674,0.0
2025-02-28,HD,True,Completed,250,393.4238847234,98355.97118085,0.0
2025-02-28,IBKR,True,Completed,1853,52.2196771693,96763.06179471289,0.0
2025-02-28,MMM,True,Completed,676,144.9904749782,98013.56108526321,0.0
2025-02-28,NVDA,False,Completed,-2453,114.71315596679999,100219.3643218097,0.0
2025-02-28,TRGP,True,Completed,522,190.0915816639,99227.8056285558,0.0
2025-03-31,CL,True,Completed,1130,88.2660041155,99740.584650515,0.0
2025-03-31,CLX,True,Completed,674,146.9600988351,99051.1066148574,0.0
2025-03-31,FOXA,True,Completed,1760,56.540709547,99511.64880272,0.0
2025-03-31,IBKR,False,Completed,-1853,51.9655171754,96763.06179471289,0.0
2025-03-31,KMB,True,Completed,741,134.0402169099,99323.8007302359,0.0
2025-03-31,TRGP,False,Completed,-522,197.131290366,99227.8056285558,0.0
2025-03-31,UAL,False,Completed,-1029,93.835,100111.41,0.0
2025-03-31,VRSK,True,Completed,339,292.8901434132,99289.7586170748,0.0
2025-03-31,VST,False,Completed,-1183,132.7319274218,99496.55618358821,0.0
2025-03-31,WSM,False,Completed,-551,190.4898873769,100779.09919221241,0.0
2025-04-30,COR,True,Completed,362,276.4058655697,100058.9233362314,0.0
2025-04-30,LYV,False,Completed,-772,130.25,100823.2,0.0
2025-05-31,APP,True,Completed,371,282.0,104622.0,0.0
2025-05-31,COR,False,Completed,-362,287.0056174212,100058.9233362314,0.0
2025-05-31,FOXA,False,Completed,-1760,49.1839491839,99511.64880272,0.0
2025-05-31,KMB,False,Completed,-741,124.8172051829,99323.8007302359,0.0
2025-05-31,LYV,True,Completed,755,133.38,100701.9,0.0
2025-05-31,MMM,False,Completed,-676,135.0567238583,98013.56108526321,0.0
2025-05-31,TPL,True,Completed,234,422.7043800063,98912.82492147421,0.0
2025-05-31,VST,True,Completed,775,136.9457411548,106132.94939497,0.0
2025-06-30,CL,False,Completed,-1130,89.9462888072,99740.584650515,0.0
2025-06-30,CLX,False,Completed,-674,125.0838513667,99051.1066148574,0.0
2025-06-30,COR,True,Completed,345,288.1152555721,99399.7631723745,0.0
2025-06-30,DVA,True,Completed,733,135.67,99446.10999999999,0.0
2025-06-30,HD,False,Completed,-250,356.0776391774,98355.97118085,0.0
2025-06-30,KMB,True,Completed,726,137.5047998793,99828.4847123718,0.0
2025-06-30,NRG,True,Completed,648,154.7635967148,100286.8106711904,0.0
2025-06-30,TPL,False,Completed,-234,379.5546391788,98912.82492147421,0.0
2025-07-31,COR,False,Completed,-345,298.1693653897,99399.7631723745,0.0
2025-07-31,CVNA,True,Completed,1483,67.18,99627.94000000002,0.0
2025-07-31,HD,True,Completed,277,357.5006157414,99027.6705603678,0.0
2025-07-31,JBL,True,Completed,459,217.7231570463,99934.92908425171,0.0
2025-07-31,KMB,False,Completed,-726,125.3182021902,99828.4847123718,0.0
2025-07-31,NRG,False,Completed,-648,158.4413824551,100286.8106711904,0.0
2025-07-31,RCL,True,Completed,323,306.3173300934,98940.4976201682,0.0
2025-07-31,VRSK,False,Completed,-339,309.3833994196,99289.7586170748,0.0
2025-08-31,CVNA,False,Completed,-1483,76.198,99627.94000000002,0.0
2025-08-31,EME,True,Completed,159,607.8746171633,96652.06412896469,0.0
2025-08-31,FIX,True,Completed,142,679.6368940262,96508.4389517204,0.0
2025-08-31,FTNT,False,Completed,-1052,99.38,100318.72,0.0
2025-08-31,GDDY,False,Completed,-599,160.47,100506.20999999999,0.0
2025-08-31,HD,False,Completed,-277,360.9152892408,99027.6705603678,0.0
2025-08-31,HOOD,True,Completed,970,97.8,94866.0,0.0
2025-08-31,IBKR,True,Completed,1532,63.4093327417,97143.09776028439,0.0
2025-08-31,JBL,False,Completed,-459,218.3623149772,99934.92908425171,0.0
2025-08-31,TPR,True,Completed,935,104.8820321821,98064.7000902635,0.0
2025-09-30,CCL,True,Completed,3169,30.3728376333,96251.5224599277,0.0
2025-09-30,DVA,False,Completed,-733,136.46,99446.10999999999,0.0
2025-09-30,EME,False,Completed,-159,604.96889721,96652.06412896469,0.0
2025-09-30,EXPE,True,Completed,468,208.6367416828,97641.99510755039,0.0
2025-09-30,HD,True,Completed,250,396.1021259332,99025.5314833,0.0
2025-09-30,HOOD,False,Completed,-970,100.34,94866.0,0.0
2025-09-30,IBKR,False,Completed,-1532,61.093920899,97143.09776028439,0.0
2025-09-30,MA,True,Completed,168,592.8971381988,99606.71921739841,0.0
2025-09-30,TPR,False,Completed,-935,99.1597540434,98064.7000902635,0.0
2025-09-30,UAL,True,Completed,952,102.99,98046.48,0.0
2025-10-31,AAPL,True,Completed,393,254.31851102429997,99947.17483254989,0.0
2025-10-31,CCL,False,Completed,-3169,28.5722329267,96251.5224599277,0.0
2025-10-31,CLX,True,Completed,839,118.7621372509,99641.4331535051,0.0
2025-10-31,COR,True,Completed,321,311.5170445211,99996.97129127309,0.0
2025-10-31,FIX,False,Completed,-142,811.7564991883,96508.4389517204,0.0
2025-10-31,GDDY,True,Completed,730,136.57,99696.09999999999,0.0
2025-10-31,HD,False,Completed,-250,399.015604731,99025.5314833,0.0
2025-10-31,LYV,False,Completed,-755,161.0,100701.9,0.0
2025-10-31,MA,False,Completed,-168,563.0940081534,99606.71921739841,0.0
2025-10-31,NEM,True,Completed,1194,84.3459808701,100709.10115889939,0.0
2025-10-31,NRG,True,Completed,622,160.2648348244,99684.7272607768,0.0
2025-10-31,UAL,False,Completed,-952,95.99,98046.48,0.0
2025-10-31,VST,False,Completed,-775,194.4228387937,106132.94939497,0.0
2025-10-31,WDC,True,Completed,833,118.0263644695,98315.9616030935,0.0
2025-11-30,AAPL,False,Completed,-393,269.6550021612,99947.17483254989,0.0
2025-11-30,CAT,True,Completed,173,573.4661264283,99209.6398720959,0.0
2025-11-30,CLX,False,Completed,-839,109.377074793,99641.4331535051,0.0
2025-11-30,EXPE,False,Completed,-468,217.620575645,97641.99510755039,0.0
2025-11-30,FIX,True,Completed,103,974.3633854623,100359.4287026169,0.0
2025-11-30,GDDY,False,Completed,-730,133.11,99696.09999999999,0.0
2025-11-30,HOOD,True,Completed,681,148.79,101325.98999999999,0.0
2025-11-30,KLAC,True,Completed,83,1210.9525296335,100509.0599595805,0.0
2025-11-30,LITE,True,Completed,496,208.69,103510.24,0.0
2025-11-30,LRCX,True,Completed,636,159.5440087199,101469.9895458564,0.0
2025-11-30,MU,True,Completed,447,233.67474659820002,104452.6117293954,0.0
2025-11-30,NEM,False,Completed,-1194,80.1073397225,100709.10115889939,0.0
2025-11-30,NRG,False,Completed,-622,172.494574585,99684.7272607768,0.0
2025-11-30,RCL,False,Completed,-323,283.1560724475,98940.4976201682,0.0
2025-12-31,AVGO,True,Completed,249,393.3070860811,97933.4644341939,0.0
2025-12-31,CAT,False,Completed,-173,567.9697414199,99209.6398720959,0.0
2025-12-31,COR,False,Completed,-321,367.4819453914,99996.97129127309,0.0
2025-12-31,EXPE,True,Completed,392,253.48057791709996,99364.38654350319,0.0
2025-12-31,FIX,False,Completed,-103,960.09891039,100359.4287026169,0.0
2025-12-31,GOOGL,True,Completed,312,317.2699996437,98988.23988883439,0.0
2025-12-31,IDXX,True,Completed,132,741.57,97887.24,0.0
2025-12-31,KLAC,False,Completed,-83,1161.9747966773,100509.0599595805,0.0
2025-12-31,LITE,False,Completed,-496,314.99,103510.24,0.0
2025-12-31,LLY,True,Completed,93,1070.7524456418,99579.9774446874,0.0
2025-12-31,MU,False,Completed,-447,232.0861080217,104452.6117293954,0.0
2025-12-31,RL,True,Completed,273,362.0670211248,98844.29676707041,0.0
2026-01-31,AVGO,False,Completed,-249,352.0654327578,97933.4644341939,0.0
2026-01-31,BA,True,Completed,460,218.15,100349.0,0.0
2026-01-31,DG,True,Completed,759,131.605144485,99888.30466411501,0.0
2026-01-31,EXPE,False,Completed,-392,281.8863385545,99364.38654350319,0.0
2026-01-31,GOOGL,False,Completed,-312,316.6829239652,98988.23988883439,0.0
2026-01-31,HOOD,False,Completed,-681,115.478,101325.98999999999,0.0
2026-01-31,IDXX,False,Completed,-132,676.53,97887.24,0.0
2026-01-31,LITE,True,Completed,271,379.38,102811.98,0.0
2026-01-31,LLY,False,Completed,-93,1072.7656252805,99579.9774446874,0.0
2026-01-31,MU,True,Completed,350,294.9874980587,103245.624320545,0.0
2026-01-31,NEM,True,Completed,1006,100.5251979962,101128.3491841772,0.0
2026-01-31,RL,False,Completed,-273,354.0145863278,98844.29676707041,0.0
2026-01-31,TPR,True,Completed,784,128.8624213075,101028.13830508,0.0
2026-01-31,VRSK,True,Completed,448,221.3898810232,99182.6666983936,0.0
2026-02-28,AMAT,True,Completed,311,319.8051149556,99459.3907511916,0.0
2026-02-28,BA,False,Completed,-460,232.64,100349.0,0.0
2026-02-28,DG,False,Completed,-759,143.0039162562,99888.30466411501,0.0
2026-02-28,FCX,True,Completed,1663,59.7495424837,99363.4891503931,0.0
2026-02-28,FIX,True,Completed,87,1141.6965825699,99327.60268358131,0.0
2026-02-28,KLAC,True,Completed,70,1396.3944846284,97747.613923988,0.0
2026-02-28,LITE,False,Completed,-271,405.49,102811.98,0.0
2026-02-28,TER,True,Completed,415,240.8618604412,99957.672083098,0.0
2026-02-28,TPR,False,Completed,-784,127.057429955,101028.13830508,0.0
2026-02-28,VRSK,False,Completed,-448,216.92098552450003,99182.6666983936,0.0
2026-03-31,APP,False,Completed,-371,418.69,104622.0,0.0
2026-03-31,FCX,False,Completed,-1663,67.0136819172,99363.4891503931,0.0
2026-03-31,GLW,True,Completed,666,153.2131944444,102039.98749997039,0.0
2026-03-31,KLAC,False,Completed,-70,1473.0710732054,97747.613923988,0.0
2026-03-31,LITE,True,Completed,142,742.895,105491.09,0.0
2026-03-31,VRT,True,Completed,392,249.3819307378,97757.7168492176,0.0
2026-04-30,AMAT,False,Completed,-311,344.8573175349,99459.3907511916,0.0
2026-04-30,APA,True,Completed,2371,41.0801618376,97401.0637169496,0.0
2026-04-30,CF,True,Completed,773,126.9432002545,98127.0937967285,0.0
2026-04-30,DVN,True,Completed,1987,49.1,97561.7,0.0
2026-04-30,GLW,False,Completed,-666,137.787037037,102039.98749997039,0.0
2026-04-30,HAL,True,Completed,2564,38.47,98637.08,0.0
2026-04-30,LRCX,False,Completed,-636,215.44999999999996,101469.9895458564,0.0
2026-04-30,MPC,True,Completed,411,240.4194760381,98812.40465165909,0.0
2026-04-30,MU,False,Completed,-350,348.905,103245.624320545,0.0
2026-04-30,NEM,False,Completed,-1006,112.3176639687,101128.3491841772,0.0
2026-04-30,OXY,True,Completed,1538,64.08,98555.04,0.0
2026-04-30,TER,False,Completed,-415,301.8589721979,99957.672083098,0.0
2026-04-30,VLO,True,Completed,406,241.5477217384,98068.3750257904,0.0
2026-04-30,VRT,False,Completed,-392,257.0,97757.7168492176,0.0
2026-05-31,AMD,True,Completed,282,351.87,99227.34,0.0
2026-05-31,CF,False,Completed,-773,123.45711786229998,98127.0937967285,0.0
2026-05-31,DVN,False,Completed,-1987,51.18,97561.7,0.0
2026-05-31,HAL,False,Completed,-2564,42.46,98637.08,0.0
2026-05-31,LRCX,True,Completed,387,255.14,98739.18,0.0
2026-05-31,MPC,False,Completed,-411,247.04383698960004,98812.40465165909,0.0
2026-05-31,MU,True,Completed,193,511.78,98773.54,0.0
2026-05-31,NUE,True,Completed,443,226.0,100118.0,0.0
2026-05-31,NXPI,True,Completed,340,291.6,99144.00000000001,0.0
2026-05-31,OXY,False,Completed,-1538,60.04,98555.04,0.0
2026-05-31,STX,True,Completed,148,667.01,98717.48,0.0
2026-05-31,VLO,False,Completed,-406,249.1598332577,98068.3750257904,0.0
