name,n_months,avg_monthly_return,monthly_volatility,annualized_return_approx,annualized_volatility,annualized_sharpe,t_stat,p_value,cumulative_return,max_drawdown,best_month,worst_month,final_equity,total_return,avg_positions,weights,top_n,trend_col,regime_filter,stop_loss,take_profit,max_per_sector,volatility_penalty,assignment_scope,notes
value_quality_heavy_top10,240,0.006047401024813025,0.019850760477761895,0.0725688122977563,0.06876505143272768,1.0553153205847565,4.719513589048998,4.026877335684826e-06,3.0587533865179415,-0.13405125654428718,0.09189206462601224,-0.05606901816630592,4058753.386517942,3.0587533865179424,7.995833333333334,"{""roe"": 0.35, ""pe"": 0.35, ""momentum"": 0.15, ""trend"": 0.15}",10,trend_z,False,,,,0.0,True,Weight test: emphasize fundamentals.
hzz_sector_cap2_top15,240,0.007631071044812957,0.0251233823073492,0.09157285253775549,0.08702994922861165,1.0521993101157678,4.7055783665944775,4.286903023409399e-06,4.759815404626274,-0.15412952671517977,0.14745355158332257,-0.09746357461941675,5759815.404626265,4.7598154046262655,11.091666666666667,"{""roe"": 1, ""pe"": 1, ""momentum"": 1, ""trend"": 1}",15,hzz_trend_z,False,,,3.0,0.0,False,Diversification test: HZZ score with 15 names and max three per sector.
base_equal_top10,240,0.006613295505383575,0.022519248987618708,0.07935954606460291,0.07800896678969921,1.0173131286117998,4.549562619957943,8.555046043555033e-06,3.585175543843378,-0.15448078618426098,0.1326235630471293,-0.08478320311873275,4585175.54384338,3.5851755438433806,7.995833333333334,"{""roe"": 1, ""pe"": 1, ""momentum"": 1, ""trend"": 1}",10,trend_z,False,,,,0.0,True,"Required assignment baseline: equal-weight ROE, P/E, momentum, and index-regression trend."
hzz_sector_cap2_top10,240,0.006360000955616274,0.02233771491347034,0.07632001146739528,0.0773801143102393,0.9863000610390187,4.410867965390876,1.5577262377412233e-05,3.320308823615446,-0.14051052110805418,0.13809489999931698,-0.09115516296772097,4320308.823615447,3.3203088236154468,7.725,"{""roe"": 1, ""pe"": 1, ""momentum"": 1, ""trend"": 1}",10,hzz_trend_z,False,,,2.0,0.0,False,Risk-control improvement: HZZ score with max two holdings per GICS sector.
hzz_low_vol_factor_top10,240,0.00620224986737423,0.022043055773438715,0.07442699840849076,0.07635938510734065,0.9746935272444441,4.358961968295242,1.9422538697630687e-05,3.1680873546875317,-0.14374333656361438,0.15576770717512842,-0.0795975526861052,4168087.3546875273,3.1680873546875272,7.733333333333333,"{""roe"": 1, ""pe"": 1, ""momentum"": 1, ""trend"": 1, ""low_volatility"": 0.5}",10,hzz_trend_z,False,,,,0.0,False,Risk-score test: add low-volatility as a half-weight risk overlay.
equal_top5,240,0.0045880598557128905,0.01641807059887457,0.05505671826855468,0.05687386487900708,0.9680495318136337,4.329249117444262,2.2017165951481367e-05,1.906694881021163,-0.09182006753953442,0.0888590149920146,-0.05290483662153056,2906694.881021172,1.906694881021172,4.0,"{""roe"": 1, ""pe"": 1, ""momentum"": 1, ""trend"": 1}",5,trend_z,False,,,,0.0,True,"Concentration test: same score, fewer names."
trend_momentum_heavy_top10,240,0.00675696978152732,0.024440618460135607,0.08108363737832784,0.08466478588272137,0.9577020308141546,4.282973686180097,2.673007499219774e-05,3.6952842092580758,-0.17556179080234835,0.15759680774982532,-0.09152847605170278,4695284.209258075,3.695284209258075,7.995833333333334,"{""roe"": 0.2, ""pe"": 0.2, ""momentum"": 0.3, ""trend"": 0.3}",10,trend_z,False,,,,0.0,True,Weight test: emphasize price-based signals.
hzz_trend_composite_top10,240,0.006556181232394766,0.024126734915254956,0.0786741747887372,0.08357746138793515,0.941332429607562,4.209766604055089,3.621072412597395e-05,3.484498201980329,-0.16526009993590385,0.16555772831232093,-0.09782185198496494,4484498.20198033,3.4844982019803297,7.725,"{""roe"": 1, ""pe"": 1, ""momentum"": 1, ""trend"": 1}",10,hzz_trend_z,False,,,,0.0,False,Paper-inspired improvement: replace index-regression trend with cross-sectional HZZ trend.
trend_heavy_top10_regime,240,0.005507163718818494,0.02076848597109824,0.06608596462582193,0.0719441457964472,0.9185732055642173,4.107984259902956,5.485407623830879e-05,2.549961301413203,-0.12450688671979082,0.072213834791565,-0.10026814720170281,3549961.3014132,2.5499613014132,6.625,"{""roe"": 0.2, ""pe"": 0.2, ""momentum"": 0.3, ""trend"": 0.3}",10,trend_z,True,,,,0.0,True,Combined price-signal overweight and market-regime filter.
hzz_sector_cap2_vol_penalty_top10,240,0.005554393345021733,0.021014916551587867,0.0666527201402608,0.07279780636834066,0.9155869313288494,4.094629235523478,5.78924297541031e-05,2.5876876455123963,-0.13966815854825743,0.0927308125778187,-0.056160566352699344,3587687.6455124,2.5876876455124003,7.7375,"{""roe"": 1, ""pe"": 1, ""momentum"": 1, ""trend"": 1}",10,hzz_trend_z,False,,,2.0,0.25,False,"Combined improvement: HZZ trend, sector cap, and volatility-aware ranking."
base_top10_stop10_take20,240,0.005431026729529999,0.02078802230460843,0.06517232075436,0.07201182164091371,0.9050225264310234,4.047383780536737,6.997989870506718e-05,2.486751016984321,-0.1591063964467584,0.08226082794525355,-0.08155908339159261,3486751.016984325,2.486751016984325,7.995833333333334,"{""roe"": 1, ""pe"": 1, ""momentum"": 1, ""trend"": 1}",10,trend_z,False,0.1,0.2,,0.0,True,Risk management test: Backtrader stop-loss/take-profit improvement; vector curve is a monthly screening approximation.
base_equal_top10_regime,240,0.005173145698927911,0.01998156306295523,0.06207774838713493,0.0692181648793601,0.8968418694042212,4.010798770111655,8.095296598183224e-05,2.2904883253093216,-0.13273433504612853,0.06839045547795754,-0.09444148813903559,3290488.3253093166,2.2904883253093167,6.620833333333334,"{""roe"": 1, ""pe"": 1, ""momentum"": 1, ""trend"": 1}",10,trend_z,True,,,,0.0,True,Risk filter: trade only when S&P 500 is above its 10-month moving average.
hzz_vol_penalty_top10,240,0.005598930652318412,0.021916789475619713,0.06718716782782094,0.07592198582112838,0.8849500852903583,3.957617094806956,9.986017513144119e-05,2.609066278290385,-0.16716932916554272,0.10750418629514712,-0.09030921862363335,3609066.278290389,2.6090662782903893,7.725,"{""roe"": 1, ""pe"": 1, ""momentum"": 1, ""trend"": 1}",10,hzz_trend_z,False,,,,0.25,False,Risk-control improvement: HZZ score penalized by 6-month realized volatility.
no_trend_top10,240,0.007462522128665883,0.030464032516092487,0.08955026554399059,0.10553050424260504,0.8485723268991745,3.7949308135434556,0.00018721924843435514,4.330140906002127,-0.37186680078770085,0.10141620546435377,-0.12332210426171805,5330140.906002119,4.330140906002119,9.329166666666667,"{""roe"": 1, ""pe"": 1, ""momentum"": 1}",10,trend_z,False,,,,0.0,False,Ablation test: remove trend to see whether the trend factor helps.
top5_regime_stop10_take20,240,0.002685231197412442,0.013389166573163785,0.032222774368949304,0.0463814335514451,0.6947343344445924,3.106946396242365,0.002118921856723409,0.8631924953631578,-0.101524315106163,0.03727884721803731,-0.045475862079109294,1863192.4953631598,0.8631924953631598,3.3125,"{""roe"": 1, ""pe"": 1, ""momentum"": 1, ""trend"": 1}",5,trend_z,True,0.1,0.2,,0.0,True,"Combined concentration, regime, and Backtrader stop/take-profit improvement."
