date,ticker,pnl,pnl_comm,bar_len
2011-06-08,DPZ,-4992.991781107333,-4992.991781107333,4
2011-06-13,BKNG,-5008.980551604397,-5008.980551604397,7
2011-06-13,ROST,-4973.7286235180445,-4973.7286235180445,7
2011-06-16,CF,-5002.492509229259,-5002.492509229259,10
2011-06-16,NFLX,-4977.220415631757,-4977.220415631757,10
2011-06-16,VRSN,-5010.1604504910065,-5010.1604504910065,10
2011-06-23,TPL,-4967.0034467064515,-4967.0034467064515,15
2011-06-28,MO,-4999.587963110963,-4999.587963110963,18
2011-07-26,NFLX,-7612.106673599997,-7612.106673599997,15
2011-07-28,VRSN,-4981.641287776026,-4981.641287776026,17
2011-07-29,TSCO,-5026.386770894991,-5026.386770894991,18
2011-08-03,FCX,-4955.14407203778,-4955.14407203778,1
2011-08-03,LULU,-4978.246000000002,-4978.246000000002,1
2011-08-03,BIIB,6556.03,6556.03,43
2011-08-03,CF,9631.504148324993,9631.504148324993,21
2011-08-03,DPZ,-116.35779567969932,-116.35779567969932,21
2011-08-03,MO,-1394.5246404443976,-1394.5246404443976,21
2011-08-03,YUM,-6281.235573551391,-6281.235573551391,43
2011-08-04,BKNG,-5001.468864892127,-5001.468864892127,22
2011-08-05,ACN,-4963.02498142767,-4963.02498142767,3
2011-09-06,DECK,-6282.266667115402,-6282.266667115402,1
2011-09-09,VRSN,-4923.527287941575,-4923.527287941575,4
2011-09-12,IBM,-4919.405419458843,-4919.405419458843,5
2011-09-15,NFLX,-13709.355433488015,-13709.355433488015,8
2011-09-20,CF,-4879.845602171139,-4879.845602171139,11
2011-09-29,LULU,-4859.283000000006,-4859.283000000006,18
2011-10-04,AAPL,-4917.257562115032,-4917.257562115032,21
2011-10-04,MNST,-4865.557801104004,-4865.557801104004,21
2011-10-05,DLTR,6909.280000000011,6909.280000000011,22
2011-10-24,CF,29545.492991458388,29545.492991458388,14
2011-10-27,LULU,29415.528000000006,29415.528000000006,17
2011-10-27,RL,29532.3815405122,29532.3815405122,17
2011-10-28,DECK,29499.992500068107,29499.992500068107,18
2011-11-03,BKNG,12980.43213059041,12980.43213059041,22
2011-11-14,LULU,-5106.223000000004,-5106.223000000004,8
2011-11-16,F,-5081.198113523098,-5081.198113523098,10
2011-11-17,IT,-5081.726999999998,-5081.726999999998,11
2011-11-18,TER,-5091.017111274055,-5091.017111274055,12
2011-11-23,JBL,-5106.174136488525,-5106.174136488525,15
2011-11-23,TDY,-5062.821,-5062.821,15
2011-12-05,NVDA,12660.0143296512,12660.0143296512,22
2011-12-09,IT,-5056.069000000009,-5056.069000000009,5
2011-12-14,JBL,-5031.186883508377,-5031.186883508377,8
2012-01-05,LMT,1405.2252446260238,1405.2252446260238,22
2012-01-05,ROK,13282.488026385208,13282.488026385208,43
2012-01-05,TPL,-344.3923963130072,-344.3923963130072,22
2012-02-03,BIIB,7523.739999999993,7523.739999999993,21
2012-02-03,CNC,18994.300000000003,18994.300000000003,21
2012-02-03,SMCI,25387.200000000004,25387.200000000004,42
2012-03-05,AMD,6521.39999999999,6521.39999999999,21
2012-03-05,BA,5193.552760854905,5193.552760854905,62
2012-03-05,FICO,8847.282326737512,8847.282326737512,41
2012-03-05,MNST,10744.844255144997,10744.844255144997,21
2012-03-05,ROST,15703.955257070003,15703.955257070003,62
2012-03-06,MGM,-5886.242715028806,-5886.242715028806,2
2012-03-12,DAL,-5015.2429722721245,-5015.2429722721245,6
2012-04-04,DLTR,5066.899999999994,5066.899999999994,23
2012-04-05,STX,-4958.285793974607,-4958.285793974607,2
2012-04-09,URI,-6573.861637381499,-6573.861637381499,3
2012-04-10,F,-5028.331490408706,-5028.331490408706,46
2012-04-10,MGM,-5024.933807640923,-5024.933807640923,4
2012-04-16,AAPL,-5070.0348579780075,-5070.0348579780075,8
2012-04-24,ULTA,-4997.076,-4997.076,14
2012-05-03,DAL,7292.220381804595,7292.220381804595,21
2012-05-03,LULU,23331.839999999993,23331.839999999993,63
2012-05-03,PM,1375.844444535604,1375.844444535604,21
2012-05-07,STX,-4956.77276114623,-4956.77276114623,3
2012-05-08,ISRG,-4957.182931701002,-4957.182931701002,4
2012-05-08,SBUX,-4988.614921077027,-4988.614921077027,4
2012-05-09,MNST,-5005.580327748006,-5005.580327748006,5
2012-05-14,TJX,-4983.030756617707,-4983.030756617707,8
2012-05-16,AAPL,-4983.220520368296,-4983.220520368296,10
2012-05-17,DLTR,-5002.796250000001,-5002.796250000001,11
2012-06-13,TSCO,-4949.507258514365,-4949.507258514365,7
2012-06-28,MNST,-5025.74122425375,-5025.74122425375,18
2012-07-05,TDG,9224.4802513032,9224.4802513032,22
2012-07-05,ULTA,8223.600000000006,8223.600000000006,22
2012-07-10,EXPE,-4989.932360331608,-4989.932360331608,4
2012-07-11,MNST,-4992.306757688252,-4992.306757688252,5
2012-07-26,STX,33347.51889066301,33347.51889066301,37
2012-08-03,AAPL,9291.128119283403,9291.128119283403,43
2012-08-09,MNST,-4976.727773267252,-4976.727773267252,5
2012-08-16,DLTR,-4987.992750000002,-4987.992750000002,52
2012-08-22,MO,-4978.709890534374,-4978.709890534374,14
2012-09-06,ORLY,141.05600000000013,141.05600000000013,24
2012-09-06,TJX,12437.166653741111,12437.166653741111,66
2012-09-13,TPL,-5032.08585528396,-5032.08585528396,6
2012-10-03,AAPL,-1586.6538604224002,-1586.6538604224002,20
2012-10-03,LMT,6164.6564352256,6164.6564352256,43
2012-10-03,ROST,7845.898971763605,7845.898971763605,85
2012-10-10,STX,-4953.214579006954,-4953.214579006954,48
2012-10-10,FFIV,-5037.6250000000055,-5037.6250000000055,6
2012-10-19,MNST,-5024.460808867511,-5024.460808867511,13
2012-11-05,FICO,-1870.3735510599995,-1870.3735510599995,41
2012-11-07,LMT,-5015.869269394677,-5015.869269394677,3
2012-11-07,REGN,-5025.028298728325,-5025.028298728325,3
2012-11-08,TJX,-5043.595608725051,-5043.595608725051,4
2012-11-12,DHI,-5004.236542012227,-5004.236542012227,27
2012-11-14,STX,-5068.788359367609,-5068.788359367609,8
2012-11-15,MO,-5786.431234496291,-5786.431234496291,9
2012-12-05,AAPL,-4961.821679174416,-4961.821679174416,1
2012-12-05,PM,9800.278697367501,9800.278697367501,127
2012-12-13,ROST,-5008.8318403411195,-5008.8318403411195,7
2012-12-13,SWKS,-4988.715235618958,-4988.715235618958,7
2012-12-21,MO,-4987.802773189627,-4987.802773189627,13
2013-01-04,LEN,21770.399922179582,21770.399922179582,82
2013-01-04,LMT,2805.7142174364144,2805.7142174364144,21
2013-01-07,AAPL,-4989.446921231104,-4989.446921231104,2
2013-01-08,REGN,-5007.351526216601,-5007.351526216601,3
2013-01-09,STX,30094.05328788601,30094.05328788601,24
2013-02-05,MCO,-9230.026204454003,-9230.026204454003,1
2013-02-05,BKNG,4901.702588566795,4901.702588566795,22
2013-02-05,IT,10476.759999999998,10476.759999999998,22
2013-02-05,MO,4210.005377587197,4210.005377587197,22
2013-02-20,LEN,-4992.96775180996,-4992.96775180996,11
2013-02-25,F,-4969.193572860127,-4969.193572860127,14
2013-03-05,AIG,15276.617935001505,15276.617935001505,61
2013-03-05,LII,6357.584618396001,6357.584618396001,20
2013-03-28,EXPE,-4955.684795040744,-4955.684795040744,18
2013-04-03,AXON,1198.349999999998,1198.349999999998,21
2013-04-03,LEN,3217.8936623460113,3217.8936623460113,21
2013-04-03,PHM,3532.036722871211,3532.036722871211,21
2013-04-03,REGN,8029.668953015809,8029.668953015809,21
2013-04-03,SHW,17583.417904979196,17583.417904979196,102
2013-04-09,FSLR,30051.408000000014,30051.408000000014,5
2013-05-03,CL,3320.481077990996,3320.481077990996,23
2013-05-03,GILD,12960.861771507303,12960.861771507303,23
2013-05-06,MCO,29721.28963685905,29721.28963685905,44
2013-05-07,FSLR,-5013.3720000000085,-5013.3720000000085,3
2013-06-05,FSLR,-5035.312500000009,-5035.312500000009,1
2013-06-05,AXON,9143.45999999999,9143.45999999999,23
2013-06-05,MO,-908.4699293844099,-908.4699293844099,23
2013-06-05,PHM,-2918.4544714442995,-2918.4544714442995,23
2013-06-05,PPG,5358.596441071998,5358.596441071998,23
2013-06-12,MCO,-4997.194333470083,-4997.194333470083,6
2013-06-12,MOS,-4989.619069993641,-4989.619069993641,6
2013-06-20,FCX,-5048.690815761403,-5048.690815761403,34
2013-06-20,GS,-4994.321715013478,-4994.321715013478,12
2013-07-09,LMT,29758.561556156517,29758.561556156517,107
2013-07-24,STX,-5014.236903504105,-5014.236903504105,15
2013-08-05,C,9676.385780582401,9676.385780582401,23
2013-08-05,GILD,19449.22841157541,19449.22841157541,23
2013-08-05,LDOS,23218.506613948786,23218.506613948786,87
2013-08-05,REGN,18752.13926353321,18752.13926353321,23
2013-08-07,FSLR,-8484.869999999999,-8484.869999999999,25
2013-08-15,F,-4987.912754137097,-4987.912754137097,9
2013-08-28,CL,-4973.841706493559,-4973.841706493559,18
2013-09-05,WYNN,11072.230410405604,11072.230410405604,45
2013-09-30,EA,-5022.1285590147845,-5022.1285590147845,40
2013-10-03,AXON,-5008.990500000004,-5008.990500000004,1
2013-10-03,CHRW,2835.882139410401,2835.882139410401,21
2013-10-03,F,4467.433814067004,4467.433814067004,21
2013-10-03,FSLR,18441.59999999999,18441.59999999999,21
2013-10-03,HUM,648.9326315016024,648.9326315016024,21
2013-10-03,MO,3994.276613814193,3994.276613814193,21
2013-10-08,EA,-4885.761198922511,-4885.761198922511,4
2013-10-24,CNC,-4975.587000000006,-4975.587000000006,16
2013-11-07,FSLR,-5120.700000000002,-5120.700000000002,3
2013-11-13,DECK,29958.20100000001,29958.20100000001,72
2013-11-15,EA,-5006.835386046301,-5006.835386046301,9
2013-12-04,BA,-1157.206214968409,-1157.206214968409,21
2013-12-04,CLX,13284.285608708096,13284.285608708096,128
2013-12-04,HAL,-2924.6318146485037,-2924.6318146485037,21
2013-12-05,BX,-5008.292629398418,-5008.292629398418,2
2013-12-09,MU,30076.504857678603,30076.504857678603,24
2013-12-09,FSLR,-4978.7445000000025,-4978.7445000000025,4
2013-12-11,BIIB,-4986.181500000005,-4986.181500000005,6
2013-12-13,AXON,-4966.788000000002,-4966.788000000002,8
2013-12-31,MCO,29848.130457750598,29848.130457750598,126
2014-01-06,FSLR,-5811.600000000006,-5811.600000000006,1
2014-01-06,LVS,10524.9200922866,10524.9200922866,22
2014-01-07,NFLX,-5016.174983820009,-5016.174983820009,2
2014-01-16,DECK,-5013.514500011909,-5013.514500011909,30
2014-01-24,CMG,-5490.489599999998,-5490.489599999998,14
2014-01-24,MCO,-4990.281110053589,-4990.281110053589,14
2014-01-29,BA,-5010.4413551042035,-5010.4413551042035,17
2014-02-10,TPL,29998.6164834408,29998.6164834408,66
2014-02-12,LMT,29920.758961403524,29920.758961403524,111
2014-02-28,DECK,-5052.5525000132675,-5052.5525000132675,17
2014-03-05,BA,6557.425265120696,6557.425265120696,20
2014-03-05,HPQ,8712.307551659404,8712.307551659404,41
2014-03-05,SMCI,3135.8879999999863,3135.8879999999863,20
2014-03-07,AXON,-5068.548000000011,-5068.548000000011,3
2014-03-12,TPL,-5020.686381005386,-5020.686381005386,6
2014-03-19,FSLR,30337.560000000005,30337.560000000005,30
2014-03-24,SPGI,-5065.418902891768,-5065.418902891768,14
2014-04-03,STZ,12369.4750652832,12369.4750652832,41
2014-04-04,AXON,-5004.382500000009,-5004.382500000009,2
2014-04-07,FSLR,-5009.729999999996,-5009.729999999996,3
2014-04-08,LMT,-5021.7851349940765,-5021.7851349940765,25
2014-04-10,SMCI,-5005.6342,-5005.6342,6
2014-04-10,SPGI,-4992.948009999397,-4992.948009999397,6
2014-04-14,DAL,-5139.455315174684,-5139.455315174684,29
2014-05-05,AXON,-7409.410000000005,-7409.410000000005,1
2014-05-05,DECK,8809.310000000003,8809.310000000003,43
2014-05-07,SMCI,-5017.5860000000075,-5017.5860000000075,3
2014-05-08,GNRC,-5000.424000000003,-5000.424000000003,4
2014-05-13,MU,29359.233720414006,29359.233720414006,89
2014-05-29,TPL,30248.40614865501,30248.40614865501,39
2014-06-04,SWKS,10111.01246074922,10111.01246074922,22
2014-06-09,GNRC,-5014.452500000005,-5014.452500000005,4
2014-07-03,TDG,1903.6410942784119,1903.6410942784119,22
2014-07-03,TTWO,17424.999999999993,17424.999999999993,22
2014-07-08,DAL,-4997.69259767494,-4997.69259767494,45
2014-07-08,SMCI,-5005.873800000011,-5005.873800000011,3
2014-07-08,STZ,-5346.482382824765,-5346.482382824765,3
2014-07-10,GNRC,-6275.200000000002,-6275.200000000002,5
2014-07-25,MCO,30154.59653334931,30154.59653334931,119
2014-08-05,AVGO,10059.984725936603,10059.984725936603,65
2014-08-06,DAL,-5006.848316957762,-5006.848316957762,2
2014-09-02,TPL,29991.895345132496,29991.895345132496,63
2014-09-04,SMCI,-5111.105999999996,-5111.105999999996,1
2014-09-04,CL,937.8666597905019,937.8666597905019,22
2014-09-04,LYB,7527.062334177892,7527.062334177892,22
2014-09-09,TPL,-5069.922298767411,-5069.922298767411,4
2014-09-16,HPQ,-5010.299257505314,-5010.299257505314,9
2014-09-23,DAL,-4823.215851297701,-4823.215851297701,14
2014-10-03,LMT,10727.775650297592,10727.775650297592,107
2014-10-03,LUV,14574.312087195209,14574.312087195209,43
2014-10-06,SMCI,-4971.936900000004,-4971.936900000004,2
2014-10-06,TPL,-4989.701993378607,-4989.701993378607,2
2014-10-07,URI,-5012.247344022667,-5012.247344022667,45
2014-10-08,LYB,-4960.591065651053,-4960.591065651053,4
2014-10-10,DAL,-5061.439907065442,-5061.439907065442,6
2014-10-10,NXPI,-11963.186554483214,-11963.186554483214,6
2014-10-10,SWKS,-6713.179074693008,-6713.179074693008,6
2014-10-13,MU,-4982.277244487135,-4982.277244487135,92
2014-11-05,TPL,-4937.908844639967,-4937.908844639967,1
2014-11-05,DECK,12928.499999999996,12928.499999999996,109
2014-11-13,GILD,-4981.772320933381,-4981.772320933381,7
2014-11-17,MU,-4995.008448808507,-4995.008448808507,9
2014-12-03,CL,3752.801942739897,3752.801942739897,20
2014-12-03,DAL,9200.108422775986,9200.108422775986,20
2014-12-03,EW,10462.516666333191,10462.516666333191,20
2014-12-03,IBM,-464.08233290939734,-464.08233290939734,20
2014-12-03,LMT,455.17116023999733,455.17116023999733,20
2014-12-09,SMCI,-4988.985749999999,-4988.985749999999,5
2014-12-10,TPL,-4950.14045506292,-4950.14045506292,6
2014-12-10,TRGP,-5008.251641898306,-5008.251641898306,6
2014-12-12,LYB,-7692.211207454991,-7692.211207454991,8
2014-12-12,URI,-5038.301727863627,-5038.301727863627,8
2015-01-06,TPL,-4938.549365971937,-4938.549365971937,1
2015-01-06,BLDR,7842.719999999992,7842.719999999992,23
2015-01-06,TTWO,4456.549999999991,4456.549999999991,23
2015-01-16,MAS,-4971.31146251702,-4971.31146251702,9
2015-01-21,IBM,-5079.625114939002,-5079.625114939002,11
2015-01-27,CL,-4991.8334386780025,-4991.8334386780025,15
2015-02-04,MCO,6672.298538326184,6672.298538326184,127
2015-02-04,VZ,2464.878262954797,2464.878262954797,21
2015-02-20,IRM,-5004.550144936546,-5004.550144936546,12
2015-03-04,BLDR,-666.6400000000006,-666.6400000000006,20
2015-03-04,KR,-431.5198619647963,-431.5198619647963,20
2015-03-04,LULU,167.85999999999913,167.85999999999913,20
2015-03-04,LUV,1526.238183046487,1526.238183046487,20
2015-03-17,EA,-4980.433799563638,-4980.433799563638,10
2015-03-18,CL,-4998.985025914231,-4998.985025914231,11
2015-04-06,AAPL,15243.6873754388,15243.6873754388,62
2015-04-06,EW,10677.846666510091,10677.846666510091,62
2015-04-06,IBM,-361.1016671807992,-361.1016671807992,23
2015-04-06,SWKS,3487.416651898798,3487.416651898798,23
2015-04-06,UAL,-8317.760000000004,-8317.760000000004,23
2015-04-16,KR,-4985.725561366001,-4985.725561366001,9
2015-04-30,HD,-4974.991786291745,-4974.991786291745,19
2015-05-05,EA,3788.194629622205,3788.194629622205,22
2015-05-15,WYNN,-5022.08248503185,-5022.08248503185,9
2015-05-26,TPL,-4962.654698148565,-4962.654698148565,15
2015-06-03,AAPL,1319.8895659230081,1319.8895659230081,21
2015-06-03,CNC,17611.659999999996,17611.659999999996,21
2015-06-05,CL,-4996.956899853364,-4996.956899853364,44
2015-07-06,TPL,-5046.1676332293,-5046.1676332293,23
2015-07-06,LII,-4540.439289740792,-4540.439289740792,23
2015-07-06,ULTA,318.0099999999875,318.0099999999875,23
2015-07-13,STX,-5402.015450596814,-5402.015450596814,6
2015-08-05,MCO,7654.5313077797955,7654.5313077797955,86
2015-08-05,VRSK,7031.639468303191,7031.639468303191,23
2015-08-06,AXON,-5079.1935000000085,-5079.1935000000085,2
2015-08-18,TPL,-5106.271502796828,-5106.271502796828,10
2015-08-21,EA,-7664.907231234001,-7664.907231234001,13
2015-08-24,GILD,-5011.328171006362,-5011.328171006362,99
2015-08-24,IT,-4975.197500000006,-4975.197500000006,58
2015-08-24,CL,-6238.047275165993,-6238.047275165993,36
2015-08-24,LII,-4994.275350734994,-4994.275350734994,14
2015-09-28,FIX,-5080.574511205279,-5080.574511205279,17
2015-09-28,GILD,-5094.540940906932,-5094.540940906932,17
2015-09-30,LII,-5046.2501842404,-5046.2501842404,19
2015-10-05,CL,4421.023901070006,4421.023901070006,22
2015-10-22,MO,30053.085307130335,30053.085307130335,243
2015-10-28,MAS,30275.519217562818,30275.519217562818,186
2015-10-28,IDXX,-5074.277000000005,-5074.277000000005,39
2015-11-04,FIX,16489.831301015904,16489.831301015904,23
2015-11-04,LMT,8635.671250765015,8635.671250765015,23
2015-11-04,UAL,15465.199999999992,15465.199999999992,23
2015-11-06,MO,-4952.914949766735,-4952.914949766735,3
2015-12-03,IT,10143.54000000001,10143.54000000001,64
2015-12-03,NXPI,22088.4378210975,22088.4378210975,21
2015-12-11,UPS,-4967.601588493549,-4967.601588493549,7
2015-12-16,CLX,29975.781316041615,29975.781316041615,240
2015-12-16,GPN,-4986.985954018258,-4986.985954018258,30
2015-12-18,MAS,-4987.99844395843,-4987.99844395843,32
2016-01-06,EA,-1654.6902612184072,-1654.6902612184072,86
2016-01-06,LMT,-1097.833714379999,-1097.833714379999,23
2016-01-07,CL,-5688.087504002402,-5688.087504002402,44
2016-01-07,EXPE,-5018.596290995003,-5018.596290995003,2
2016-01-07,FSLR,-5284.944000000009,-5284.944000000009,2
2016-01-11,GPN,-5037.094468605684,-5037.094468605684,4
2016-01-13,VLO,-5013.335244435484,-5013.335244435484,6
2016-01-20,IDXX,-4968.560000000011,-4968.560000000011,52
2016-02-04,FIX,-5038.50002518224,-5038.50002518224,21
2016-02-08,LII,-4941.373761227821,-4941.373761227821,87
2016-02-11,KLAC,-4937.935554934473,-4937.935554934473,7
2016-03-03,IDXX,6887.999999999983,6887.999999999983,21
2016-03-03,LMT,4108.0025582190065,4108.0025582190065,21
2016-04-05,SPGI,5610.082579271997,5610.082579271997,23
2016-04-12,HRL,-5008.342995063499,-5008.342995063499,28
2016-05-03,KLAC,-5006.049465227723,-5006.049465227723,21
2016-05-04,MAS,5244.039033607204,5244.039033607204,44
2016-05-04,TSN,975.474793426009,975.474793426009,44
2016-05-31,NVDA,29658.149210338957,29658.149210338957,19
2016-06-03,FIX,3982.4737333623175,3982.4737333623175,22
2016-06-03,SPGI,7542.9230155758105,7542.9230155758105,22
2016-06-06,TSN,-5006.7009323330985,-5006.7009323330985,2
2016-06-24,MSI,-4997.768758617008,-4997.768758617008,16
2016-07-06,LMT,5379.053604854497,5379.053604854497,23
2016-08-03,CL,15442.596118930993,15442.596118930993,127
2016-08-03,VZ,-2873.6605172100008,-2873.6605172100008,21
2016-08-10,KLAC,-4988.090438050658,-4988.090438050658,48
2016-09-06,CHTR,20760.4,20760.4,44
2016-09-06,MSI,18850.37860818219,18850.37860818219,44
2016-09-09,ALB,-5069.020370741523,-5069.020370741523,4
2016-10-05,MO,10386.897632533497,10386.897632533497,212
2016-10-11,AMAT,-4996.113512886576,-4996.113512886576,5
2016-10-14,HPQ,-6709.241814567594,-6709.241814567594,8
2016-10-20,KMB,-4974.714515961169,-4974.714515961169,182
2016-11-02,CLX,-5005.6335102432795,-5005.6335102432795,210
2016-11-03,KLAC,5455.873475043599,5455.873475043599,43
2016-11-03,YUM,-5585.419878500003,-5585.419878500003,66
2016-11-04,GEN,-7810.379189787603,-7810.379189787603,2
2016-11-04,TPL,-4990.773055490313,-4990.773055490313,2
2016-11-09,ZBH,-4995.255279880483,-4995.255279880483,5
2016-12-05,SPGI,-4988.176282504764,-4988.176282504764,87
2016-12-05,AMAT,10587.182993123497,10587.182993123497,22
2016-12-05,KMB,262.99420611420146,262.99420611420146,22
2016-12-12,UPS,30324.736885564555,30324.736885564555,218
2016-12-12,LMT,-5547.23534190481,-5547.23534190481,6
2016-12-16,DECK,-4961.672916650137,-4961.672916650137,10
2016-12-27,NVDA,29732.58491634288,29732.58491634288,16
2017-01-05,HPQ,1305.1834437452933,1305.1834437452933,22
2017-01-05,HSY,6788.056408441598,6788.056408441598,22
2017-01-31,UPS,-5007.969049412535,-5007.969049412535,18
2017-02-03,APO,10975.558844777395,10975.558844777395,21
2017-02-03,GEN,15784.463637357005,15784.463637357005,21
2017-02-03,IBM,10010.103561270003,10010.103561270003,42
2017-02-03,KMB,5978.986444456195,5978.986444456195,21
2017-02-03,NDSN,660.6237616734915,660.6237616734915,21
2017-02-16,LII,29900.40604776961,29900.40604776961,243
2017-02-16,TPL,-5108.551035076005,-5108.551035076005,10
2017-02-23,URI,-4898.837376592748,-4898.837376592748,14
2017-03-03,CLX,13419.2113180216,13419.2113180216,40
2017-03-03,QCOM,7709.901842566,7709.901842566,20
2017-03-03,STLD,8185.434965464098,8185.434965464098,20
2017-03-03,UPS,1576.9985989608995,1576.9985989608995,20
2017-03-08,TPL,-4955.859748483927,-4955.859748483927,4
2017-03-08,URI,-4986.054119170117,-4986.054119170117,4
2017-03-24,BA,-4996.315871658509,-4996.315871658509,16
2017-04-03,MO,-4993.874915201247,-4993.874915201247,22
2017-04-05,GEN,5190.698865802006,5190.698865802006,24
2017-04-05,PKG,-1837.9980437715167,-1837.9980437715167,24
2017-05-03,BAC,720.5500538189872,720.5500538189872,20
2017-05-03,MO,-1423.6940490617978,-1423.6940490617978,20
2017-05-03,MS,1891.9624309201179,1891.9624309201179,20
2017-05-18,URI,-5001.600938015091,-5001.600938015091,12
2017-05-25,SPGI,30076.828436772,30076.828436772,98
2017-06-05,APO,4387.417610241602,4387.417610241602,23
2017-06-05,MCD,19611.299247680698,19611.299247680698,42
2017-06-05,MU,10672.212864950401,10672.212864950401,23
2017-06-05,OKE,5674.901312559601,5674.901312559601,188
2017-06-09,WYNN,-5028.896046256389,-5028.896046256389,5
2017-06-12,LRCX,-5022.060010863804,-5022.060010863804,6
2017-07-06,IT,3017.5599999999886,3017.5599999999886,23
2017-07-06,TPL,4683.28182933121,4683.28182933121,23
2017-07-12,KMB,-5002.850463483848,-5002.850463483848,68
2017-07-26,BA,30008.29263175425,30008.29263175425,78
2017-07-28,MO,-4997.363959097396,-4997.363959097396,17
2017-07-31,MU,-5069.9783336798355,-5069.9783336798355,18
2017-08-02,WYNN,-5017.413001404065,-5017.413001404065,20
2017-08-03,NVDA,13943.886806059712,13943.886806059712,43
2017-08-04,MU,-5108.536155063512,-5108.536155063512,2
2017-09-06,KLAC,2840.2160442076074,2840.2160442076074,44
2017-09-06,MO,-4289.274851817605,-4289.274851817605,24
2017-09-20,AAPL,-4988.966468640116,-4988.966468640116,11
2017-10-04,TTWO,5647.639999999987,5647.639999999987,21
2017-10-09,WYNN,-5015.588193448249,-5015.588193448249,4
2017-10-12,LMT,29968.134874844167,29968.134874844167,175
2017-10-20,KMB,-5706.074918960009,-5706.074918960009,56
2017-11-03,BA,10411.661704593998,10411.661704593998,66
2017-11-03,MO,1732.8384278828914,1732.8384278828914,23
2017-11-03,TPL,17051.891190203212,17051.891190203212,66
2017-11-29,NVDA,-4970.848225410833,-4970.848225410833,18
2017-12-04,ALGN,-5001.825000000003,-5001.825000000003,21
2017-12-05,AMAT,-5027.814580617002,-5027.814580617002,1
2017-12-05,LRCX,-5049.816832774864,-5049.816832774864,1
2017-12-05,MU,-5191.125162471603,-5191.125162471603,1
2017-12-05,NVDA,-8928.441182390594,-8928.441182390594,1
2017-12-05,ABBV,3645.449864758814,3645.449864758814,22
2017-12-05,AMP,5515.2508268249885,5515.2508268249885,22
2017-12-05,UPS,9289.561019692801,9289.561019692801,64
2017-12-05,URI,11386.872127801807,11386.872127801807,22
2017-12-07,NVR,-4898.600000000008,-4898.600000000008,3
2018-01-10,KMB,-5017.06668464438,-5017.06668464438,5
2018-01-12,HD,30177.059747722808,30177.059747722808,90
2018-01-19,LII,29903.389661329813,29903.389661329813,223
2018-01-25,NVR,-4958.80000000001,-4958.80000000001,15
2018-02-05,HD,-4977.010989506788,-4977.010989506788,1
2018-02-05,LII,-4966.456683492483,-4966.456683492483,1
2018-02-05,NVDA,-4927.213407213242,-4927.213407213242,1
2018-02-06,UPS,-5326.505023202995,-5326.505023202995,2
2018-02-14,SPGI,30047.522989394707,30047.522989394707,177
2018-03-05,LMT,12311.205398385291,12311.205398385291,82
2018-03-12,MU,29199.005429210254,29199.005429210254,6
2018-03-26,ABBV,-5006.581751848389,-5006.581751848389,56
2018-04-04,NVDA,-5533.549488332797,-5533.549488332797,22
2018-04-04,ALGN,6078.699999999999,6078.699999999999,62
2018-04-04,LII,2836.290164536401,2836.290164536401,22
2018-04-04,LOW,-2910.3936372349926,-2910.3936372349926,22
2018-04-06,MU,-6150.919111475203,-6150.919111475203,3
2018-04-30,ON,-5056.59600000001,-5056.59600000001,19
2018-05-01,LMT,-5024.542776728863,-5024.542776728863,20
2018-05-02,TPL,29954.550202725004,29954.550202725004,82
2018-05-03,MSCI,-212.24932014878902,-212.24932014878902,22
2018-05-22,MU,29425.93505087377,29425.93505087377,14
2018-06-05,HD,8269.199867947998,8269.199867947998,65
2018-06-05,MPC,13485.557059327995,13485.557059327995,44
2018-06-05,NVDA,16791.3552272427,16791.3552272427,23
2018-06-05,WYNN,11377.99493112481,11377.99493112481,105
2018-06-06,TPL,-5007.615214167512,-5007.615214167512,2
2018-06-07,STX,-5007.0944001629305,-5007.0944001629305,3
2018-06-18,IBKR,-5005.243153888608,-5005.243153888608,10
2018-06-22,RL,-4996.0559322042245,-4996.0559322042245,14
2018-06-25,MU,-4886.114038925904,-4886.114038925904,15
2018-07-05,IBKR,-5007.375817560101,-5007.375817560101,1
2018-07-05,LMT,-1649.7020605276066,-1649.7020605276066,44
2018-07-05,ON,721.9200000000006,721.9200000000006,44
2018-07-16,CF,-5043.121000036012,-5043.121000036012,8
2018-07-18,VLO,-5050.377367299808,-5050.377367299808,10
2018-07-27,STX,-5015.292062451037,-5015.292062451037,17
2018-08-03,TSCO,4000.150852733997,4000.150852733997,22
2018-08-15,MU,-4943.078279806109,-4943.078279806109,9
2018-08-31,LULU,30090.948,30090.948,63
2018-09-07,ALGN,-4984.71400000001,-4984.71400000001,2
2018-09-19,VLO,-4949.042131022825,-4949.042131022825,33
2018-09-26,STX,-4976.1694419522155,-4976.1694419522155,15
2018-10-03,AMD,-5377.5800000000045,-5377.5800000000045,1
2018-10-03,CF,20549.344920769807,20549.344920769807,43
2018-10-05,FTNT,-5048.643999999992,-5048.643999999992,3
2018-10-05,LULU,-5032.992000000004,-5032.992000000004,3
2018-10-10,GWW,-4941.092731400096,-4941.092731400096,48
2018-10-12,KMB,-5000.397780276734,-5000.397780276734,8
2018-10-18,HD,-5008.236254733877,-5008.236254733877,75
2018-10-24,SPGI,-4955.913610646359,-4955.913610646359,164
2018-11-01,TPL,-4999.0823302352355,-4999.0823302352355,85
2018-11-05,AMD,-5090.877500000011,-5090.877500000011,1
2018-11-05,BA,10243.651723226794,10243.651723226794,130
2018-11-09,LULU,-5037.070500000012,-5037.070500000012,5
2018-11-13,HD,-5049.974566953445,-5049.974566953445,7
2018-11-14,TJX,-5045.116657292074,-5045.116657292074,8
2018-11-20,TSCO,-5070.4947223546405,-5070.4947223546405,12
2018-12-06,LMT,-5364.358732344587,-5364.358732344587,22
2018-12-06,ABBV,-5010.778808967755,-5010.778808967755,1
2018-12-06,AMD,-13199.21000000001,-13199.21000000001,1
2018-12-06,HD,-4979.499985352061,-4979.499985352061,1
2018-12-06,MCO,-5384.526649819203,-5384.526649819203,1
2018-12-06,SPGI,-5446.2167240974995,-5446.2167240974995,1
2018-12-06,CLX,6454.090954955995,6454.090954955995,22
2018-12-10,UPS,-4977.638049733213,-4977.638049733213,24
2018-12-14,SBUX,-4996.290384920109,-4996.290384920109,7
2019-01-24,MKC,-11411.368563559208,-11411.368563559208,14
2019-01-25,ABBV,-5699.113383364591,-5699.113383364591,15
2019-02-19,ORLY,29901.44299995045,29901.44299995045,136
2019-03-05,ABBV,-1142.8322978409951,-1142.8322978409951,20
2019-03-05,KMB,10391.586007579,10391.586007579,81
2019-03-05,MCO,22961.151016544387,22961.151016544387,41
2019-03-05,NRG,9604.215257719801,9604.215257719801,41
2019-03-07,MSCI,-5038.880719989697,-5038.880719989697,3
2019-04-03,AES,3428.5071136773904,3428.5071136773904,22
2019-04-03,DOC,2096.645059339211,2096.645059339211,22
2019-04-03,SBUX,17855.600640097906,17855.600640097906,62
2019-04-25,SPGI,29862.475161075807,29862.475161075807,77
2019-05-03,KIM,5993.3838701267905,5993.3838701267905,43
2019-05-03,LMT,27774.070858302897,27774.070858302897,83
2019-05-03,LULU,6782.919999999994,6782.919999999994,22
2019-05-03,UPS,998.1000795228016,998.1000795228016,62
2019-05-07,KLAC,-5162.776026717102,-5162.776026717102,3
2019-05-14,ORLY,-5004.804400000011,-5004.804400000011,50
2019-05-23,GRMN,-5002.269141141186,-5002.269141141186,15
2019-05-29,WAT,-4991.400000000008,-4991.400000000008,18
2019-05-31,TPL,-5045.880403971688,-5045.880403971688,41
2019-06-05,FICO,10844.909999999994,10844.909999999994,23
2019-06-05,HD,14469.754322746814,14469.754322746814,105
2019-07-03,AVGO,11643.772194848012,11643.772194848012,21
2019-07-03,CDNS,18921.60000000001,18921.60000000001,21
2019-07-03,MCO,9262.540604736796,9262.540604736796,64
2019-07-03,SPGI,9493.814602522792,9493.814602522792,43
2019-07-03,TER,11275.326879636594,11275.326879636594,21
2019-07-17,NSC,-5020.672547546137,-5020.672547546137,10
2019-08-05,HLT,-4979.610524088668,-4979.610524088668,1
2019-08-05,MCO,-4992.875696182863,-4992.875696182863,1
2019-08-05,MTD,-4783.858000000004,-4783.858000000004,1
2019-08-05,SPGI,-4991.120974351643,-4991.120974351643,1
2019-08-05,AMD,-471.2499999999964,-471.2499999999964,43
2019-08-05,CINF,807.8498738735892,807.8498738735892,23
2019-08-05,HSY,12744.399774707197,12744.399774707197,23
2019-08-05,QCOM,4510.483032108593,4510.483032108593,43
2019-08-05,TSN,2593.164729607203,2593.164729607203,23
2019-08-15,ERIE,-4976.015002656533,-4976.015002656533,9
2019-09-05,CIEN,-6383.000000000004,-6383.000000000004,1
2019-09-05,BALL,9581.506384991788,9581.506384991788,23
2019-09-05,FICO,13327.650000000001,13327.650000000001,45
2019-09-05,MSCI,15760.828891069794,15760.828891069794,108
2019-09-09,IDXX,-5029.264500000005,-5029.264500000005,3
2019-09-10,ERIE,-5074.500884872386,-5074.500884872386,4
2019-09-18,DECK,-5063.241000000002,-5063.241000000002,10
2019-09-27,MCO,-5013.061016164122,-5013.061016164122,17
2019-09-27,SPGI,-5033.2054744802745,-5033.2054744802745,17
2019-10-03,MTD,1467.2699999999875,1467.2699999999875,21
2019-10-23,FICO,-4966.584000000001,-4966.584000000001,15
2019-10-24,HSY,-5894.916746839411,-5894.916746839411,16
2019-11-05,DECK,11498.9133334699,11498.9133334699,24
2019-11-05,NVR,-8372.000000000011,-8372.000000000011,24
2019-11-11,IDXX,-4949.882000000005,-4949.882000000005,28
2019-11-21,LRCX,-5131.512057372802,-5131.512057372802,13
2019-12-04,HSY,4382.875325052006,4382.875325052006,21
2019-12-04,LDOS,5035.362307452384,5035.362307452384,21
2019-12-04,MA,2811.1121818639945,2811.1121818639945,21
2020-01-06,BX,5404.571846424406,5404.571846424406,22
2020-01-06,LRCX,13018.707971945301,13018.707971945301,22
2020-01-06,TER,9815.865404111695,9815.865404111695,22
2020-01-28,MCO,29716.069600074476,29716.069600074476,80
2020-02-05,BLDR,3420.2199999999975,3420.2199999999975,43
2020-02-05,FICO,11228.219999999996,11228.219999999996,22
2020-02-05,MA,11827.354286117712,11827.354286117712,22
2020-02-05,NVR,2428.4000000000024,2428.4000000000024,22
2020-02-19,SPGI,29744.965564174345,29744.965564174345,95
2020-02-24,AAPL,-5615.5104452659925,-5615.5104452659925,13
2020-02-24,LRCX,-5627.4786590958,-5627.4786590958,13
2020-02-25,CDW,-5053.739859595439,-5053.739859595439,14
2020-02-27,MCO,-5079.278538782104,-5079.278538782104,16
2020-02-28,ORLY,-5049.679200000007,-5049.679200000007,186
2020-03-04,HLT,3243.1796407289985,3243.1796407289985,125
2020-03-04,IDXX,2378.0299999999925,2378.0299999999925,62
2020-03-05,SPGI,-5007.452766250493,-5007.452766250493,2
2020-03-06,AAPL,-7251.273747471596,-7251.273747471596,3
2020-03-06,APO,-5667.728658278406,-5667.728658278406,3
2020-03-06,BX,-5011.810365184845,-5011.810365184845,3
2020-03-06,LRCX,-4998.864271118642,-4998.864271118642,3
2020-03-06,MCO,-6012.549926271901,-6012.549926271901,3
2020-03-10,GNRC,-5045.638500000006,-5045.638500000006,24
2020-03-12,LMT,-5191.131424209897,-5191.131424209897,195
2020-03-12,CLX,-7545.426996203991,-7545.426996203991,7
2020-03-12,HSY,-9915.59530006261,-9915.59530006261,7
2020-04-17,ORLY,30904.839333159296,30904.839333159296,10
2020-04-27,MCO,29624.324378758378,29624.324378758378,16
2020-04-28,SPGI,29837.25911624428,29837.25911624428,17
2020-05-05,CPB,11944.518351817103,11944.518351817103,22
2020-05-05,IDXX,20303.370000000006,20303.370000000006,22
2020-05-05,LDOS,9741.545454504694,9741.545454504694,22
2020-05-05,LRCX,9415.89904885,9415.89904885,22
2020-05-13,BLDR,-4853.373000000005,-4853.373000000005,7
2020-05-14,LEN,-4913.9788708137075,-4913.9788708137075,8
2020-05-18,GNRC,31713.360000000004,31713.360000000004,31
2020-05-27,NEM,-8177.670836838498,-8177.670836838498,16
2020-05-28,DHI,30380.716913259614,30380.716913259614,17
2020-06-03,LLY,13705.128023328009,13705.128023328009,42
2020-06-11,BLDR,-5069.589999999999,-5069.589999999999,7
2020-06-11,GEN,-4939.388052372185,-4939.388052372185,7
2020-06-11,IDXX,-5021.280000000006,-5021.280000000006,7
2020-06-11,LOW,-5066.374646661405,-5066.374646661405,7
2020-06-11,WAT,-5109.999999999999,-5109.999999999999,7
2020-06-12,GNRC,-5044.319999999999,-5044.319999999999,8
2020-07-06,LMT,9874.299037433913,9874.299037433913,64
2020-07-30,ORLY,29866.77800003986,29866.77800003986,61
2020-07-30,LLY,-5016.559087456288,-5016.559087456288,19
2020-08-03,GNRC,30656.999999999996,30656.999999999996,21
2020-08-05,CLX,8410.001979943114,8410.001979943114,23
2020-08-05,EBAY,5436.80244038851,5436.80244038851,23
2020-08-05,IDXX,16199.280000000004,16199.280000000004,23
2020-08-05,KR,4736.221815275491,4736.221815275491,23
2020-08-05,MCO,15480.796674606792,15480.796674606792,65
2020-08-06,DVA,-4963.899000000007,-4963.899000000007,2
2020-08-20,LRCX,-5787.864081748014,-5787.864081748014,12
2020-08-26,SPGI,29690.518675054576,29690.518675054576,80
2020-09-03,AAPL,-7956.680700364803,-7956.680700364803,1
2020-09-03,CRM,-5027.523194426396,-5027.523194426396,1
2020-09-03,GEN,-5020.401083487332,-5020.401083487332,1
2020-09-03,AMD,12625.470000000003,12625.470000000003,22
2020-09-03,GNRC,16774.479999999996,16774.479999999996,22
2020-09-03,MPWR,3943.2406840744125,3943.2406840744125,22
2020-09-03,NVDA,25272.003859742905,25272.003859742905,22
2020-09-03,ORLY,2658.5999999999995,2658.5999999999995,22
2020-09-03,QCOM,11354.179650047987,11354.179650047987,22
2020-09-04,BLDR,-5011.470000000007,-5011.470000000007,2
2020-09-04,MA,-4998.964207463783,-4998.964207463783,2
2020-09-04,MCO,-5021.2757939953735,-5021.2757939953735,2
2020-09-04,SPGI,-5009.5417783674875,-5009.5417783674875,2
2020-09-10,NTAP,-5016.494575126357,-5016.494575126357,5
2020-10-16,LOW,30329.682160317505,30329.682160317505,74
2020-10-19,SPGI,-4939.144974617768,-4939.144974617768,11
2020-10-22,ALGN,38128.19999999999,38128.19999999999,35
2020-10-22,MCO,-4931.192249707179,-4931.192249707179,14
2020-10-29,EBAY,-4925.476000930034,-4925.476000930034,19
2020-10-30,ORLY,-5820.843333225505,-5820.843333225505,20
2020-11-04,AAPL,1069.4932691813929,1069.4932691813929,23
2020-11-04,NTAP,8934.388828552006,8934.388828552006,23
2020-11-09,LOW,-5062.450393599462,-5062.450393599462,4
2020-11-09,POOL,-5037.612800265895,-5037.612800265895,4
2020-11-10,EBAY,-5012.457576806001,-5012.457576806001,5
2020-12-03,GNRC,9370.689999999999,9370.689999999999,43
2020-12-03,IDXX,18759.950000000008,18759.950000000008,43
2020-12-09,FSLR,-4936.60800000001,-4936.60800000001,5
2020-12-21,SPGI,-5046.649738818221,-5046.649738818221,33
2021-01-06,ABBV,720.7120890287983,720.7120890287983,23
2021-01-06,KMB,-239.50031686419698,-239.50031686419698,43
2021-01-06,NRG,11897.69100059221,11897.69100059221,23
2021-01-06,ORLY,946.6306667798923,946.6306667798923,43
2021-01-12,SPGI,-4974.658396603532,-4974.658396603532,5
2021-01-27,FCX,-4999.874156549361,-4999.874156549361,15
2021-01-27,IDXX,-4962.436500000008,-4962.436500000008,15
2021-01-29,BLDR,-4961.015000000004,-4961.015000000004,17
2021-02-03,AAPL,5307.2895812040115,5307.2895812040115,20
2021-02-03,CL,-1789.4795036085002,-1789.4795036085002,62
2021-02-04,ALGN,32104.859999999997,32104.859999999997,63
2021-02-16,NRG,-5019.489940758738,-5019.489940758738,9
2021-02-19,FCX,30061.26666980232,30061.26666980232,12
2021-02-22,QCOM,-5000.0460169608,-5000.0460169608,32
2021-02-23,COHR,-6034.149999999995,-6034.149999999995,14
2021-02-23,TTD,-5102.999999999996,-5102.999999999996,14
2021-02-23,WSM,-4992.236191392458,-4992.236191392458,14
2021-03-03,ALGN,-4972.0,-4972.0,1
2021-03-03,COHR,-5055.192000000012,-5055.192000000012,1
2021-03-03,GNRC,-4980.960000000005,-4980.960000000005,1
2021-03-03,TER,-5294.324601234894,-5294.324601234894,1
2021-03-03,ZBRA,-5038.6537500000095,-5038.6537500000095,1
2021-03-03,EBAY,12644.895226586392,12644.895226586392,61
2021-03-04,FCX,-5011.42725156974,-5011.42725156974,2
2021-03-04,MOS,-5026.313742158738,-5026.313742158738,2
2021-03-05,IDXX,-5119.09160000001,-5119.09160000001,22
2021-03-12,TPL,29999.51362206031,29999.51362206031,8
2021-03-26,NTAP,32033.53661053941,32033.53661053941,78
2021-04-13,WSM,-5024.998275723492,-5024.998275723492,6
2021-04-20,TPL,-5023.387233713289,-5023.387233713289,11
2021-05-05,CL,3394.1216949120007,3394.1216949120007,22
2021-05-05,FCX,15645.912692091977,15645.912692091977,22
2021-05-05,SPGI,9594.278011987199,9594.278011987199,22
2021-05-05,TRGP,12565.010341940999,12565.010341940999,22
2021-05-06,ALGN,-4931.69400000001,-4931.69400000001,2
2021-05-06,COHR,-9229.290000000006,-9229.290000000006,2
2021-05-11,ADSK,-5892.480000000003,-5892.480000000003,26
2021-05-18,MAS,-4976.46256352896,-4976.46256352896,10
2021-05-19,TPL,-4990.437632467992,-4990.437632467992,11
2021-06-03,FCX,-4975.668932256958,-4975.668932256958,1
2021-06-17,MOS,-4679.4470167447635,-4679.4470167447635,31
2021-06-23,MAS,-5004.114098521351,-5004.114098521351,15
2021-07-06,MOS,-4999.881520585353,-4999.881520585353,1
2021-07-06,TPL,7542.447231479599,7542.447231479599,23
2021-07-06,TPR,2266.4093816832087,2266.4093816832087,64
2021-07-08,TRGP,-4973.086118438646,-4973.086118438646,3
2021-07-15,GDDY,-5028.500000000004,-5028.500000000004,8
2021-08-04,CL,-5014.7518664344325,-5014.7518664344325,44
2021-08-04,SPGI,5535.527191462788,5535.527191462788,22
2021-08-05,GDDY,-11783.519999999995,-11783.519999999995,2
2021-08-30,WAT,29916.54000000001,29916.54000000001,62
2021-09-03,TPL,-5003.9996935608015,-5003.9996935608015,1
2021-09-03,GNRC,12097.499999999996,12097.499999999996,23
2021-09-03,KMB,4971.0844295867955,4971.0844295867955,23
2021-09-03,NTAP,22079.790262656014,22079.790262656014,86
2021-09-13,NUE,-5016.260754711366,-5016.260754711366,6
2021-09-13,STLD,-5022.189344016669,-5022.189344016669,6
2021-09-16,WAT,-5028.000000000011,-5028.000000000011,9
2021-09-20,TPR,-5003.664479511082,-5003.664479511082,11
2021-09-28,MAS,-4996.39689711201,-4996.39689711201,60
2021-10-05,CL,-4998.958216422198,-4998.958216422198,22
2021-10-12,WAT,-4957.261500000002,-4957.261500000002,6
2021-10-22,ORLY,30222.9706664698,30222.9706664698,141
2021-11-03,BX,27807.30060223781,27807.30060223781,22
2021-11-03,SPG,19707.796724915606,19707.796724915606,22
2021-11-03,TPL,6949.439197890002,6949.439197890002,22
2021-11-17,HD,30177.902377586222,30177.902377586222,159
2021-11-17,LOW,31053.529381242006,31053.529381242006,75
2021-11-18,NTAP,-5032.8135316536045,-5032.8135316536045,12
2021-11-19,TRGP,-4999.427676352629,-4999.427676352629,13
2021-11-30,WAT,-4795.136999999997,-4795.136999999997,19
2021-12-03,WSM,-5038.291050135277,-5038.291050135277,1
2021-12-03,CL,302.7674195790107,302.7674195790107,22
2021-12-03,COR,-1155.7024774560055,-1155.7024774560055,43
2021-12-03,DVN,1452.3704613687937,1452.3704613687937,22
2021-12-06,BX,-4979.378972732512,-4979.378972732512,2
2021-12-20,HD,-5012.748809229021,-5012.748809229021,12
2021-12-20,TRGP,-4975.887925177397,-4975.887925177397,12
2022-01-05,BX,-5034.636686620199,-5034.636686620199,1
2022-01-05,NVDA,-5025.205120266269,-5025.205120266269,1
2022-01-05,IT,4815.019999999994,4815.019999999994,23
2022-01-05,NUE,12854.871450083609,12854.871450083609,23
2022-01-10,HD,-5185.179766703999,-5185.179766703999,4
2022-01-19,ORCL,-4985.219590332306,-4985.219590332306,74
2022-01-20,LOW,-5026.341101250721,-5026.341101250721,33
2022-01-21,F,-6016.999513372788,-6016.999513372788,12
2022-01-24,SPG,-5070.9743350934405,-5070.9743350934405,35
2022-02-03,FANG,14412.067144834495,14412.067144834495,21
2022-02-04,F,-11058.809437962991,-11058.809437962991,2
2022-02-04,LOW,-5003.372055087602,-5003.372055087602,2
2022-02-08,SPG,-5561.173669990301,-5561.173669990301,4
2022-02-11,HD,-4992.446183859007,-4992.446183859007,7
2022-02-16,CL,-5007.604715894725,-5007.604715894725,10
2022-02-17,ORCL,-5006.146828066105,-5006.146828066105,11
2022-02-24,STX,-7098.419602386594,-7098.419602386594,15
2022-03-03,MCK,11403.505219359196,11403.505219359196,40
2022-03-03,NUE,29662.413920010098,29662.413920010098,20
2022-03-04,BX,-5058.875827513143,-5058.875827513143,2
2022-03-07,FANG,-5121.254741377834,-5121.254741377834,3
2022-03-08,MTD,-4886.433000000006,-4886.433000000006,4
2022-03-08,STX,-5038.101663895132,-5038.101663895132,4
2022-03-28,LOW,-4970.623895951004,-4970.623895951004,18
2022-03-31,HD,-4999.49434782385,-4999.49434782385,21
2022-04-05,DVN,-5080.5459738445725,-5080.5459738445725,1
2022-04-05,OXY,-5049.05496762524,-5049.05496762524,1
2022-04-05,CL,407.4720843374929,407.4720843374929,24
2022-04-05,ORCL,9138.4471249968,9138.4471249968,24
2022-04-06,APA,-5091.736741593493,-5091.736741593493,2
2022-04-07,FANG,-5051.095098799198,-5051.095098799198,3
2022-04-22,CF,-5131.219130408726,-5131.219130408726,13
2022-04-22,COP,-5038.660742323493,-5038.660742323493,13
2022-04-25,MOS,-5087.281336306337,-5087.281336306337,14
2022-05-05,NUE,-5005.396904380967,-5005.396904380967,22
2022-05-06,ORLY,-5016.902000000009,-5016.902000000009,128
2022-05-09,APA,-5002.342219709187,-5002.342219709187,4
2022-05-09,CF,-4967.103581224481,-4967.103581224481,4
2022-05-19,KMB,-5015.189357543935,-5015.189357543935,12
2022-05-31,DVN,31300.59207520028,31300.59207520028,19
2022-06-07,MOS,-5057.5853371220655,-5057.5853371220655,3
2022-06-08,CF,-5830.936104624397,-5830.936104624397,4
2022-06-13,DLTR,-5042.520000000003,-5042.520000000003,7
2022-06-13,DVN,-5143.9722397008,-5143.9722397008,7
2022-06-13,FANG,-4945.203104111753,-4945.203104111753,7
2022-06-14,KMB,-4998.811219861054,-4998.811219861054,8
2022-06-17,OXY,-4952.7562458718485,-4952.7562458718485,32
2022-06-23,COP,-5035.746028369952,-5035.746028369952,35
2022-06-23,EOG,-4997.215835221098,-4997.215835221098,35
2022-07-06,COP,-6195.365358345602,-6195.365358345602,1
2022-07-06,DVN,-4844.42305677469,-4844.42305677469,1
2022-07-06,MPC,-4885.351874638212,-4885.351874638212,1
2022-07-06,VLO,-4868.707014086408,-4868.707014086408,1
2022-07-12,OXY,-4883.151037722472,-4883.151037722472,5
2022-07-14,CL,-4958.415040954866,-4958.415040954866,7
2022-07-14,CVX,-6367.577196337187,-6367.577196337187,7
2022-08-03,DVN,-4977.699571248211,-4977.699571248211,1
2022-08-03,OXY,-5005.619660429383,-5005.619660429383,1
2022-08-04,COP,-4996.303110169915,-4996.303110169915,2
2022-08-04,CVX,-5005.082718700353,-5005.082718700353,2
2022-08-04,VLO,-5028.919760324395,-5028.919760324395,2
2022-08-04,XOM,-5009.637752476511,-5009.637752476511,2
2022-08-22,CF,29027.442316118577,29027.442316118577,34
2022-08-26,KMB,-4976.283314030565,-4976.283314030565,38
2022-09-06,OXY,-5158.72560207364,-5158.72560207364,1
2022-09-08,CL,-5023.251437841392,-5023.251437841392,26
2022-09-12,CF,-5092.621517394206,-5092.621517394206,5
2022-09-13,AMGN,-5019.742207648485,-5019.742207648485,6
2022-09-14,KMB,-5008.892987963093,-5008.892987963093,7
2022-09-14,STX,-5072.704056758281,-5072.704056758281,7
2022-09-20,MTD,-5040.868000000013,-5040.868000000013,11
2022-10-05,DLTR,3220.610000000005,3220.610000000005,22
2022-10-10,KMB,-5014.682926518271,-5014.682926518271,4
2022-10-11,SMCI,-6010.045999999999,-6010.045999999999,5
2022-10-13,IT,-5136.709500000001,-5136.709500000001,7
2022-10-13,MTD,-6812.080000000007,-6812.080000000007,7
2022-10-17,EQT,-5133.573068376895,-5133.573068376895,9
2022-11-03,CF,-7883.239481088103,-7883.239481088103,1
2022-11-03,MTD,-4997.732999999997,-4997.732999999997,1
2022-11-03,NUE,10127.948802483992,10127.948802483992,22
2022-12-05,EQT,-5025.005992129538,-5025.005992129538,22
2022-12-05,VRTX,9845.280000000002,9845.280000000002,64
2022-12-12,CF,-4993.873826609296,-4993.873826609296,6
2022-12-14,AMGN,-4959.842682432309,-4959.842682432309,8
2022-12-16,OXY,-5084.082737224399,-5084.082737224399,52
2023-01-05,SMCI,-5044.448199999999,-5044.448199999999,1
2023-02-01,AMGN,-5283.0239567898025,-5283.0239567898025,19
2023-02-03,LVS,15101.933674289801,15101.933674289801,21
2023-02-03,MTD,6502.350000000012,6502.350000000012,42
2023-02-06,TPL,-5020.304233312861,-5020.304233312861,2
2023-02-23,STLD,-4997.706141091408,-4997.706141091408,14
2023-03-03,AMGN,-2716.9722169296006,-2716.9722169296006,20
2023-03-03,KMB,3383.6243447755,3383.6243447755,82
2023-03-03,OXY,-753.300465162701,-753.300465162701,40
2023-03-03,SMCI,22835.34000000002,22835.34000000002,20
2023-03-09,APA,-5002.007912208713,-5002.007912208713,5
2023-03-10,LVS,-4973.014702146599,-4973.014702146599,6
2023-03-10,STLD,-4967.418634991288,-4967.418634991288,6
2023-03-10,TPL,-4990.445120611607,-4990.445120611607,6
2023-03-13,IT,-5011.774999999997,-5011.774999999997,88
2023-03-13,UAL,-4951.2599999999975,-4951.2599999999975,7
2023-04-05,APA,-5048.261299286965,-5048.261299286965,1
2023-04-05,MPC,-6465.589680524114,-6465.589680524114,1
2023-04-05,STLD,-10243.587281963595,-10243.587281963595,1
2023-04-05,UAL,-5054.752,-5054.752,1
2023-04-05,URI,-9727.931719473494,-9727.931719473494,1
2023-04-05,CL,7067.695677782402,7067.695677782402,126
2023-04-06,IT,-4974.32100000001,-4974.32100000001,2
2023-05-03,APA,-6867.843024807911,-6867.843024807911,1
2023-05-03,AON,14143.615434294696,14143.615434294696,124
2023-05-04,IT,-5094.212500000008,-5094.212500000008,2
2023-05-11,MRNA,-4999.9495,-4999.9495,7
2023-05-11,TPL,-5514.700676339204,-5514.700676339204,7
2023-05-16,HD,-5283.049419141801,-5283.049419141801,29
2023-05-24,MTD,-5714.100000000008,-5714.100000000008,58
2023-05-24,CL,-5003.591744947152,-5003.591744947152,16
2023-06-05,GE,5128.420486596394,5128.420486596394,23
2023-06-05,NFLX,23282.49499999999,23282.49499999999,23
2023-06-16,COR,30111.977635178344,30111.977635178344,325
2023-07-06,AXON,-483.60000000000355,-483.60000000000355,22
2023-07-06,DECK,12358.200000000015,12358.200000000015,22
2023-07-06,KMB,3336.7027601735986,3336.7027601735986,22
2023-07-19,SMCI,30491.19999999999,30491.19999999999,10
2023-07-20,KLAC,-4890.067896632477,-4890.067896632477,11
2023-08-02,BLDR,34675.34,34675.34,41
2023-08-03,APA,24113.000884121804,24113.000884121804,42
2023-08-03,CL,4072.886703,4072.886703,42
2023-08-03,GE,3406.517213197494,3406.517213197494,21
2023-08-11,KLAC,-4896.265305798664,-4896.265305798664,7
2023-08-11,META,-4922.548290833161,-4922.548290833161,7
2023-08-16,DAL,-4945.25044034347,-4945.25044034347,10
2023-08-17,COR,-5008.136911489261,-5008.136911489261,31
2023-08-17,UAL,-4927.125,-4927.125,11
2023-08-18,IT,-5005.905000000011,-5005.905000000011,53
2023-09-06,BLDR,-7533.120000000005,-7533.120000000005,1
2023-09-06,PHM,-4975.8074986330175,-4975.8074986330175,1
2023-09-06,VRT,23363.8085024235,23363.8085024235,24
2023-09-07,SMCI,-5060.832000000003,-5060.832000000003,2
2023-09-11,APA,-5035.180902944857,-5035.180902944857,4
2023-09-21,AVGO,-8021.509287653206,-8021.509287653206,12
2023-10-04,APA,-4986.393931057712,-4986.393931057712,1
2023-10-04,SMCI,-4958.920800000001,-4958.920800000001,1
2023-10-04,COR,3075.6648772815975,3075.6648772815975,21
2023-10-05,DELL,-5074.321621641549,-5074.321621641549,2
2023-10-09,BKNG,-4956.167824556451,-4956.167824556451,24
2023-10-12,BLDR,-4932.877500000008,-4932.877500000008,7
2023-10-20,VRT,-4929.283006571524,-4929.283006571524,13
2023-10-25,JBL,-4960.402238929806,-4960.402238929806,16
2023-10-27,HD,-5032.691156474067,-5032.691156474067,102
2023-11-06,VRT,-5086.9031510597815,-5086.9031510597815,2
2023-11-22,IT,30032.876999999997,30032.876999999997,14
2023-11-29,JBL,-6763.9513278085105,-6763.9513278085105,18
2023-12-05,ANET,791.9975000000076,791.9975000000076,22
2023-12-05,MAR,21284.583317141813,21284.583317141813,128
2023-12-05,SMCI,1066.3159999999934,1066.3159999999934,22
2024-01-04,DECK,-1665.4166667249992,-1665.4166667249992,21
2024-01-04,META,8370.058677637011,8370.058677637011,21
2024-01-04,PHM,10830.98927007149,10830.98927007149,21
2024-01-11,CVNA,-4757.414999999998,-4757.414999999998,6
2024-01-16,NVDA,30707.04924847512,30707.04924847512,49
2024-01-22,BKNG,30565.848765452007,30565.848765452007,53
2024-02-01,VRT,30042.850624145696,30042.850624145696,40
2024-02-05,COR,27657.766833496804,27657.766833496804,63
2024-02-09,CVNA,28856.277600000012,28856.277600000012,5
2024-02-21,VRT,-8473.515699283795,-8473.515699283795,12
2024-03-04,NVDA,31968.281918351688,31968.281918351688,20
2024-03-05,PANW,-4990.5500000000075,-4990.5500000000075,1
2024-03-05,SMCI,-5735.280000000008,-5735.280000000008,1
2024-03-05,VRT,-5157.877142189553,-5157.877142189553,1
2024-03-05,BKNG,-2441.3109428565062,-2441.3109428565062,21
2024-03-05,CL,11714.4106411904,11714.4106411904,62
2024-03-05,FTNT,23856.699999999975,23856.699999999975,42
2024-03-05,HD,18873.699330288007,18873.699330288007,62
2024-04-03,DECK,-2847.4533333776026,-2847.4533333776026,21
2024-04-03,META,10086.6869816865,10086.6869816865,41
2024-04-03,MSI,25041.606067856406,25041.606067856406,145
2024-04-05,SMCI,-4820.0,-4820.0,3
2024-04-09,NVDA,-4892.872174143207,-4892.872174143207,5
2024-04-10,FIX,-5072.672402405992,-5072.672402405992,6
2024-04-10,WSM,-4959.37199719041,-4959.37199719041,6
2024-04-16,VST,-4874.214524162525,-4874.214524162525,10
2024-04-19,NTAP,-4959.614779055376,-4959.614779055376,13
2024-05-01,COR,-5001.174002087839,-5001.174002087839,41
2024-05-02,LII,-4995.778086221233,-4995.778086221233,42
2024-05-20,DELL,29403.508741974663,29403.508741974663,34
2024-05-21,COR,-4980.096981742864,-4980.096981742864,13
2024-05-24,VST,30226.318682561818,30226.318682561818,16
2024-05-28,NVDA,31039.895244162002,31039.895244162002,17
2024-06-05,APA,-3408.9989770125007,-3408.9989770125007,23
2024-06-05,ORCL,18451.9461718592,18451.9461718592,106
2024-06-06,VST,-4970.967430780348,-4970.967430780348,2
2024-06-07,PHM,-4964.824606763821,-4964.824606763821,3
2024-06-14,URI,-4927.829600875192,-4927.829600875192,8
2024-06-20,SMCI,31162.03920000001,31162.03920000001,33
2024-06-25,CVNA,29948.256000000005,29948.256000000005,14
2024-07-02,WSM,-5038.93343125425,-5038.93343125425,41
2024-07-03,NRG,4898.83382044799,4898.83382044799,42
2024-07-17,ANET,-5007.3668750000015,-5007.3668750000015,10
2024-07-17,VRT,-4966.13946760826,-4966.13946760826,10
2024-07-24,SMCI,-4920.307,-4920.307,15
2024-07-25,NVDA,-5030.844543384759,-5030.844543384759,35
2024-07-30,NTAP,-4943.142302889219,-4943.142302889219,19
2024-08-05,CVNA,-5025.0,-5025.0,23
2024-08-05,ANET,-5905.0,-5905.0,1
2024-08-05,FIX,-10907.909509697201,-10907.909509697201,1
2024-08-05,NRG,-8416.301259367412,-8416.301259367412,1
2024-08-05,NVDA,-10712.121267953204,-10712.121267953204,1
2024-08-05,SMCI,-14038.767000000003,-14038.767000000003,1
2024-08-05,VRT,-7754.754278835794,-7754.754278835794,1
2024-08-05,WSM,-6975.293477785203,-6975.293477785203,1
2024-08-05,KKR,-2285.2630746351965,-2285.2630746351965,23
2024-08-05,LII,4289.064883030501,4289.064883030501,42
2024-09-05,HD,12264.355307617203,12264.355307617203,64
2024-09-06,CVNA,-5015.55000000001,-5015.55000000001,2
2024-09-06,SMCI,-4753.6578,-4753.6578,2
2024-09-18,COR,-4900.430635063733,-4900.430635063733,32
2024-09-20,VST,32250.43196687139,32250.43196687139,12
2024-09-23,VRT,29536.83368287704,29536.83368287704,13
2024-10-03,DECK,5657.271666688915,5657.271666688915,21
2024-10-04,FIX,29796.634732781742,29796.634732781742,22
2024-10-14,NVDA,29269.0212417537,29269.0212417537,28
2024-10-30,SMCI,-12724.559999999992,-12724.559999999992,20
2024-11-04,VST,-4892.052536631184,-4892.052536631184,23
2024-11-05,HD,-3103.657958178795,-3103.657958178795,24
2024-11-05,LII,2517.4597477210045,2517.4597477210045,24
2024-11-05,NRG,11134.2052346076,11134.2052346076,44
2024-11-11,VRT,33731.278689828614,33731.278689828614,28
2024-11-20,WSM,32761.219168572592,32761.219168572592,55
2024-11-26,FIX,29774.88476974849,29774.88476974849,16
2024-12-04,TPL,-5026.600387969199,-5026.600387969199,1
2024-12-04,EME,20127.216181292995,20127.216181292995,44
2024-12-04,MSI,9014.783389014709,9014.783389014709,21
2024-12-04,RCL,22132.382205534497,22132.382205534497,21
2024-12-09,FIX,-5013.372005063159,-5013.372005063159,4
2024-12-09,VST,-5046.10288239774,-5046.10288239774,4
2024-12-10,IBKR,-5045.482182036099,-5045.482182036099,5
2024-12-10,TRGP,-5019.329049093009,-5019.329049093009,5
2024-12-10,VRT,-5028.655569418588,-5028.655569418588,5
2024-12-17,NVDA,-5983.657998467405,-5983.657998467405,30
2025-01-06,CL,-4993.753710259498,-4993.753710259498,42
2025-01-13,DECK,-5030.791999999999,-5030.791999999999,5
2025-01-13,NVDA,-7242.133942276187,-7242.133942276187,5
2025-01-27,EME,-5016.293144636476,-5016.293144636476,14
2025-01-27,VST,-5150.483395522086,-5150.483395522086,14
2025-01-28,GDDY,29991.059999999998,29991.059999999998,56
2025-02-12,GDDY,-5037.695000000002,-5037.695000000002,6
2025-02-20,VST,-4995.393794797121,-4995.393794797121,11
2025-02-21,HD,-4998.519623304903,-4998.519623304903,12
2025-02-24,IBKR,-5000.444912870713,-5000.444912870713,13
2025-02-25,TRGP,-4952.6519026835485,-4952.6519026835485,14
2025-03-03,UAL,-4994.1900000000105,-4994.1900000000105,38
2025-03-05,WSM,-2300.7486366047924,-2300.7486366047924,40
2025-03-06,CLX,-5038.715666366208,-5038.715666366208,2
2025-03-07,LYV,-5009.426500000005,-5009.426500000005,42
2025-03-07,MMM,-4975.244445405987,-4975.244445405987,22
2025-03-10,FOXA,-4987.028606449897,-4987.028606449897,4
2025-03-11,HD,-4937.832061298398,-4937.832061298398,5
2025-03-12,VRSK,-4994.673062418555,-4994.673062418555,6
2025-04-03,FTNT,-4982.75,-4982.75,82
2025-04-03,FOXA,-4975.478017842478,-4975.478017842478,1
2025-04-04,GDDY,-4924.806000000003,-4924.806000000003,23
2025-04-04,MMM,-7797.269648391303,-7797.269648391303,2
2025-04-07,CL,-5021.5149611362485,-5021.5149611362485,24
2025-04-07,KMB,-5542.000363956804,-5542.000363956804,24
2025-04-07,CLX,-5004.211805484555,-5004.211805484555,3
2025-04-07,HD,-4985.769556572009,-4985.769556572009,3
2025-04-07,VRSK,-4998.4046292005705,-4998.4046292005705,3
2025-05-05,COR,5947.768421598317,5947.768421598317,22
2025-05-06,CLX,-5037.298280733554,-5037.298280733554,2
2025-05-08,FTNT,-7772.695000000004,-7772.695000000004,4
2025-05-13,APP,31272.12900000001,31272.12900000001,7
2025-05-23,TPL,-5577.514835715906,-5577.514835715906,15
2025-06-04,CL,-407.7916216689988,-407.7916216689988,22
2025-06-04,HD,3067.835828714797,3067.835828714797,22
2025-06-05,KMB,-4973.191443872078,-4973.191443872078,2
2025-06-10,APP,-4983.684000000004,-4983.684000000004,5
2025-06-10,NRG,-5065.79147082074,-5065.79147082074,5
2025-06-17,VST,30346.34065901244,30346.34065901244,31
2025-07-03,COR,-1024.2686408327954,-1024.2686408327954,21
2025-07-03,VRSK,1123.65726528059,1123.65726528059,42
2025-07-16,HD,-5004.5123643101015,-5004.5123643101015,9
2025-07-30,GDDY,-4481.56500000001,-4481.56500000001,60
2025-08-01,FTNT,-4985.174999999999,-4985.174999999999,41
2025-08-05,CVNA,7984.156000000002,7984.156000000002,23
2025-08-05,JBL,3296.846515326792,3296.846515326792,23
2025-08-06,DVA,-4978.100000000002,-4978.100000000002,44
2025-08-07,APP,30519.423000000003,30519.423000000003,25
2025-08-11,RCL,-5268.470334730494,-5268.470334730494,27
2025-08-14,TPR,-11530.687453475008,-11530.687453475008,8
2025-08-15,EME,-5043.770662507995,-5043.770662507995,9
2025-08-20,FIX,-5076.484443392408,-5076.484443392408,12
2025-08-20,IBKR,-5055.438723199252,-5055.438723199252,12
2025-09-04,HOOD,-479.478999999985,-479.478999999985,22
2025-09-10,LYV,30062.544000000016,30062.544000000016,89
2025-09-10,RCL,-4994.711572462131,-4994.711572462131,5
2025-09-19,APP,30285.549000000014,30285.549000000014,12
2025-09-25,UAL,-5018.52500000001,-5018.52500000001,16
2025-09-29,CCL,-5008.375066003945,-5008.375066003945,18
2025-10-03,APP,-5042.349,-5042.349,1
2025-10-03,FIX,19546.50186263061,19546.50186263061,22
2025-10-03,HD,-2111.6279450250063,-2111.6279450250063,22
2025-10-03,MA,-2590.7022797734157,-2590.7022797734157,22
2025-10-03,VST,10725.428148765204,10725.428148765204,65
2025-10-06,WDC,-5202.631109342039,-5202.631109342039,2
2025-10-16,RCL,-4991.718536514167,-4991.718536514167,10
2025-10-24,NEM,-5107.294565764794,-5107.294565764794,16
2025-10-28,CLX,-4972.432921456896,-4972.432921456896,18
2025-10-29,GDDY,-5033.826000000003,-5033.826000000003,19
2025-11-05,APP,-4978.382500000012,-4978.382500000012,1
2025-11-05,AAPL,4704.373924958403,4704.373924958403,24
2025-11-05,EXPE,-904.9261330620054,-904.9261330620054,45
2025-11-05,NRG,3182.159161577902,3182.159161577902,24
2025-11-06,HOOD,-4748.586500000008,-4748.586500000008,2
2025-11-06,LITE,28226.34,28226.34,2
2025-11-13,FIX,-4872.764394218136,-4872.764394218136,7
2025-11-14,KLAC,-5116.203242687598,-5116.203242687598,8
2025-11-14,LRCX,-5031.559716203697,-5031.559716203697,8
2025-11-20,MU,-4727.530624730791,-4727.530624730791,12
2025-11-20,WDC,-4783.886451978819,-4783.886451978819,12
2025-12-03,WDC,-5103.772605983344,-5103.772605983344,1
2025-12-03,CAT,2874.0517551151916,2874.0517551151916,20
2025-12-03,COR,14236.75935546199,14236.75935546199,43
2025-12-08,LLY,-4930.375600842321,-4930.375600842321,4
2025-12-10,IDXX,-5016.9400000000005,-5016.9400000000005,6
2025-12-12,AVGO,-5028.304342787711,-5028.304342787711,8
2025-12-12,HOOD,-5078.887500000003,-5078.887500000003,8
2025-12-17,GOOGL,-5029.349653842417,-5029.349653842417,11
2026-01-06,APP,-5060.2400000000125,-5060.2400000000125,23
2026-01-06,LRCX,30166.158151272964,30166.158151272964,23
2026-01-06,LITE,-8427.56999999999,-8427.56999999999,1
2026-01-06,EXPE,10382.091374139309,10382.091374139309,23
2026-01-06,RL,-2076.6389967243863,-2076.6389967243863,23
2026-01-08,WDC,-5145.497439427412,-5145.497439427412,3
2026-01-28,MU,30905.457100172862,30905.457100172862,16
2026-01-29,NEM,30610.465281519988,30610.465281519988,17
2026-02-04,AMAT,-5125.595182020429,-5125.595182020429,1
2026-02-04,APP,-16767.0,-16767.0,1
2026-02-04,FIX,-5073.935069503524,-5073.935069503524,1
2026-02-04,KLAC,-5716.237765437503,-5716.237765437503,1
2026-02-04,LRCX,-6316.0556586788,-6316.0556586788,1
2026-02-04,MU,-7194.606392300406,-7194.606392300406,1
2026-02-04,WDC,-5168.440867627155,-5168.440867627155,1
2026-02-04,BA,1953.5500000000075,1953.5500000000075,21
2026-02-04,DG,10510.437126345201,10510.437126345201,21
2026-02-04,TPR,-1331.0265513312047,-1331.0265513312047,21
2026-02-04,VRSK,-12291.058655560795,-12291.058655560795,21
2026-02-05,FCX,-6811.986666737803,-6811.986666737803,2
2026-02-05,NEM,-5261.825705651361,-5261.825705651361,2
2026-02-25,TER,31031.80725135189,31031.80725135189,15
2026-03-04,GLW,-4803.051427468046,-4803.051427468046,1
2026-03-04,LITE,-4616.76750000001,-4616.76750000001,1
2026-03-05,FIX,-4866.781648551056,-4866.781648551056,2
2026-03-05,LRCX,-4838.978388779492,-4838.978388779492,2
2026-03-05,NEM,-4683.074973486004,-4683.074973486004,2
2026-03-05,TER,-4733.810590604686,-4733.810590604686,2
2026-03-06,AMAT,-5744.096331293802,-5744.096331293802,3
2026-03-09,MU,-5464.232967835399,-5464.232967835399,4
2026-03-09,WDC,-5643.319152619999,-5643.319152619999,4
2026-03-30,VRT,-4762.173115012007,-4762.173115012007,19
2026-04-08,APA,-15959.568363343604,-15959.568363343604,3
2026-04-08,CF,-16113.509476702404,-16113.509476702404,3
2026-04-08,DVN,-8293.739999999987,-8293.739999999987,3
2026-04-08,HAL,-5788.200000000007,-5788.200000000007,3
2026-04-08,MPC,-5321.892051149703,-5321.892051149703,3
2026-04-08,OXY,-11932.579999999989,-11932.579999999989,3
2026-04-08,VLO,-5629.579363574388,-5629.579363574388,3
2026-04-09,LITE,27634.815000000006,27634.815000000006,4
2026-04-14,WDC,27956.085000000006,27956.085000000006,7
2026-04-23,FIX,28927.017038133898,28927.017038133898,14
2026-05-06,APA,-5056.730000000003,-5056.730000000003,2
2026-05-06,LITE,-5181.120000000005,-5181.120000000005,2
2026-05-08,MU,30945.12000000001,30945.12000000001,4
2026-05-11,AMD,29941.761000000006,29941.761000000006,5
2026-05-19,FIX,-4946.889035334212,-4946.889035334212,11
2026-05-19,STX,-5083.7960000000085,-5083.7960000000085,11
