month,intercept,ma_ratio_3,ma_ratio_5,ma_ratio_10,ma_ratio_20,ma_ratio_50,ma_ratio_100,ma_ratio_200,ma_ratio_400,ma_ratio_600,ma_ratio_800,ma_ratio_1000,smoothed_window,smoothed_n_obs
2010-05-31,,,,,,,,,,,,,12,
2010-06-30,,,,,,,,,,,,,12,
2010-07-31,,,,,,,,,,,,,12,
2010-08-31,,,,,,,,,,,,,12,
2010-09-30,,,,,,,,,,,,,12,
2010-10-31,,,,,,,,,,,,,12,
2010-11-30,,,,,,,,,,,,,12,
2010-12-31,,,,,,,,,,,,,12,
2011-01-31,,,,,,,,,,,,,12,
2011-02-28,,,,,,,,,,,,,12,
2011-03-31,,,,,,,,,,,,,12,
2011-04-30,,,,,,,,,,,,,12,
2011-05-31,-0.1549037365939533,-0.02030401996251748,0.12115427639311172,0.12212072153819394,0.023718896828847702,-0.061774091667496055,-0.06223614090826393,0.0961651563718669,-0.01195425465303263,-0.07410576693633548,0.09666277959896037,-0.05282602498452219,12,389.5833333333333
2011-06-30,-0.07595354391225254,-0.16581550531299646,0.15488157064363403,0.10794404760855357,0.03163213986907731,0.0669704510925734,-0.20776029278315478,0.18560049761990804,-0.054597528614050754,-0.07114432363823087,0.10290644073864548,-0.05492504800532857,12,390.4166666666667
2011-07-31,-0.27734365782624476,0.38120949217543104,-0.2327253554526345,0.020693591810519062,0.2522609186763983,-0.05920218768526438,-0.17252810936630783,0.1669895598208392,-0.026378503718399695,-0.09014667512151113,0.1045562699907585,-0.05230378262218749,12,391.3333333333333
2011-08-31,-0.41518836226529715,0.702839189990609,-0.4275342020620747,0.08746243096424668,0.10699671974351006,0.07903764567987182,-0.23849683804433094,0.19772657852133202,-0.050956211821851595,-0.07029009990280816,0.0882211329794746,-0.045747572240366734,12,392.3333333333333
2011-09-30,-0.32601547956469995,0.44119634035313693,-0.27532056025254237,0.17557412275596088,0.025123829352428396,0.09531897611760082,-0.2309406668999128,0.1592874665010947,-0.02630087355595645,-0.05449958131569854,0.06299822489117834,-0.03754984205579759,12,393.1666666666667
2011-10-31,-0.33740492772073677,0.5354855291530641,-0.34324294712886916,0.1706759601795147,-0.002228666406799936,0.08859917269786753,-0.21392031042945017,0.16398830019964336,-0.024930038618828487,-0.0057605291568862405,0.0031019297368013177,-0.02080096412962498,12,393.9166666666667
2011-11-30,-0.38716322200279535,0.7194380576400045,-0.6347691914436696,0.4328108326659796,-0.11393194687973517,0.10000300186766382,-0.21137327062558361,0.14912594007471855,-0.031680474363405355,0.020093456703639653,-0.017783423178478624,-0.010414654104411126,12,394.8333333333333
2011-12-31,-0.3294944748124617,0.428634334387362,-0.33008624847479723,0.4026503177213942,-0.1549757895727277,0.07137401207038781,-0.13825998939988013,0.08790912499258659,-0.013858560484246931,0.028920690274550073,-0.023906618864629855,-0.014130111892900954,12,395.8333333333333
2012-01-31,-0.28562372316755413,0.09058528301615705,-0.08795117949299402,0.49960863699187513,-0.23006417225460232,0.08826214301345571,-0.14000569107386304,0.11813231783378515,-0.061998055294590536,0.13240862471019219,-0.11100329784398226,-0.0006668703536057689,12,396.9166666666667
2012-02-29,-0.28441345017964625,-0.008048602832418325,-0.022055370944764726,0.5595600930448811,-0.25735964983027887,0.06735251571187705,-0.12501467152553636,0.1266644783127637,-0.06504227776784875,0.15173799709507121,-0.1397192662278751,0.0060750088222502165,12,398.0
2012-03-31,-0.1918959043612999,0.05619286138182017,-0.1665098266159519,0.5186127548196519,-0.2214123070391859,0.08903595707754619,-0.16151524338637138,0.13751900538903003,-0.07996917479163179,0.1805874026306021,-0.15842584214971558,0.0070404745807919195,12,399.0833333333333
2012-04-30,-0.24931642944582133,0.16560151618088426,-0.2692520966671645,0.5950665654665824,-0.2796182017177758,0.14256215400289973,-0.1715714578027168,0.15484783385573128,-0.1377760353032522,0.2075476241886569,-0.16438168303485817,0.013037166738740747,12,400.1666666666667
2012-05-31,-0.1757477990779531,-0.031465002054919734,-0.02342494946543877,0.37592902778544146,-0.1393686538012597,0.07282746974003736,-0.16433632614579063,0.18630893742895918,-0.16694689530909887,0.2235183506093894,-0.15257483082001547,-0.0014858132767451109,12,401.1666666666667
2012-06-30,-0.09698883082417742,-0.06248166997310548,-0.08905227254242103,0.3508401390568005,-0.06746912479153218,0.0003914412899323506,-0.08634452591967144,0.13823461351878985,-0.15567379849403457,0.2353347811907803,-0.1594277041419235,0.0012584393216341124,12,402.0833333333333
2012-07-31,0.03537896426575857,-0.33795559408005404,0.16754653753634452,0.25109466569267913,-0.1403997244034577,0.06693827870193698,-0.07961057484934855,0.12323549457484895,-0.12345645050305447,0.17321127523902816,-0.1364152843574981,0.011699194960810684,12,402.8333333333333
2012-08-31,0.046196294111716496,-0.5150735993567054,0.38252181368056565,0.1687917643781767,-0.07233578289406412,-0.06434997404979755,0.04630987041962986,0.0860227081720925,-0.10885654690551093,0.16475410675070115,-0.14445390445852888,0.02505112586828338,12,403.4166666666667
2012-09-30,0.10004499940685785,-0.379235314919427,0.283488677500054,0.053956449979804644,-0.06170376032657548,-0.047463188840472126,0.04797714214722621,0.09329549656464242,-0.1366573615748772,0.17734636884536595,-0.15544541992666924,0.043712771574332114,12,404.1666666666667
2012-10-31,0.12304899382079582,-0.5457001366244901,0.5008075397632187,-0.0482674796690741,-0.0037016276194857672,-0.06993078904682451,0.060693066058111284,0.04668906554812535,-0.1202343306628842,0.1657374820664143,-0.14141595199094575,0.04573483301944444,12,405.0833333333333
2012-11-30,0.1351889795269329,-0.5811236943452313,0.523609774376753,-0.07042784494774725,-0.03736710771641661,0.013301567012959925,0.0044694026566643634,0.07665707690893979,-0.11325131038707702,0.18346412517437607,-0.17758405174480718,0.05793828510042729,12,405.75
2012-12-31,0.036732972335853466,-0.28103715288523307,0.356658894903243,-0.20931056483165733,0.09091289373393809,-0.009025149669161453,-0.018283912559182814,0.11325541011756106,-0.1578155903969459,0.1912781864721711,-0.1340350637230374,0.03133019961694989,12,406.25
2013-01-31,0.07414924527958561,-0.06706775739707782,-0.07770067412095294,0.05630255213618226,0.006001374853155217,0.01797811665177547,-0.011648860180947115,0.06077505109811925,-0.12343152364381127,0.11697142222775538,-0.0444786311622139,0.006967000596020766,12,406.6666666666667
2013-02-28,0.04281511169135164,0.039422013309097705,-0.09402950688190155,-0.02726432561994151,0.0062750522414659615,0.06445242573243286,-0.056608562853523746,0.07522369484841142,-0.09077204228198286,0.05400725325929046,0.0017029167213599868,0.0009493492833030469,12,407.0833333333333
2013-03-31,0.0914039858988473,-0.09596149243384067,0.026566465049181236,-0.019916686150453288,-0.0188260936638375,0.014946626154268491,-0.01722150561677374,0.054630942754956335,-0.054885758188370735,-0.020186522683790342,0.0694179922547914,-0.009879742557500732,12,407.5
2013-04-30,0.10171899360320502,-0.09371936093067874,0.00829491787749608,0.009997579066734994,-0.025455269176885887,-0.04201366224939799,0.01046316504620974,0.06223260404373979,-0.05945432721070907,0.010069436191305117,0.017699187942197752,0.024374729745288193,12,407.75
2013-05-31,-0.004961511835592264,0.05143406312089055,0.05271401139399482,-0.19943461313988264,0.07195446682432748,0.024853566653753534,0.00557400830184387,0.03776479128363027,-0.11033253817729743,0.1064431289441019,-0.0709576663445184,0.060932507631779674,12,407.8333333333333
2013-06-30,-0.10916264012774586,0.2123659437683194,0.06721129528320459,-0.2194705551301802,-0.01318223543198549,0.10427595221882535,-0.059878207992585204,0.04403978468810663,-0.07567743014925808,0.07991432220205018,-0.06657625710488627,0.05729969391160806,12,407.8333333333333
2013-07-31,-0.1702702060718759,0.21731770775767856,0.045669911214134905,-0.0918731879994803,-0.04606498261401173,0.08199192496250923,-0.03943556514318975,0.033815214375919896,-0.12065437549044745,0.13748427384001277,-0.0324071286592224,0.007967721859259777,12,407.8333333333333
2013-08-31,-0.053827093523685095,-0.025497663883611615,0.24506870714235077,-0.21245448942592468,0.01149293680902499,0.11974484440509266,-0.10777510775731768,0.048518486611772084,-0.1372606652637284,0.19238311489321722,-0.056777497770002926,-0.0032080866208815673,12,408.0
2013-09-30,-0.06895778827375208,-0.09791433542344229,0.37107772240204867,-0.2131598849192432,-0.039079124687932905,0.1701487631199631,-0.15876863431067165,0.08415104726815971,-0.14879457959316844,0.16049216127467816,0.01460278380553722,-0.05473578098887898,12,408.1666666666667
2013-10-31,0.008697243317331918,-0.11826269924168942,0.25694641955927194,-0.11201294719065118,-0.10013787320568113,0.18049322313260607,-0.14416011531275702,0.097964134939569,-0.163197411165163,0.14112805725978242,0.007711366140323292,-0.03290899093410768,12,408.3333333333333
2013-11-30,-0.00022163154081236008,-0.07731216048297757,0.30404624190991614,-0.2484397368798875,-0.013036255675217961,0.14156847435096898,-0.10708568207776441,0.08588158933563077,-0.16529549761523177,0.07051707247713812,0.08992925224228616,-0.058257951703704715,12,408.5
2013-12-31,0.0020871126087205344,0.09850946362043463,0.04505310131134551,-0.09184215456687424,-0.10112725719183263,0.14413368842599575,-0.0821791170749995,0.06333706977228515,-0.11652215858485832,0.009153336990244204,0.11293226114757725,-0.0613418002191831,12,408.8333333333333
2014-01-31,-0.11820887087946434,0.021418418795993894,0.3246166882373162,-0.21715142568777138,-0.01880748294727196,0.06185059335898881,-0.04044684316353755,0.0636295989153041,-0.10115820805956129,-0.010053356927935122,0.09673125717659309,-0.04314331141256067,12,409.25
2014-02-28,-0.0548131194663865,-0.08201155287247508,0.3644709870300069,-0.25770945068925766,0.06598286922207657,-0.03518664398487177,0.06149977305946755,0.0028442680303753707,-0.0796959231906435,-0.009903025352700457,0.0913538264382942,-0.04631063301330878,12,409.75
2014-03-31,-0.07422369258250336,-0.13025605264021287,0.36924510779173,-0.200710970119788,0.0365356323204603,0.015581799346857071,0.01878889792499585,0.0403041942029335,-0.09971046304887814,0.016769909212467328,0.05263921570493469,-0.027507490867605084,12,410.25
2014-04-30,-0.0972934476870206,-0.17505583767163024,0.5067121385894108,-0.3086131254351785,0.0377495862815638,0.0920036868943007,-0.01309036469668924,0.0078010021056798,-0.06251020260967242,-0.014186314326867453,0.09906621826288405,-0.05701821651828063,12,410.75
2014-05-31,0.024095870728467753,-0.30918765454803127,0.45027193051977416,-0.12196212113733858,-0.09936733850655118,0.11216742026346288,-0.01724831420200436,-0.007105687101870601,0.03657142761858921,-0.1888952172750893,0.25644180612568745,-0.1197862455136286,12,411.3333333333333
2014-06-30,-0.025768539917186712,-0.37087938086597855,0.6073965494275938,-0.18035398637447864,-0.05271334433328784,0.02805784202360551,0.054687888520240126,-0.00885671185020227,-0.008696977310930581,-0.16695092371776807,0.2465655957902583,-0.10259046626526158,12,411.9166666666667
2014-07-31,-0.12371049114256664,-0.20170215147039183,0.5371460899199355,-0.1927302426986627,-0.05167275768834469,0.05069555826543809,0.003919156192972291,0.03300694190243469,-0.023583515743066368,-0.13382963729407094,0.17864571974366902,-0.060672005963629115,12,412.6666666666667
2014-08-31,-0.21034645698519716,0.08139415492598413,0.2629329097745055,-0.05438656680044383,-0.13530790533252776,0.05419283169428487,0.045238389525782,0.026790530481246744,-0.024401190421654284,-0.1612871067837122,0.19393896172618696,-0.05858926438921481,12,413.5
2014-09-30,-0.2743981735648567,0.18646723622465497,0.1653701297580099,-0.04341921333861487,-0.08338020402686654,0.05126797654861286,0.0251622756997984,0.02179025186766162,-0.011315412388089448,-0.1526565552678681,0.1912634600558091,-0.05975391120267167,12,414.3333333333333
2014-10-31,-0.2785302242482097,0.18284515183223268,0.22798596462102413,-0.2363466399853753,0.10449221758761505,-0.015638791107279573,0.023297500399904386,0.03323614301046414,-0.017474652278851182,-0.12190181617975437,0.23526398410288274,-0.12153192271779002,12,415.0833333333333
2014-11-30,-0.22525588217614045,0.03196610562508306,0.30225600781795325,-0.12708014794816858,0.02618049598031617,0.005705514785790543,-0.02651677897624993,0.0388252109030353,-0.0120544947562881,-0.09014166593475648,0.22196402536250878,-0.12892401830316272,12,415.8333333333333
2014-12-31,-0.1840918099481338,-0.10405430243782961,0.4547060225492208,-0.2539581724871806,0.13090090407054925,-0.024388695966395466,-0.036042590213987695,0.016763832282479758,0.0018471852950536726,-0.052905119889038066,0.16866524298114516,-0.10028101587464988,12,416.5833333333333
2015-01-31,-0.22231869020963133,0.2518544949899451,0.11639797075121738,-0.20824517147459262,0.08592477001626612,0.034249986267540146,-0.06403631940536332,0.03251648990902411,-0.0698104667258689,-0.006760759505672255,0.15454414122590013,-0.08729576886191431,12,417.3333333333333
2015-02-28,-0.23510226413743007,0.1945305921019933,0.18833987924267537,-0.19835514533081877,0.02117181730587786,0.11104136519090857,-0.10979709595420224,0.04182629237799227,-0.0439498665318537,0.013521830031851319,0.08229366504158715,-0.048837081131595406,12,418.0
2015-03-31,-0.33843907681808094,0.3591985274158744,0.17241892367672254,-0.28826050685811433,0.1054772562736237,0.06735786765665402,-0.07808849440871826,0.012149662934402228,-0.06258132072043689,0.07223596108569998,0.06557264185264584,-0.07400040304195347,12,418.75
2015-04-30,-0.35503757298869076,0.5050766762992293,-0.07196911094394653,-0.15796563434422906,0.07886494150596934,0.09615181873781535,-0.1405218795717248,0.050301951128361444,-0.01750161678251409,-0.0026156163528779455,0.14197049114692098,-0.11582610537989023,12,419.75
2015-05-31,-0.3845732002887425,0.5842686332555231,-0.16206747682227465,-0.12645587902567598,0.11222097214115351,0.07672518833444138,-0.11835396168613037,0.01772312856620978,-0.010916865868047554,0.02632029981705003,0.0757203915264058,-0.08080975840559099,12,420.6666666666667
2015-06-30,-0.355966229446415,0.561745380888293,-0.29429708518538017,0.0406393095131005,0.05265326598036466,0.1383157330095761,-0.17371876866341474,0.019379976706664317,-0.018487145933869038,0.06422154265470757,0.09136381402426745,-0.12252898281155385,12,421.5833333333333
2015-07-31,-0.23963383270293617,0.5922370083766576,-0.5660022886645274,0.2519262648000047,-0.0452170306030212,0.13587689183552074,-0.14995877160981716,0.03208542068763939,-0.05619857379003466,0.08648429312220607,0.14206230159694488,-0.18106297371736524,12,422.4166666666667
2015-08-31,-0.16944910820236192,0.45516272983542877,-0.45325534951748886,0.16898460588825615,0.013905521557955096,0.09062848617501802,-0.13560243321346357,0.04415782745772895,-0.07266358777291256,0.10157805980578409,0.10088512376974779,-0.14938035279410913,12,423.0833333333333
2015-09-30,-0.07832359363475867,0.29771265343779296,-0.4164034057642199,0.2565019484704956,-0.03483893317451737,0.05414427373518987,-0.10997680736441989,0.06168385997795379,-0.08024062946243975,0.09668725565677812,0.06337966629034823,-0.11332405939495373,12,423.75
2015-10-31,-0.12526617462441272,0.38451181360019326,-0.5812425186208511,0.48340350019350486,-0.1693659531752626,0.10115971124611119,-0.1163861955976198,0.05332389761638523,-0.09269272443507466,0.1282316691127421,-8.305685859274121e-05,-0.06489728771863064,12,424.4166666666667
2015-11-30,-0.19091569023885346,0.5494809284512191,-0.6858606124735807,0.4614433382706747,-0.15586680318561394,0.07972390255781532,-0.06594336254301332,0.048308726787165884,-0.11891572293741114,0.15294163418893733,-0.020091298059724396,-0.05503145321460148,12,425.1666666666667
2015-12-31,-0.20231087574810058,0.43383716129448263,-0.4953199989039538,0.41113174081397336,-0.201013199668704,0.1208190086906672,-0.05669459894516718,0.05286611691983286,-0.14507682147592113,0.1504042024815808,-0.020787061351886443,-0.05104702426007468,12,425.8333333333333
2016-01-31,-0.12926285850185895,0.1504683948831894,-0.24112967893990558,0.4020653987329242,-0.2468710370864451,0.09140355148519413,0.01311295587123465,-0.0067229163344782504,-0.07060719446012566,0.06798591388366408,0.012258701211618392,-0.04494045055222697,12,426.4166666666667
2016-02-29,-0.17779937430451268,0.254763118833456,-0.3066297617818812,0.4270962234295245,-0.2157817148930682,0.027462725429898735,0.027505017818175465,0.012438501065998317,-0.12957889351700091,0.11640685557183006,0.00770867139544687,-0.045976152718770834,12,427.0
2016-03-31,-0.11278307956031401,0.1715045483881764,-0.2871524162817037,0.40409945534102903,-0.21651052958174352,0.049987933101859255,0.02631238787320826,0.02282336709227291,-0.1405764118085999,0.1173057600447102,-0.01965347834401923,-0.007614083082189142,12,427.5833333333333
2016-04-30,-0.17678724382884767,0.14511688526347058,-0.162508036682912,0.401062051071259,-0.2285216808231655,-0.00897452377805639,0.09452542064822804,0.01816238150160099,-0.23642485676160307,0.2702942030371976,-0.19324273887595309,0.08806593309844757,12,427.9166666666667
2016-05-31,-0.16232176997446818,0.03199094187741989,-0.022896727308430693,0.314346005873498,-0.15556195911707973,-0.05583722872206668,0.08316746772142483,0.048114597964416646,-0.2530199857461571,0.29168235706553763,-0.1758110978377813,0.0685661288661376,12,428.3333333333333
2016-06-30,-0.15485282248569526,0.28868086859780906,-0.33618332171210935,0.2849493674561759,-0.037734920148696977,-0.1704367015363881,0.2009834795390735,-0.003398459447026797,-0.20575525853626955,0.2689644126621779,-0.25197938883361737,0.13658328929466834,12,428.8333333333333
2016-07-31,-0.1425781054545381,0.20759393192017636,-0.2551521496511818,0.2388349360377168,0.006147200735601152,-0.16153640537117356,0.1841738451745669,-0.0466615767026645,-0.10997035584315644,0.17057285500854288,-0.24225827579190898,0.1735498023768409,12,429.4166666666667
2016-08-31,-0.17390824369148836,0.21877279493026666,-0.29430860993763613,0.3998561180430804,-0.1496114594437792,-0.05792221424636664,0.11605966671951819,-0.046830998934153635,-0.06641757858642366,0.11329699859271221,-0.14876921930063056,0.11721366637653657,12,430.0833333333333
2016-09-30,-0.29613273691571745,0.43294093574337306,-0.37337668613430536,0.36591465167961856,-0.13711725067814443,-0.056814037313404654,0.1355205706752627,-0.06668658594641746,-0.10200447452209706,0.19992289291977305,-0.16853495537425955,0.09235818203304398,12,430.75
2016-10-31,-0.26189455053032806,0.4356162274684392,-0.40391735701505266,0.3375551174301324,-0.0836496813207207,-0.11060539231811019,0.1386052368455906,-0.04071609944895592,-0.08447990944090854,0.11565625959740121,-0.09009051948344425,0.0676821221016314,12,431.4166666666667
2016-11-30,-0.2533725236926508,0.39323089315183823,-0.3431443003055364,0.2596269754497415,0.019308973205438174,-0.17390743756099966,0.16975468767782317,-0.09893942045455373,-0.01453409537527787,0.023794164911850824,-0.0009227992224882797,0.04269472441893086,12,432.1666666666667
2016-12-31,-0.2569327943810627,0.6151404587168056,-0.6679131005803202,0.4007614606499019,-0.00912678904466333,-0.18682090579254307,0.15690891005836957,-0.07688752808274096,-0.02040043758513054,0.058110881410284095,-0.04869297130192324,0.06301670991981849,12,432.8333333333333
2017-01-31,-0.5695912629268779,0.9765689366240743,-0.5899641270659339,0.12933408639853686,0.12611467970648751,-0.16675966357193228,0.13083991563292577,-0.05241456114471124,-0.056831546806588196,0.13925299141356437,-0.07800001913804709,0.040187860246628675,12,433.5833333333333
2017-02-28,-0.5805638326229029,0.9760786672200251,-0.5403769433862017,-0.012751093861343729,0.2600068165225506,-0.20001958119091579,0.14117502323493097,-0.052096917740794745,-0.055434814883548844,0.1276833892528554,-0.040973331636034525,0.00518522599326596,12,434.5
2017-03-31,-0.5979576884308316,0.9804655284649568,-0.5230338331622331,-0.02284830320294599,0.2966570726356262,-0.25035661341512055,0.1543537857557373,-0.0450568051291517,-0.03926400413891586,0.07022067912254827,0.04162473615571172,-0.045666897286875556,12,435.3333333333333
2017-04-30,-0.5069842352974956,0.96506978192363,-0.6210142765186151,0.006477232810843091,0.3194186366130237,-0.25831878982388545,0.14231152913444706,-0.05894328920028691,0.01730585298515257,-0.037572970963304274,0.18620096568828728,-0.13865636724619115,12,436.1666666666667
2017-05-31,-0.5109045682499689,1.134825971338981,-0.8493256550442907,0.19805133600543204,0.15278577792134088,-0.1838239799020068,0.11385974049582594,-0.08147874728622086,0.05875091752202762,-0.09232281490107304,0.23522805205749778,-0.16128153777863666,12,437.0
2017-06-30,-0.5188950909391546,0.8311806477115837,-0.3900159860057942,-0.024152238874609638,0.20441546675976832,-0.13150214901494006,0.047913745640671856,-0.030962258927367908,0.023884809388012365,-0.06469897226027947,0.22731003858690466,-0.1627032401849738,12,437.75
2017-07-31,-0.5535076776128375,0.7130910636433666,-0.056459399490799,-0.2696808107791943,0.2693787781157186,-0.14927449165990936,0.08813694795676107,-0.04356843073401114,0.003640040377601903,-0.03978230161829767,0.1837866911615591,-0.13341933426579894,12,438.5833333333333
2017-08-31,-0.5443481775291278,0.6274783099190527,0.09769809248572413,-0.41709313018392885,0.39149419007756925,-0.21585122929925496,0.13975049537266912,-0.08318192495998712,0.0165766226247809,-0.06529500951524043,0.2074578192370812,-0.14389349853232783,12,439.3333333333333
2017-09-30,-0.45511262811619546,0.5512596619347957,0.1277238525799709,-0.5385908154945078,0.4603891794915856,-0.18355746566100764,0.08510468201979438,-0.03931776486767554,0.047210677312278015,-0.13200529892213678,0.1948902338023785,-0.10388114751765122,12,440.0833333333333
2017-10-31,-0.4608867220559389,0.552146394174413,0.15242323161428348,-0.518019447497808,0.40210033158911357,-0.12445847092356954,0.07642917531626871,-0.07415363674584241,0.041614004459571086,-0.08100373039312815,0.13784415142793252,-0.08901488549596576,12,440.8333333333333
2017-11-30,-0.5104832329226108,0.6088051918669256,0.08516294559500985,-0.3898535821843369,0.2887629056223682,-0.05687321209716988,0.016468881056328922,-0.01777731377736497,-0.005720094167789222,0.03036505775923422,0.016819241255433878,-0.05071009197213076,12,441.5
2017-12-31,-0.46094617505832036,0.41804029406755266,0.27405889411794676,-0.4255252569739494,0.25937020260000193,-0.018013009769977394,-0.0203968642134261,-0.0027671636694642002,-0.012328465296311283,0.021135916292128142,0.017905356103380163,-0.035750043998178015,12,442.3333333333333
2018-01-31,-0.3681609550626917,0.17659680133635958,0.3892152027091975,-0.28432154747045785,0.1745813717276891,-0.03367930212494105,-0.03659483319419657,0.026555498746123025,-0.0013942550127465057,-0.040171099339579235,0.05377087720386043,-0.04203478770711768,12,443.0833333333333
2018-02-28,-0.3326366876145159,0.2453387213552001,0.22947688778084654,-0.1042586123758034,-0.016133569589402475,0.0600766854145136,-0.07233497774272578,0.03525145650360311,0.018647348830180658,-0.1352341572670673,0.16363892764545046,-0.08546465291719041,12,443.6666666666667
2018-03-31,-0.242481498864106,0.09066875699155463,0.25063299859925076,0.02270682866694643,-0.1347175827012751,0.09537988391081827,-0.06689553324106474,0.017521262661123183,0.022070879376936317,-0.08514984904030876,0.07614728825138639,-0.03734341654734371,12,444.25
2018-04-30,-0.21270438423533033,-0.08984743700510071,0.46761759974999,-0.04343596924154735,-0.16579246697820002,0.13963593716151426,-0.073056834159801,-0.0022373313514069634,0.020027258986448127,-0.06627037081611485,0.038607763368023094,-0.0014722166280059419,12,444.9166666666667
2018-05-31,-0.2275116741994474,-0.00980284176223295,0.3304039035262451,-0.05598443109542032,-0.07046688009727252,0.11528042177792741,-0.05496748114138172,0.0010009381697859536,0.020340635836845342,-0.09000711532370555,0.02737739869804358,0.025535248212684183,12,445.5833333333333
2018-06-30,-0.2565108618557702,0.3301113408298506,-0.010669071588606896,-0.012657223517752966,-0.07411119915065606,0.10176448079023907,-0.04396792245602369,-0.02440907984032328,0.04034542670892885,-0.12412032791899591,0.10997376307067284,-0.023701763858840763,12,446.3333333333333
2018-07-31,-0.15985335322531483,0.2234281311320132,-0.041302073824903474,0.01903238953043408,-0.06425601831371029,0.09710051531282043,-0.06672402461252012,0.0023545086025134753,0.03613191027487218,-0.10126867297586073,0.10227674318809395,-0.03387673316562614,12,446.8333333333333
2018-08-31,-0.23464972762447225,0.2731374491155019,-0.01707949218521519,0.004808758821246544,-0.021534910534576596,0.08321798643401737,-0.07208796879306982,-0.006105280835829267,0.04642760547990012,-0.1265296770971784,0.1287591330191913,-0.041966594733259165,12,447.4166666666667
2018-09-30,-0.27324805882557085,0.36811773973931095,-0.12290199505499015,0.13990745176095765,-0.09204743072860451,0.07093108217450836,-0.044663021036398964,-0.056969435964700284,0.0498601298785955,-0.09399000389965338,0.1256805118849902,-0.057107647399560146,12,448.0
2018-10-31,-0.22267832504732463,0.203560330585433,-0.037150648337569626,0.10616239377374899,-0.1013945463437979,0.1694924159663267,-0.10122173284969767,-0.0463388519272912,0.04882407613508754,-0.12968885477011358,0.22108292276930028,-0.1022674775845938,12,448.6666666666667
2018-11-30,-0.22371813317632339,0.2589420900564164,-0.11585274396239804,0.14171102847954467,-0.14498614688763223,0.21503211422360802,-0.12384462607900781,-0.03301332965004935,0.09048038340108859,-0.21836129267830548,0.271571261110421,-0.11177017503166654,12,449.3333333333333
2018-12-31,-0.2388721364235502,0.21217103120579117,-0.06256702376065655,0.13415953996695468,-0.12521331789374332,0.18129976004241852,-0.07661463975773747,-0.0561433162222787,0.1063199753386914,-0.2835523981412551,0.38694903064851344,-0.1800738935484679,12,449.8333333333333
2019-01-31,-0.06343772954873132,0.2922128083372412,-0.3429439254859203,0.02549816865239798,0.03982596360933569,0.12663658615285636,-0.06975342537557926,-0.05305906325423351,0.0948285104108107,-0.21252995526262783,0.3122347212505581,-0.1503564059164506,12,450.3333333333333
2019-02-28,-0.05387213798102005,0.16212520056714344,-0.16723851606297804,-0.10250437035891312,0.13522010864592274,0.09615689291677974,-0.06598667434919049,-0.04092226558280338,0.06741908570415127,-0.1357760538403647,0.22775283239725727,-0.1139802926288583,12,450.8333333333333
2019-03-31,-0.16129983815924367,0.358582310541445,-0.2800154694862908,-0.060798450792679155,0.11509017071896244,0.13171633372226066,-0.11725340536299002,-0.007289783740141891,0.06193370085473021,-0.20596707936729786,0.3513569859621042,-0.1785596960032313,12,451.3333333333333
2019-04-30,-0.1485672908060491,0.4874411207332807,-0.5232195983283408,-0.0007974345568427325,0.1962608370995901,0.08340627884490039,-0.12494531309517794,0.011853516131908192,0.060412551942160254,-0.1776886339532676,0.3382183262280695,-0.19585066497621995,12,451.8333333333333
2019-05-31,-0.09209150762193086,0.3240904912612929,-0.21807581356545083,-0.23147654587546798,0.20350582697523353,0.06344845230412899,-0.06574721720486336,0.01336452145259113,0.017257068623434714,-0.16237278861485546,0.37498368477854566,-0.22404966452579736,12,452.25
2019-06-30,-0.08057143975928664,0.1409827865506424,0.0025479522584538894,-0.31887882554286223,0.23318666704704905,0.09676860886290829,-0.10387284964130183,0.050600394468067,-0.0049043209104891045,-0.13426961300499252,0.32717613240872073,-0.20335096611363615,12,452.5833333333333
2019-07-31,-0.18423585344398433,0.41985797798274094,-0.24538090294772333,-0.20300770234263363,0.19883768037741112,0.08905195028092773,-0.08795330608886953,0.03168245119866269,-0.011838536370247328,-0.10831647401153914,0.2964513209936505,-0.19129645067288245,12,453.0
2019-08-31,-0.13920895263334024,0.5754544777256648,-0.47118265650661173,-0.18377372321039784,0.1784601786385722,0.12706073827794548,-0.1220118335319994,0.08323736026905097,-0.06641794396257183,-0.030987610089157427,0.1808894524483952,-0.13189380054951355,12,453.5
2019-09-30,-0.20885258851568053,0.9771664715648892,-0.7812159293424482,-0.2802874958815697,0.23438483912663974,0.12279398377869609,-0.11062515532042287,0.09705675340150233,-0.08691004093958553,0.0021319549039430417,0.16283126305501053,-0.12690427317803288,12,454.0
2019-10-31,-0.25604339339599563,0.9929254610797785,-0.6944494716320144,-0.343365378730863,0.3279129852573194,-0.011502883950447856,-0.07860160172295615,0.1391497552348594,-0.10872545632976865,0.07596159951900207,0.05254464820184577,-0.08933670321569659,12,454.4166666666667
2019-11-30,-0.21463131779718392,0.9520007188054002,-0.6572731153759485,-0.37722084645317017,0.35159831259372826,-0.09611971636998538,0.023965446271492042,0.08002169178934371,-0.10725786442148962,0.11700619802842549,0.01695248538955296,-0.08282403358498548,12,454.8333333333333
2019-12-31,-0.29709979606689996,1.1494289647373088,-0.8285322225014206,-0.34643407539971066,0.3954050581593351,-0.13066200226324096,0.05243517585542521,0.05791511513203088,-0.10447066922494837,0.15881563667030096,-0.005726383773675191,-0.08625272964552655,12,455.3333333333333
2020-01-31,-0.44574059421229517,1.301188422778861,-0.6637750514032514,-0.5566076964062528,0.47384872220632324,-0.19466295785687981,0.09677951041561932,0.04637454390198284,-0.09051640100887788,0.0884924529906545,0.0787626689665455,-0.12249957239041942,12,456.0
2020-02-29,-0.4228843060634277,1.2010957128096649,-0.5626996787856412,-0.5285353165701917,0.40815769278298136,-0.16680792309391881,0.07993020351819384,0.02265095677213026,-0.06392490545370404,0.08680878370200672,0.042580164460978155,-0.09431134321745671,12,456.6666666666667
2020-03-31,-0.518033826816536,1.7679031929533338,-0.9760095726528203,-0.5804214584746289,0.40404304862654633,-0.16954298919709984,0.09219567542399577,-0.003065871386174442,-0.03655372802260635,0.13179539873153914,-0.10859999935245156,-0.005046937386427965,12,457.3333333333333
2020-04-30,-0.5384622108008389,1.670209362942665,-0.8297145419196209,-0.584119842984699,0.3549957389463963,-0.13989657304369063,0.11283697267595322,-0.019805678624852264,-0.0656547534008302,0.18456074825311944,-0.18094250711422113,0.042524799904620374,12,457.75
2020-05-31,-0.5702604153309054,1.59312226466864,-0.7458178823489113,-0.48324353105529844,0.2773434487669138,-0.09230969043619108,0.04953356606468521,-0.004088546122680355,-0.06625559826348736,0.23217444294741743,-0.23257550255775802,0.05674825503931424,12,458.3333333333333
2020-06-30,-0.5433311409476048,1.4313087732546004,-0.6373264790749671,-0.3593515028782168,0.1808903031075334,-0.12717675166700695,0.10116863535346728,-0.02962369835306396,-0.0586251610169169,0.2187636337005601,-0.21503974406309936,0.047828255881647526,12,458.9166666666667
2020-07-31,-0.4600918412177064,1.3605024028594677,-0.6516120372264357,-0.2892481785260341,0.09871758665219295,-0.09891203198771921,0.1001576196915197,-0.03896317080077818,-0.05486524398940281,0.18951707712657948,-0.16863789701592632,0.027570142985342595,12,459.5
2020-08-31,-0.47266220128816056,1.3079256038235274,-0.6075622449939228,-0.31445013253213033,0.19586643017317087,-0.15720700472735782,0.08762557207407017,-0.03436466568917769,-0.03167449028225688,0.1500808128995073,-0.09124670484094426,-0.015466769295090414,12,459.9166666666667
2020-09-30,-0.39681712511914585,0.7886200765947772,-0.1947883204405146,-0.22184077623101775,0.13811584157291654,-0.15623982396278893,0.09249278189670222,-0.04821920885951131,0.022553637814632377,0.03399439395606665,0.0002776113637873445,-0.04495649009824809,12,460.3333333333333
2020-10-31,-0.36197470463504183,0.8040636686276316,-0.20652375692160885,-0.1862870735196763,0.010027452368648946,-0.06589311947905316,0.07382078448489433,-0.0831395909313881,0.07248513267996606,-0.07840686908370066,0.08983943335217841,-0.05652187619595394,12,460.9166666666667
2020-11-30,-0.310470557281717,0.7758187415516208,-0.4088390091097564,-0.024091430696467353,0.02912950651061989,-0.047050573011825324,0.05908183470523682,-0.09422438394328177,0.06020069486076294,-0.08973798528109157,0.14506240878281063,-0.07736355198916793,12,461.4166666666667
2020-12-31,-0.28590240707290754,0.8472065312185325,-0.48956866443276564,0.019111796929107482,-0.022253440125509023,-0.056482160677590716,0.06280250703024891,-0.08147606539353647,0.049942716759211865,-0.09481097579922444,0.13930390889878327,-0.07101561953788332,12,461.8333333333333
2021-01-31,-0.14889889443259377,0.40450197726318987,-0.3066261949068978,0.2168775791004459,-0.15835887208186614,0.0803209024491076,-0.03811079312775539,-0.04697593859417456,-0.0036807701197962748,-0.017148267159654035,0.08549108679848379,-0.04978133992921562,12,462.0833333333333
2021-02-28,-0.22441997314900133,0.6382652952952217,-0.6688886128366104,0.4290810957805468,-0.15099555145052093,0.08229243067326326,-0.024917014665355258,-0.09874555427601983,0.0460669748560252,-0.11917765680129107,0.2324449833161232,-0.1183704629853556,12,462.4166666666667
2021-03-31,-0.15997190899986935,0.11637866867595181,-0.2229463915162939,0.34552382671938703,-0.03560828868431687,0.014829557614981392,0.031030120290000764,-0.11203628685460933,0.04993137685076978,-0.1524112438788416,0.324639411745831,-0.16750795625154968,12,462.75
2021-04-30,-0.18455382731845382,0.18916149229390924,-0.22498404751752854,0.25154811887877565,0.025542768154945383,-0.023360910502731546,0.057224509081980734,-0.11176567793136856,0.08222614855626913,-0.23310252101258364,0.40406534574024006,-0.20583569056243353,12,463.25
2021-05-31,-0.2376140038077835,0.2959611576451802,-0.3340699452110168,0.27396543507150795,0.08053086004499956,-0.03715123960396241,0.04016883426988465,-0.11912986370156396,0.10335976896610477,-0.24588853047066442,0.3770224224986432,-0.17422856902928155,12,463.6666666666667
2021-06-30,-0.19961523584811713,0.2211651392836663,-0.21818553637861005,0.1928943679426879,0.07801261921798235,-0.05782031305658756,0.052344462063930675,-0.10053402169935087,0.12991350607122495,-0.3519438536178339,0.5107665842478019,-0.2329709637480354,12,464.1666666666667
2021-07-31,-0.3330982386152956,0.33971254744890067,-0.22134241267312857,0.2166610695542519,0.06540992671228417,-0.023818093755029874,-0.009658555109827285,-0.05606914259525903,0.11622690997379913,-0.32821764519156077,0.48955131855253287,-0.23667362879851506,12,464.6666666666667
2021-08-31,-0.3107897940683662,0.3596035166079263,-0.25177753819976845,0.250397613113116,-0.021272900688772328,0.006011351181858332,0.023353408027486783,-0.07567816180339088,0.10102120963195299,-0.2656724614776169,0.3925378777379493,-0.18899876714273578,12,465.1666666666667
2021-09-30,-0.2650335023066944,0.34519910749484867,-0.255319912703161,0.18189232697499416,-0.006058622855087297,0.026096892005676057,0.03361132549339647,-0.07470191686394163,0.05285323937068039,-0.22005277656757916,0.3813285589189652,-0.18198469085015487,12,465.6666666666667
2021-10-31,-0.20101012468265958,0.3386640713117101,-0.30678275148728784,0.13162438923006467,0.08348336960366061,-0.03481701319575468,0.08252102545432924,-0.09032067100079903,0.06323387024922895,-0.24729273286552236,0.3840686545896254,-0.18064483592439337,12,466.0
2021-11-30,-0.22283784115674685,0.3751346477605855,-0.19583473028169074,0.01906819922729717,0.05816402902800438,0.0033535279759240913,0.0096575075654452,-0.02454457431221126,0.05107302088910994,-0.21474954191969456,0.2970678299861673,-0.14265067658350342,12,466.4166666666667
2021-12-31,-0.13471879726981428,0.04297869271505431,0.13834422822221148,-0.09802875114848093,0.08080389369389666,0.008081512415091363,0.0038128976096942816,-0.029884831325038348,0.06689604409957257,-0.21503390933789238,0.28703370219036545,-0.13104591152412545,12,466.8333333333333
2022-01-31,-0.08234535602232235,0.10677680185152522,-0.07850198980698876,0.006396136973557971,0.05145573273012261,0.042781429710862656,-0.03376095807658345,-0.015501248219325395,0.06420135823023075,-0.19833515280050393,0.2545548200798051,-0.09802011720841573,12,467.25
2022-02-28,-0.025080313422993352,-0.06520093384079718,0.18805881104133215,-0.14970303932061788,0.08808476930426651,-0.039545655933884045,0.006778883889174581,0.0385590332788834,-0.0022668251569486083,-0.118115512603315,0.13485913618125087,-0.0370595859813141,12,467.5833333333333
2022-03-31,-0.04030654534302123,-0.05875830165191851,0.26273852397898295,-0.210845688341854,0.08618668887086962,-0.01727420394865573,-0.006030780801821405,0.0368894712536992,-0.028034613014817286,-0.10222538198938086,0.13007528090367237,-0.03610676296086793,12,467.9166666666667
2022-04-30,0.041547377730578525,-0.0972567685386962,0.18687769116139033,-0.20189213633755088,0.08495538261275744,0.043669977467183964,-0.051320938078317245,0.0382030257934903,-0.06155572681824606,-0.06740844477786363,0.12430470355024471,-0.027468944123660865,12,468.25
2022-05-31,0.055306634846210505,0.022775810167818027,-0.047987797390044884,-0.05516251816191107,0.002236904196401296,0.0436569143376053,0.006905171175922782,0.03081365936274759,-0.10266446875296771,0.004515841112516859,0.05440366159030957,-0.0022443175142369217,12,468.5
2022-06-30,0.03066278241042511,0.043746843766469055,-0.10099662641103331,-0.046050056225223644,0.04268657551576876,0.09185109649306834,-0.0465068843992981,0.04447413178378511,-0.18237278734890908,0.14896670972499285,-0.042993896134078335,0.024126548196611242,12,468.75
2022-07-31,0.1058227544462804,-0.28636478222560985,0.29841729754930674,-0.32105949808486706,0.19274343635252258,0.04927800429219711,-0.02797254107011816,0.05739067274263115,-0.1825467864081807,0.13096915081070146,-0.03995177869147006,0.03129320220733825,12,468.9166666666667
2022-08-31,0.1739874856087433,-0.5351427470424823,0.5530911270045618,-0.4183720088608909,0.1812386047042568,0.07157668548910569,-0.027728271690209194,0.0565333226728986,-0.1608639183204461,0.09941168227652163,-0.01442121286609988,0.0261412367538095,12,469.1666666666667
2022-09-30,0.2660192400451909,-0.577421138637261,0.46790384509820226,-0.3459988243768713,0.15992375907256115,0.07263975409401295,-0.04851667413655575,0.05434771712066367,-0.14647527716014028,0.12328714879349102,-0.07113360871416771,0.04987203838406524,12,469.4166666666667
2022-10-31,0.15527904649643748,-0.23590706681256088,0.07319242590743391,-0.13235647316324473,0.11582709967056158,0.051357848235640415,-0.037506090148378406,0.048501853770386245,-0.162783166110931,0.20263664470981738,-0.16774232460043983,0.09740667451194278,12,469.75
2022-11-30,0.1652430346148874,-0.3843272275949711,0.32803021442547975,-0.3196660165565494,0.20814313063135262,-0.008029933360646673,0.03241417117289231,0.02569393396968585,-0.16850340918874676,0.19878093046991654,-0.16933875969019277,0.10656259838580724,12,470.0
2022-12-31,0.05120040434729304,-0.00945739069524095,-0.025779499205861905,-0.20326775996793742,0.1787062905545536,0.013881329490168301,0.0048075668201331976,0.04566262751101218,-0.1877056628004015,0.19571802743284406,-0.1555108050070306,0.0958906789353756,12,470.3333333333333
2023-01-31,0.1844643719190809,-0.20724537542367738,0.15440877288284086,-0.41189902852670573,0.28971800670158526,-0.022388693301981177,0.04506441553888154,0.0019133503828486279,-0.11410109848093997,0.17307952824931083,-0.1794974870849625,0.09019210772653141,12,470.6666666666667
2023-02-28,0.19552750728563126,-0.15782512254680764,0.15800542205784077,-0.5053326147448406,0.27985170485822314,0.025673360503549358,0.030810019450528903,-0.006274941541855224,-0.10886412682364376,0.20315435331430617,-0.2017877844554714,0.0882354209356932,12,471.0833333333333
2023-03-31,0.25019448838276764,-0.3618726994949691,0.22654550779823093,-0.34904984771658304,0.18398568324309583,0.08844053649225185,-0.037088789175319145,0.013620762971671974,-0.09183506422814303,0.14660160029997454,-0.10896198471367378,0.03784084294932586,12,471.5833333333333
2023-04-30,0.20324665436582245,-0.5596387998239499,0.5194794627513858,-0.3289938113618582,0.13424496975947797,0.04423701811169855,-0.013993699657318776,0.01899844787108014,-0.055752079367772565,0.07747666824463378,-0.07248670638482187,0.03580599549575037,12,472.25
2023-05-31,0.19465176919636526,-0.3681212183720269,0.22619646063284682,-0.2904112610789858,0.2488644377807948,0.07082736469418174,-0.10586038122437695,0.021952015914848355,-0.015616695318273298,0.03363433627509679,-0.024987500685842958,0.007046585461453367,12,473.0
2023-06-30,0.09297560014895188,-0.010347740353454352,-0.08920033808263524,-0.20057070744668823,0.26805170905521947,0.017415296759046444,-0.06973622470658541,-0.019180357755508578,0.030441684115892584,0.04059125695164719,-0.12611791622619065,0.07096608517295123,12,473.9166666666667
2023-07-31,0.08899833514560018,0.15669980070897446,-0.30174508045375764,-0.18832499939328554,0.33355468286077655,-0.03944953345871705,-0.03515357888945043,-0.039048470537071604,0.01885714072476311,0.06894526736916289,-0.12237184511925658,0.06578473809211914,12,474.8333333333333
2023-08-31,0.09494056658726818,0.1836161023334311,-0.37693469274617114,-0.10634135368237291,0.2912615402025126,-0.016052045175124863,-0.05698197590827775,-0.02337199991693407,0.004729604663760615,0.04747010309321988,-0.0637396648035872,0.02806156446735102,12,475.6666666666667
2023-09-30,0.07358255377322291,-0.017009388108868206,-0.13749032982034234,-0.1292099422162793,0.3235015097501884,-0.0472046684922219,-0.055012014469660246,-0.025937550155509286,0.025731159747243302,0.03229124738779268,-0.049938617242287486,0.014926677565604939,12,476.5
2023-10-31,0.10961924236263172,-0.42643905995545134,0.38291962356934156,-0.3116459545532005,0.36070944488778184,-0.06918394692996994,-0.05378234091712769,-0.009638977382205486,0.0383878679640311,-0.0214887187095593,0.02259401236929742,-0.02137234512762722,12,477.3333333333333
2023-11-30,0.09900405393845886,-0.20280642370730625,0.06054746082041559,-0.18083259976809807,0.349700803482198,-0.10714332210741036,-0.017282857736546576,-0.015481594962054946,0.01234402200201344,-0.0031757168537339953,0.06632893781197195,-0.06070273143306441,12,478.1666666666667
2023-12-31,0.18747976912804995,-0.3629528298905735,0.009125661646585459,-0.028247156576908867,0.31662890437761254,-0.16456587326559372,0.07013446974836347,-0.031811759094668955,-0.019430039813216622,0.0729650128890974,-0.02290776196435811,-0.020579935257477134,12,478.9166666666667
2024-01-31,0.05334631024546157,-0.16464270753424934,-0.14665111871427672,0.18955763082212562,0.17791570981561847,-0.12546428810581686,0.0713750124132945,-0.0225331784253846,-0.058850217434862497,0.05203619484680174,0.006702830505899533,-0.026250508845966986,12,479.6666666666667
2024-02-29,-0.004306010018035151,0.07710019661771567,-0.4303137283086333,0.34970266308142234,0.14402105848765578,-0.15122852648925583,0.06982018365683197,0.0034263689368789507,-0.07052056652212622,-0.012843439851625843,0.12715931461679786,-0.09121763787159583,12,480.3333333333333
2024-03-31,0.027540021630664213,0.159884887805276,-0.5090692348913576,0.28636920520602577,0.1695113710639774,-0.17691440488941515,0.10559004796095878,-0.010303726094273812,-0.06288965125251467,0.028235722835372165,0.0656499343717806,-0.07184596123242852,12,480.9166666666667
2024-04-30,0.03218616390569574,0.43852998805676857,-0.8366805217727104,0.3939794255965521,0.1099062280446934,-0.18574361481361448,0.09416988573871697,0.0036856512121144227,-0.08621517083025727,0.09446531796031497,0.006483626048302854,-0.06076356852467199,12,481.5
2024-05-31,0.0851861144466206,0.15564476795213478,-0.38973121702675795,0.1681746121115385,0.13995767351921606,-0.28187228670521586,0.17533006419219968,0.012981705907363724,-0.08677680574803875,0.06369286119758996,0.037902563063947625,-0.07040812631457252,12,482.0
2024-06-30,0.13118373261215746,0.059703542905007366,-0.44080279164602915,0.35772856689493215,0.008576351589929207,-0.25137180244614993,0.1586596760977955,0.07436414640526633,-0.11378807384528355,0.0062870563958780335,0.11509184091559788,-0.09922950836801775,12,482.25
2024-07-31,0.2289576496657332,-0.17693671457594298,-0.3397117230959994,0.4517117136562228,-0.11519619776219063,-0.1477787661306534,0.09876770482493498,0.12249516321320852,-0.142835058392632,0.0014218513543973927,0.12333797311355797,-0.0954957718391425,12,482.5
2024-08-31,0.12317169582707467,0.008250565357772022,-0.475534405211856,0.5403536884111891,-0.12923129784609286,-0.1577905950408376,0.08846501648651701,0.1328784865793179,-0.1534045243807193,0.03653348219336882,0.047822478964705116,-0.04764057802825509,12,482.75
2024-09-30,0.14271593689798442,-0.00011360205862720463,-0.4400022678285705,0.5172815539988517,-0.15661839638321226,-0.1741454664392732,0.13317730091872498,0.10233773309035661,-0.13355835410278358,0.024663832671078384,0.022227160555883193,-0.019802104048050023,12,483.0
2024-10-31,0.16509356049907373,0.00785248403369306,-0.5102673803363117,0.623163764920248,-0.23795984973408676,-0.13555452255291303,0.11725755935542574,0.0983771260717155,-0.16829359565444243,0.0908669466189876,-0.03170242792668621,-0.002685737730054469,12,483.25
2024-11-30,0.19722473666621185,-0.2889602109169744,-0.1185571909290571,0.5377380319887232,-0.22754444745182043,-0.12360326969859964,0.017269689241169405,0.1393801634247247,-0.15369672875530058,0.057826199632192175,-0.03691096945792952,0.01574260620448855,12,483.5
2024-12-31,0.1796088554981651,-0.3034830727360599,0.01922503857467685,0.35664808749021987,-0.15980472390117836,-0.047895333192864674,-0.08455165549244244,0.15211917253064222,-0.09970627755030981,-0.010330326090843917,-0.0020751032808968522,0.009348618628263207,12,483.9166666666667
2025-01-31,-0.018824134615064585,0.09045501574491033,-0.04297323775944321,0.1657748960483237,-0.07870523853545046,-0.0974533129469144,-0.057655560443297726,0.13891810409822253,-0.08179583631055354,-0.04328990828562953,0.05007104033081727,-0.01571318767920001,12,484.4166666666667
2025-02-28,0.06824406360164026,-0.2723960008871868,0.3396787777011779,-0.036827241547072655,-0.004030305906127847,-0.08176219698180752,-0.06613403990544335,0.13494747918070563,-0.06812273140536702,-0.02334731781192521,0.011922394603350409,0.006132441305066544,12,484.9166666666667
2025-03-31,0.08630600410524808,-0.3134053067765339,0.3889421325567819,-0.08744034524666493,0.0449693390016229,-0.13982092085948253,-0.052267684936903064,0.16271632537390432,-0.09709253267083823,-0.017316599054184926,0.016245206685275265,0.011562835472860513,12,485.5
2025-04-30,-0.07333801457328115,-0.1053364658231628,0.30125992604683866,-0.047720314812502364,0.01713436339446084,-0.08532792283261381,-0.06747748673016242,0.16394244271144973,-0.09473141215647153,-0.025068215366938134,0.013008583878097632,0.007835180176649872,12,485.9166666666667
2025-05-31,-0.12081573898550856,-0.21100977248014355,0.5432077033320686,-0.04928988407817897,-0.12492747112978254,-0.03144397658490723,-0.041951884996625034,0.13218670528899323,-0.09839399971609498,-0.001102212537856577,-0.016702792679206935,0.022308777631607407,12,486.5
2025-06-30,-0.18155633557839979,-0.1895496569577596,0.739036482845906,-0.301949982501162,0.015304936204388414,-0.08373299224029383,-0.012302131298726574,0.06846897713407761,-0.016972801086439743,-0.056116724181903464,0.0022726135629281114,0.02137916307755887,12,487.0833333333333
2025-07-31,-0.23857027787331553,0.19275794244649647,0.4030591985107854,-0.22123227074110505,0.017554204798726717,-0.1676506339061639,-0.0004758280807073874,0.050920474947303555,0.006861150717566882,-0.06557777752225036,0.002245807022907361,0.01882375466820627,12,487.6666666666667
2025-08-31,-0.18935388313555432,0.09567094283233722,0.5527323447015017,-0.47321529834389847,0.22470341393244997,-0.28805950075289505,0.05975467062619803,0.057642158062714666,-0.01252842754346469,-0.07645071551334859,0.06851055501368032,-0.020550329040835546,12,488.3333333333333
2025-09-30,-0.47160330056314875,0.682523194760007,0.2740316041003456,-0.5555176585785153,0.291532737494366,-0.2931333845178114,0.062974709035845,0.05810060735453246,-0.026718096941113545,-0.07063687129762995,0.07540698280723564,-0.028860805042962113,12,489.0
2025-10-31,-0.4206978734684504,0.7568083328379754,0.14776085347815762,-0.5237290750903422,0.241542215182027,-0.25492143009153834,0.0460497109105772,0.03389100998491102,-0.015530037652432415,-0.050165891693522195,0.08200188432065873,-0.04373629477236859,12,489.5833333333333
2025-11-30,-0.48995015528386837,0.982616823962,-0.1304839618378128,-0.35120939540145696,0.0961082570974517,-0.14144632393432713,0.007946676373956066,0.05729938149758993,-0.019424386970206018,-0.09541143581717644,0.15359576908536784,-0.07204009426425634,12,490.1666666666667
2025-12-31,-0.4348381052253549,0.8795935471557378,0.002802424441440262,-0.4366669703166975,0.10333576712294068,-0.15885272360998579,0.03264878952378585,0.06016908065327504,-0.05170581852398252,-0.07253350332284537,0.1517337584203077,-0.07353144677844282,12,490.5833333333333
2026-01-31,-0.3497599648258376,0.7732925600284908,0.13319078606478826,-0.5363129519842689,0.11083261399742056,-0.18531979895479891,0.06246909280303314,0.02298295990995904,-0.03151244612923152,-0.10557763716066304,0.19738849552498483,-0.08834733169762869,12,490.9166666666667
2026-02-28,-0.36185908756747204,1.0083326617781785,-0.17857756522943424,-0.3066109304804456,-0.029122892242060605,-0.17960733115526653,0.07953764837190636,-0.00783730551836647,-0.013713519109774587,-0.1326446966236431,0.20347903325732367,-0.07496405059960276,12,491.3333333333333
2026-03-31,-0.40039975838954417,1.1635297041341714,-0.39989077414925805,-0.20732971416498389,-0.03685443738694321,-0.15853801979729498,0.09682603070729369,-0.046231961727356795,0.0068778403501076465,-0.10916479828133209,0.13465661233844536,-0.039433268827044045,12,491.6666666666667
2026-04-30,-0.037199133362156155,0.4882376427631361,-0.16124579837297295,-0.07217859516884591,-0.09395068148405021,-0.15585718706711696,0.10811816538375983,-0.0701857314423016,-0.015361208895168793,-0.05333052164907095,0.10361003701779742,-0.032268727556256545,12,492.0
