month,n_obs,r_squared,intercept,ma_ratio_3,ma_ratio_5,ma_ratio_10,ma_ratio_20,ma_ratio_50,ma_ratio_100,ma_ratio_200,ma_ratio_400,ma_ratio_600,ma_ratio_800,ma_ratio_1000
2010-05-31,387,0.2285893068153635,-0.6868048440330368,0.46117303026267453,0.22467951193331498,0.9304920422276018,-0.722668539862038,-0.7728840389483963,0.9277088194873907,-0.5770413805820898,0.2884224457612332,-0.13517896658754885,0.08963666660252959,-0.01836961779768318
2010-06-30,388,0.15516929520140388,1.0759785328294464,-3.4781613932074995,2.4857973301443876,0.45735415923112044,-0.9231559538330694,0.6894216640613969,-0.35457712919574214,0.25877944847946427,-0.29897913274194104,0.18893111136644547,-0.047201446198369426,-0.019660876006109183
2010-07-31,388,0.16985388831460047,0.4788733536545722,-0.21741131860587737,-1.150024005210796,0.7233997344309936,0.7254277649965581,-0.3536259604390009,-0.2252426746339706,-0.06178272631696905,0.1296333953971123,-0.13823488263754435,0.17521110782288088,-0.0948417940713198
2010-08-31,388,0.27902368784987264,-1.7299160161930685,2.1621829020592367,-0.8554664888163009,-0.20738192361431543,1.1117927240388537,-0.7464534171846071,0.31607982062379575,0.15938832415204102,-0.007073350526607902,-0.29561168562506207,0.21884704547055267,-0.08415263055594643
2010-09-30,388,0.10778917657470133,-1.0788256171245847,1.4561346042391947,-0.8541359057834879,0.8015707880148362,-0.45229837955019747,0.42497057940033944,-0.4157076371923029,0.3435178711511593,-0.10539773604797584,-0.28913938274106554,0.3500076114072264,-0.1695367714263084
2010-10-31,389,0.14537759838691378,0.33782236193735693,-1.6683437611076,2.8995971194526042,-2.475221470596379,1.2914112881763997,-0.5073561405576601,0.1990570603630241,7.473367104071284e-05,0.002309135381640101,-0.22881711259691848,0.2741333312590041,-0.14203423913199711
2010-11-30,390,0.27915118377200054,0.018471858319671526,-0.2605078336249917,-0.5022431862422713,0.8935935502049857,-0.37756019881336245,0.6673031565959007,-0.9057977660716207,0.62116374353406,-0.0853513672999688,-0.056091197401452596,0.007881812485395294,0.03565587584252589
2010-12-31,390,0.07360757842437593,0.5700112916063564,0.39294647357646584,-0.5123058816993997,-0.8962877571286901,0.520022072379347,0.06031315969522086,-0.40223723648763815,0.29299108118678446,0.17081479745081357,-0.32625550010285215,0.31185337564677473,-0.1614717099472896
2011-01-31,390,0.07045684312102207,-0.08989955588696588,0.844025836433581,-0.9971470326710772,0.5852644339458497,-0.43259886271553344,0.49056238817026854,-0.35647259612965765,0.08502638531838005,-0.32026270176300653,0.22270416993134637,0.03460273242760513,-0.02913049039548041
2011-02-28,390,0.06130902010818429,-0.5623916723605891,-0.24763010513340902,0.9069280968780091,-0.025615064922789775,-0.1527503822749325,-0.0438627992373983,0.2710149892918256,-0.11228188664706942,-0.011784748411735565,0.04585885420446537,-0.04979968948204471,0.003452353428481948
2011-03-31,392,0.1096634858045582,0.434590568503509,-1.2556013247061597,2.0261398574646985,-1.8260116716339987,0.9955151108597031,-0.6699289426195358,0.2611966098418219,-0.06498060967102919,0.3205673319591151,-0.17006797498971485,0.0018308491561410678,-0.017778014813433125
2011-04-30,395,0.1836583815991053,-0.6267551003801072,1.5675446502641748,-2.217968098732341,2.504291838299113,-1.298509881455556,0.020251251053519454,-0.06185595079609318,0.20912689218663044,-0.22634912499507012,0.29263336394387596,-0.2070500414101712,0.06395561506029313
2011-05-31,397,0.18320595327501965,0.2605974681473723,-1.2849647939430733,0.6294070429395825,0.7603719550719173,-0.6277096233792828,0.772050474172437,-0.8185810030112994,0.49618271439440387,-0.22329684177098424,-0.09964164701029349,0.16456060027875108,-0.043557894047359665
2011-06-30,399,0.11948832137640952,-1.3407028341384606,3.086138576653631,-2.1654857830108347,-0.5896513103452936,1.7243893918547828,-0.8246500012726563,0.06820907180642133,0.03544819489063832,0.03964916600587166,-0.03909710643291778,-0.027403495173013527,0.011794308591583608
2011-07-31,400,0.23991216705946916,-1.1752630996140558,3.6421450551762575,-3.487730164524079,1.524625804275725,-1.0177426221981007,1.3052520399426335,-1.0168674187702478,0.3070614980889447,-0.16529910184431057,0.10004401998689141,-0.02081053631252555,-0.016167269489470636
2011-08-31,398,0.19842727372004165,-0.6598414237859019,-0.9775312935904283,0.9710972128980873,0.849958377886255,0.1293180393458736,-0.5510774519318591,0.40675387435681326,-0.3018810200908068,0.28879070866413387,-0.10612546257974673,-0.08382785158900259,0.014220131658883322
2011-09-30,397,0.2762663801812568,-1.2154989949970276,2.5876048698383216,-1.669204548299409,0.7427928370974823,-0.7805283286609375,0.34433293836353995,-0.21146335954675158,0.3999278755337432,-0.08894771680244024,0.29572924316468213,-0.36874793044529797,0.03144976368776293
2011-10-31,400,0.09975376792168411,-0.2592771694473453,0.5390865807356828,-0.5987178123250011,0.6703969992411989,-0.04902807749882308,-0.3705101905201046,0.22962153800942303,-0.1782735878280573,-0.07869609355328233,0.08143071772939223,0.023509096275644778,-0.017398518829430908
2011-11-30,402,0.13643995560613087,0.710496824603676,-3.7501525126567,3.1539521293841974,0.5316673708699613,-0.8700863111292729,0.32375527902858864,-0.02843839136317884,-0.11343803745152312,0.12851159924993227,0.04983560544947246,-0.06559653574841948,-0.008929617619352034
2011-12-31,403,0.45177345066425245,1.0964603113452462,-3.6636421428779933,2.3933149460822385,0.2672120741170812,-0.3810385198031482,0.2629707310120356,-0.4231856565754329,0.6556693952811673,-0.40685914027330966,0.9155997131248533,-0.7333067721054541,8.718852425260859e-05
2012-01-31,403,0.09210789815929687,-0.07537628003207136,-0.3395807937493237,-0.20639733009232547,1.3046819065819208,-0.7601445936236519,0.23964686055132453,-0.1765803615497376,0.1874123110661221,-0.35679337144210516,0.4546566385498944,-0.30998888817910863,0.051772059714791416
2012-02-29,403,0.16585193291605937,0.5478188774595676,0.523267465437453,-0.8265253711762368,-0.5169831236255404,0.27861773121818295,0.21633849715063144,-0.16699187303819463,0.0179724382681266,-0.19090751269713208,0.39205172063083604,-0.27427860054413106,0.015037942530982385
2012-03-31,405,0.17135652079089558,-0.2544557325107484,0.057302532882609405,0.7932326168501475,-0.9085659438708312,0.2970443747166243,-0.02761457951529343,0.14052203684567718,0.14296533192938599,-0.3731149941803297,0.15345468370694312,-0.06963924146556968,0.0541822910819528
2012-04-30,407,0.2327415118660504,0.2560684640343117,-0.7972535685654732,0.7319576676883676,-0.12535861387457897,0.38448469354263703,-0.8165649601008289,0.024965629087020567,0.5866601350653653,-0.5763994450652301,0.4842820809926658,-0.06536781483205868,-0.11032014512553716
2012-05-31,408,0.0889150239403188,1.2057050871926804,-1.6571648089613022,-0.15812083398420462,0.4593052903282254,0.2350847247374474,-0.09718186722882313,0.1173205997021308,-0.08070917252762809,-0.08801967999021279,0.04215551996639738,0.0823261204158548,-0.010626862866808987
2012-06-30,408,0.08821147773021765,0.24771070694077146,-0.21954851262975203,0.913699937934352,-1.7865969907147494,0.849222196511677,-0.026087952328600672,0.1490164846502961,-0.1445412324366527,0.426257341897633,-0.7845791778539438,0.24874554224009093,0.13708337626170247
2012-07-31,407,0.22811480372035098,-1.0454551414625606,1.5167289918564426,-0.9080268507934258,0.5369909885016959,-0.200975324085378,-0.2702069930781809,0.4941779244574932,-0.13949193874413257,0.00989974132621188,-0.0014420018730325942,-0.11727397752489482,0.14405590140020166
2012-08-31,407,0.07812905764688916,-0.013656960244205686,0.6525281196569107,-0.21730042126805188,-0.5280653948942098,0.2569023101557373,-0.34843602941995405,0.4267611350879695,-0.2146075593802077,-0.044819067368261585,0.0449816825562312,-0.21572603720668712,0.23815988013146816
2012-09-30,408,0.046486045712126445,-0.9394510620297718,0.5900270093775648,0.938621798858567,-0.4838943186890625,-0.08450273617586096,0.07472173588731143,-0.058872272616130705,-0.15934929666446174,0.10812865414147571,0.15642260181726242,-0.2003943152166158,0.05571450102911085
2012-10-31,408,0.1467589832094841,-0.11359734097370039,0.11400388808678982,-0.32509099696258814,0.404472615897121,-0.4530138386619932,0.6282780821973086,-0.44506242280794006,0.181342548501716,0.005100149756403938,0.2941504350249332,-0.41050810077069266,0.12904290614236344
2012-11-30,408,0.213747932456673,-0.47097526168927717,-0.1491140151367224,1.150541575702076,-1.1349252677369595,0.6692737062749834,0.0558346788431321,-0.301478173953345,0.325741961051932,-0.40625976086849425,0.14360434102301267,0.45699132051281866,-0.328226643421081
2012-12-31,408,0.14020518176507035,1.545455586670032,-1.0960093970201301,-2.8189998822081126,3.454569477731156,-1.3999767463725425,0.5870099268632787,-0.3435650280366045,0.025905087047865746,0.005749660764305914,0.023918542191864872,0.3413704186244273,-0.29227119972689686
2013-01-31,408,0.0815043329902091,-0.451385883090879,0.9382964547247826,-0.4023433232237089,0.30187937350843563,-0.7568604649639231,0.7973385695192131,-0.7160967936206571,0.36079603606962823,0.03512040489983556,-0.3009133890716845,0.244189686423778,-0.020439756037821222
2013-02-28,408,0.12642319936796953,1.1308853679495154,-1.1013346034778075,0.6206262919967568,-0.42881144999168175,-0.022596019645458598,-0.3777310977873409,0.3056528138028054,-0.22914058685333455,0.23972789642621356,-0.4982735906861337,0.5383023058570459,-0.11491115955866296
2013-03-31,408,0.16596386163115684,-0.13067564005845567,0.08420811092055236,0.5739740507899256,-0.5495947612645719,0.2174942685600437,-0.7111380403592913,0.472738084801479,0.2341852673947875,-0.42793782244838974,0.5165261902080887,-0.6902648932166935,0.46523595871541995
2013-04-30,408,0.16350631145847627,-1.0240976012312557,0.9445875200533584,1.2649867898863525,-2.638544920353991,1.5534015255571973,-0.014158213263010574,-0.033704251845369904,0.29304638194405097,-1.1869379766642905,1.6407663940262274,-1.1292500662726526,0.32837318951236055
2013-05-31,408,0.12167280611842246,-0.04470845231316295,0.27401775880784374,0.015846572686312566,0.21887398644465467,-0.7865557023383082,0.8558867595520386,-0.6681059958310182,-0.005409251673911722,0.3278416163462594,-0.27619016093822335,0.13490303129144054,-0.054220627508868274
2013-06-30,408,0.07555603748122475,-0.4855800843887884,-0.16012734475744173,0.6552033291055158,-0.2554285851463506,0.4546292303273621,-0.293496279404394,0.3943281988430415,-0.2672360761828935,-0.11346600219663946,-0.09373975819839274,0.6587750835880574,-0.454900288366477
2013-07-31,409,0.07906676472627983,0.3518622091157287,-1.3970554678390397,1.4847587003451648,-0.9099846286156363,0.48971970899106265,0.1828280402328201,-0.3258965869120418,0.03694732808609368,-0.18937573595315924,0.6573440907654208,-0.40971840685426125,0.00994619963850554
2013-08-31,409,0.1382719165809353,-0.19522529724500942,-0.21647193882105725,1.294807761848323,-0.5365301408140322,-0.3499624278077575,0.2564109951584916,-0.18516118355227823,0.21298316849644383,-0.18322603932154222,-0.33770976086623744,0.6408373416997946,-0.3801724522845008
2013-09-30,410,0.09131383420694494,-0.0075906829367639065,0.345846643558599,-0.43095383525475384,0.7298689340540419,-0.8172077183888395,0.1988552560390266,0.11642995535884493,0.006407755392449456,-0.06470532472245918,-0.0759466463614866,-0.2830913271991829,0.3176359816863664
2013-10-31,410,0.1379212269416008,-0.22062383927143173,0.6054103531913321,0.24010687124514196,-1.2326488603737147,0.5922055717035648,0.16118109681766354,-0.00016922398802873308,0.036352001254457485,-0.020076887644421334,-0.5531813823667983,0.5761065324528618,-0.17514462309280096
2013-11-30,412,0.06128972083482753,-0.44327033189488246,1.960745474104224,-1.9573761114807715,0.7442457200191992,-0.38781831192439264,0.08661724774345361,-0.0025993939201661986,0.055207726291784436,0.1790203074959874,-0.5927604848197144,0.7330274273763115,-0.36523282560682163
2013-12-31,413,0.045466135975016475,0.10190378481181342,-2.021101934913419,0.5357631609035354,1.9508582242803905,-0.4121394554378145,-0.4003872139408047,0.15722225890093908,0.02941543676409319,0.19011706706787035,-0.20656178482628704,0.14695837097261746,-0.07388933404742772
2014-01-31,414,0.02874100975262417,0.309363133866055,-0.3028632052968451,0.0759082622885793,-0.1848169265093997,0.2606237610682592,-0.3671082786071139,0.507262601055404,-0.3686279345495165,0.2926678233268489,-0.29910941016886855,0.17966051756419138,-0.05844761524679855
2014-02-28,414,0.15520440074745478,0.897958490556113,-1.680268600690661,0.677915741137434,0.2551703168419545,-0.3759628624648538,0.23149022219340523,-0.206877687810855,0.22037852721736303,-0.00044658187260185073,-0.17819837590412027,0.0737269770567317,0.11072654618978144
2014-03-31,414,0.16717919719919605,-0.40751270131266265,-0.45338930945645595,2.2235784203620956,-1.8444206250492583,0.23206171609328574,0.20592461021003222,0.09018693334125794,-0.15585303777225692,0.01846530282207863,0.14505150773607126,-0.13314086252130097,0.11110725090731326
2014-04-30,415,0.08539182846243432,0.43257421975460464,-0.664994282463454,0.5877042930507125,-0.39873286877991176,-0.09200157190018267,0.22780658716693583,-0.08359964590915134,0.11416611145344617,0.0020415860748491475,-0.4557404413524346,0.7592569880809883,-0.424843158431815
2014-05-31,415,0.1114050817007679,-0.6430813800610166,-0.4662829570075232,1.9013419995801493,-0.4818283964010259,-0.2267077722591479,-0.15342817932625,0.19512843683591571,-0.026421548653891753,-0.2153792428079781,-0.012858638250368601,0.016388507266290746,0.15212872347153608
2014-06-30,417,0.05138509465273533,-1.6608834990933474,1.8699994079895992,-0.18780218498638424,-0.4039436610365595,0.4671162700666797,-0.021843684502403007,-0.21489658908417258,0.23512776884874992,-0.29210446338226886,0.3037156788859726,-0.15626342897101422,0.048121235253112515
2014-07-31,419,0.08083079949564509,-0.6877693809958381,2.0001002089174715,-1.8057994613999957,0.7501394821629903,-0.5139020627391341,0.22479532137898137,0.16993421308167467,-0.03764960896816158,-0.19918783209621427,0.3278544568897254,-0.22619950306404576,0.03493909853147709
2014-08-31,419,0.07355562762714207,-0.9638458962009235,1.044405036762993,0.12405440165037585,-0.40492189927208466,0.2731699878601771,0.2213127334104276,-0.42607454946408135,0.15297982513342231,-0.026196702918764213,-0.23414314267610786,0.6087313216552601,-0.39414821404598316
2014-09-30,419,0.12633058480790516,-0.057175291137000143,0.3023816308495314,0.3204361831014169,-1.5852601857070836,1.4372613409849395,-0.6040259558316826,0.09405265176011667,0.1437584491060797,-0.1386162034116,0.29311022269587794,0.2449149613657007,-0.42370015649505366
2014-10-31,419,0.13929804560310877,0.41866826559339954,-1.2051382012944631,1.1313473896082917,0.07854904407276642,-0.34753508758402174,0.4173127675345049,-0.5979405765018805,0.10342081596531139,0.04496500262633564,-0.17205957942682332,0.4165070275683743,-0.26384977011727345
2014-11-30,421,0.13488942587586938,0.050698534841197095,0.32850057734927207,-0.12797593470556032,-0.7782905744489449,0.8688265851584042,-0.27451328128277847,-0.11690912877301944,-0.20952881715488206,0.3458404681120887,-0.14592193227109368,0.09344203879994815,-0.02151679646466755
2014-12-31,422,0.10736740193014727,-0.35681877832615655,2.2498036342198775,-3.5239334606725063,2.4994142364314453,-0.9518530640892119,0.3032769728664227,-0.17870249139556849,0.2184473282826254,-0.6697747571832006,0.3471705397741027,-0.022494850090322982,0.08193363010539903
2015-01-31,422,0.22189094929275233,0.15596024673246983,-0.9907500399522664,0.9392111641860752,-0.06613661278411281,-0.5164116714563999,0.5543882684733071,-0.04186671753066306,-0.25691030492189854,0.6029950256550315,-0.055718335718585615,-0.6873451966475641,0.4030566375170285
2015-02-28,423,0.11099306564210076,-0.34208326161169733,0.29574662307591193,0.4868642743459999,-0.8236940214855928,0.6357024051480961,-0.2927117482176494,0.1736255307349529,-0.13574102610571748,-0.22402403213560035,0.5263711967420637,-0.12692530121056397,-0.19123331673451538
2015-03-31,426,0.19214233357476096,-0.6066946553599801,1.2971484771438027,-0.7090779950859334,-0.2808821548826348,-0.08728606111856624,0.5514520231839681,-0.6590136886148207,0.3019744205552537,0.5594217500771523,-0.7531674215268639,0.7836333290100006,-0.39080117714792784
2015-04-30,426,0.22029300963275777,0.07814669215398376,0.28530920101207297,-0.49347609748922494,-0.02061580495727483,0.30827079572202715,-0.005312977673551909,0.18241536871798192,-0.2767797592923738,0.08105859704844752,-0.10850944731329881,-0.03574420736519379,-0.00464699474022413
2015-05-31,426,0.1767410544865482,-0.2997977299530872,-0.7365619854142865,0.314586699222883,1.5233138660642918,-0.9415202461886139,0.5856583567753664,-0.4692492468914967,-0.006539370968437335,-0.30622260359783593,0.44195627580152197,0.2041095772406304,-0.3485019694000183
2015-06-30,427,0.1980837869508879,-0.26489473817160125,2.235898937849975,-3.4482646267361505,2.1314998024062906,-0.7073272889339508,-0.05110977859106706,0.0702233755589982,0.3875930966204508,-0.7446415976562563,0.5708686844959544,0.4521184219011149,-0.6542866556166242
2015-07-31,427,0.09122907443781259,0.15444731301105252,0.35520886642272587,-0.4528361916355336,-0.24516042477799196,0.19556856319258145,-0.31818554654705106,0.3422102738379178,0.10721927227291311,-0.39676799989074907,0.5089796570926618,-0.7203256369904107,0.4151305496105503
2015-08-31,427,0.21027816102244268,0.12966027861031584,-0.8449958800086368,0.5662777266896032,0.6452862117147892,-0.31176346892949247,-0.21649781586751038,-0.1185670392755572,0.3632922153761204,-0.11712120319309059,-0.2928327924641793,0.15866583190246544,0.03852730674388178
2015-09-30,427,0.09481995835627843,-0.6204862630128487,1.3439715527983356,-1.6576331711781562,1.137558434969027,-0.177062899024003,-0.039840705700626734,0.01713999296171798,0.04343890076725693,-0.28804134308321894,0.671643184167446,-0.5166377164215911,0.15742110362082345
2015-10-31,428,0.08919242604071487,-0.36912592177988923,0.774491176917846,-0.12406973662446388,-0.18497289900119562,-0.1855452877082382,0.16008306327495453,0.007373420153397019,0.04323876601467927,-0.2697109794017021,0.12446000148751894,0.17640813315479445,-0.1454597560689236
2015-11-30,429,0.13020796717074,-0.08604369126976813,-1.0592246285315652,2.1585114281299633,-1.3820297439293616,0.32706982736132334,0.2186279923114439,-0.005923965598865642,-0.15484013556287837,0.031907285649968635,-0.17637111275937203,0.08509287929400361,0.026296350989654084
2015-12-31,429,0.18057035506135177,0.5197574286287429,-1.1506215627156415,-0.4736496211039291,2.390618131458856,-1.5021471131021045,-0.049708513599254,0.6589881664012535,-0.4966210707691079,0.2238607670063452,-0.6418489234008978,0.374054300671735,0.15521251459957158
2016-01-31,429,0.0764810186628897,-0.426477942899375,0.26078664745093283,0.15321017008236779,0.23423328357509066,-0.1433398051358773,-0.21290164419023755,0.1308380258326267,-0.0269732961161797,-0.10466536302747159,0.5253329645394061,-0.7419455544416224,0.3906282115185023
2016-02-29,430,0.2190422155586269,0.4381122753186868,-0.7033562222674434,0.7205924203481302,-1.0996552385475393,0.6269566288839922,-0.02240925615412316,0.15931397139534637,-0.011122633790422387,-0.35599425163478804,0.5371580504166255,-0.45527109808415717,0.2691115189044648
2016-03-31,430,0.2603544663451114,-1.374744626582384,0.980496519647333,0.786654560099567,-0.3173310061198752,-0.2314198760156304,-0.15609745937501962,0.1595427046854166,0.2460425934671907,-0.590759589358886,1.082693894382985,-1.2994377973732054,0.7573590170197128
2016-04-30,431,0.0858967843534566,0.25173237840653745,-1.0722021196205351,1.1818596150045506,-1.0612083473304061,1.1837874561950563,-0.5676654370016754,0.046119933596343574,0.08264683826141409,-0.11808295076620073,0.14814840102678206,0.1734354850928676,-0.238644645527944
2016-05-31,432,0.2795874944613972,-0.21017036008781217,2.3437171352303836,-3.444852433621261,1.1705542050564266,0.47240422143197947,-0.7895353169964905,0.9445428949202875,-0.6246960599057587,0.26095412292081427,0.16934094296120464,-0.7099099147094028,0.46770395574235085
2016-06-30,434,0.17402562605984817,-0.1175981337977155,1.2628556977183825,-2.47589056200502,1.5781266253847817,-0.18074183832237325,0.055693775391507175,-0.13149223681508176,-0.13156431044720154,0.4047772346611014,-0.6098300073476659,0.5687717784016154,-0.21068849863055394
2016-07-31,435,0.22599974241453746,-0.22151434583235022,0.4893552225438092,-0.9227137150729849,1.687093759286371,-1.6735353589599828,0.925184746950632,-0.4751598676226661,0.10518620549504343,0.12586532719004434,-0.17833061989730614,0.4015430409049303,-0.2609030823931013
2016-08-31,435,0.14017099825921675,-1.337033640080433,1.7250218097486403,-0.382539187670428,0.23798861535324764,-0.16183296374187506,-0.20319969267196655,0.11496380819337698,0.12502517122895454,-0.5441639544211715,0.7466779394605507,-0.07852300098108228,-0.25973850537802934
2016-09-30,435,0.08598769757035385,-0.20962802638817657,1.376075053499129,-2.024121221747124,0.7972440239751934,0.4645479332650815,-0.6853369657570931,0.05415598700565231,0.35508473873679536,-0.07774656210895667,-0.3395564157010161,0.4246955142681925,-0.13869161555612772
2016-10-31,437,0.2312695869660507,-0.2668615997277622,0.26586716511863484,0.6052069438897312,-1.1201106027658863,1.0499585666056683,-0.599541479639719,0.381166830140188,-0.6554410860524943,0.569638789385866,-0.9778851347390856,1.2464207762862662,-0.44530852826132994
2016-11-30,437,0.06759972938836734,-0.12876693953071053,1.6036901582480423,-1.7387141751674418,0.31158407847256336,-0.014159319639894757,0.06366637353292282,-0.16007329703230833,0.1097825728988747,-0.03848882086826341,0.2354294852218272,-0.488149185659216,0.2701601770003056
2016-12-31,438,0.21210930861175992,-3.232144193921039,3.1865201721715835,0.4617380610687053,-0.8665103595575251,0.12075051191170585,0.19102639304807528,0.34616023329592754,-0.20294546751275122,-0.2133125436511466,0.33185639663846517,0.02236972663824869,-0.1187336814787063
2017-01-31,440,0.11516087602557168,-0.5581487792516745,0.2549034146023429,0.7482563742391556,-1.4707888795434763,1.4633658366568794,-0.6120206556180394,0.2548593170566891,-0.023161575269181674,-0.08790457995099954,0.38649773861089887,-0.2976253044174714,-0.02940339952185017
2017-02-28,440,0.08901175022145114,0.2293860056235415,-0.6507138873282634,0.928709743035753,-1.2208217506467665,1.0667597022408992,-0.6264536428445807,0.3174591216450222,0.07335871754929402,-0.16194452269919213,-0.15239447114706023,0.5359057154167978,-0.3411139604572334
2017-03-31,440,0.08987570928566324,-0.2830631889823519,0.7957475611514115,-0.3891107601770174,0.03457542604559377,0.041718891713140235,-0.2516435762801979,0.015035625229933833,0.07940478461356824,0.08807869612993525,-0.2108299066472456,0.4354769570177014,-0.35851462249207455
2017-04-30,441,0.18881909916952255,0.20468838297685774,0.9648721533636759,-1.557876927303557,1.237680891004661,-0.8158068481051378,0.32627228206086856,-0.2953015300671099,-0.18777865876979338,0.3792578236762998,-0.5088497262264433,0.7617605215233937,-0.5101466919172902
2017-05-31,441,0.16782851468678261,-0.30605663235804237,-1.3000267482983816,2.0668635948406973,-1.4958886935040734,1.091960487493109,-0.16167334635168984,0.15319095665843857,-0.01849819959952318,-0.15743917468736873,0.5008270546507276,-0.8049260763565207,0.45064352686630504
2017-06-30,444,0.06648600627792989,-0.5329491738819077,-0.15421931110022408,1.5267884761749224,-1.3682162374702345,0.5988178979490295,-0.15757433634812418,0.3511861909779888,-0.28283837212692037,0.16184000653617583,-0.3108299596438843,0.04649160929746898,0.14071837239954493
2017-07-31,444,0.12244736130935419,-0.11160034482783537,-0.5379978221479567,0.9271761886452925,-0.08185407357044289,-0.2081504154177746,0.12626389527848444,0.14420270136823074,-0.3701757252166683,0.2811043141561923,-0.4844831146606193,0.6855965778111957,-0.3865930535914479
2017-08-31,444,0.18255331447935574,-0.26620704712524446,0.810398033937555,-0.022230066539466686,-1.2199836083737008,0.6649069092263213,0.18432547098700156,-0.5407859520411202,0.6513950923366936,-0.1765552981712061,-0.05384553342220526,-0.22933402619751433,0.2204097067980897
2017-09-30,444,0.16731235380167198,-0.2789171536650974,1.3867158403745372,-1.7277286733353732,1.0441004399355909,-0.23491824156458302,0.023850971092163886,-0.04995009343665552,-0.06294572380120714,-0.14490663634143985,0.27246240664708715,-0.2598574742251596,0.03970352870409791
2017-10-31,445,0.11505349112477037,-0.8620197301278255,0.9457727374287863,-0.20191648834155237,0.41787978099576883,-0.31009054499527616,0.21148162627707698,-0.3383567009790895,0.02107478956923499,0.0016296058575423257,0.358540323089263,-0.2058781457837176,0.01434899402469007
2017-11-30,447,0.18889445846190434,0.4656777548407748,-0.685488615344434,0.5280372071078016,-0.11647601900278781,-0.3668717559082905,0.5299888014592327,-0.6024622402693687,0.289904374193684,-0.11778927441052812,0.12467978761655418,-0.47511580748386056,0.4496807526877385
2017-12-31,447,0.14506311905567315,-2.118721553973495,0.2891982593972666,1.843613764163714,0.8279341544843738,-0.8967154585560481,0.003030884788511351,0.15178460552668194,0.14892648147429552,-0.0821020202483693,-0.40382779094202337,0.45275597984401195,-0.19415060598598216
2018-01-31,447,0.1483316926231314,-0.1318575698735647,1.0798064548284292,-1.1686034049010556,0.6899663415923769,-0.8252134591482195,0.5130511948554164,-0.1740224175256613,0.08118991782057927,0.15259466616412642,-0.754258956518958,1.020791300881609,-0.5505617820427231
2018-02-28,447,0.12567777575811634,1.3112482706284603,-2.506753459692009,1.1825830728566027,0.3027635418662316,-0.35624845510157244,-0.2028152608889246,0.3827324556649546,-0.13940360856046505,-0.12086215613812425,0.44861722757404243,-0.5139939573119712,0.2363408759809271
2018-03-31,448,0.08535586674292739,0.07426218656295624,-1.3704467668084526,2.214704453631854,-0.7591381488563316,-0.3311797196099585,0.2794290627281538,-0.05889998579490152,-0.15769834353679352,0.06355525144407696,0.01572383204308124,-0.014997341582658141,0.07193977653997866
2018-04-30,449,0.1462530515410947,0.02700090340745285,1.9254072962780893,-3.204441281988496,1.0870993487581853,0.32810019446599215,0.0340060974578264,-0.07822929384607835,-0.14891942451547838,0.38301834588106637,-0.7936906603175318,0.6269961454836395,-0.18605711382900875
2018-05-31,450,0.20592129955217786,-0.6540468842339162,2.7789434428066206,-2.0260121065375265,-0.9759622025720649,1.0482286588525065,-0.32386463820394984,0.28518566088273484,-0.32341841572083396,0.08261831577763332,0.09146850350724343,0.18623029611503036,-0.14020061799199426
2018-06-30,450,0.08125275769019036,0.6269409296835571,-1.4344178274742727,1.1591924493393635,-0.98794088089199,0.7170800679923789,-0.2135419220771479,0.07811296510003153,0.03832468918712068,0.11127780932749579,-0.03661010032626234,-0.04587262929347762,0.018618740718120367
2018-07-31,451,0.2776348448471654,-1.0091568376177245,0.05851399365390733,1.217847168321552,-0.2525376420806933,0.30450287793182984,-0.040326451267152244,0.07983537120163446,-0.4716931984767812,0.4046526566165277,-0.7876151641164312,1.003385255784364,-0.48367139240304424
2018-08-31,451,0.07320538362916118,-0.7293870215384274,1.950161521423264,-1.292100100976766,0.40120070690283244,-0.1812433331020137,0.03688261987289348,-0.21168657896106985,0.041025230790241354,-0.13536500538686164,0.3366305449480949,-0.2662774798079278,0.03871707480247789
2018-09-30,452,0.19441161814248054,0.32791965167385706,-0.5879730694719987,-0.698712512726327,0.6391597440890872,-0.3470836289469036,1.2065869765939836,-0.72865463519624,0.06462128464770188,-0.15733928126353536,-0.15592380379843507,0.8849714563865614,-0.5022144335163059
2018-10-31,453,0.10146651646535754,-0.8744974276758107,1.610353851080587,-1.1463416358394933,0.844463397465317,-0.8331897515212882,0.7579580053644528,-0.6098314197308111,0.18098105689613722,0.5015052930495548,-0.70552893180904,0.39998191430973085,-0.09968337534018287
2018-11-30,453,0.08925154779988631,0.28382971587405276,-1.2467413215519365,1.1674658495286994,-0.2070938811538678,-0.12959780798162385,0.12520055128495866,-0.0357024044141247,0.012344535326931617,0.07228582884070571,-0.6576134779388412,0.9094174269732486,-0.36996386951387783
2018-12-31,453,0.19900886951477958,-0.0135086714756681,1.2496995849746673,-1.5209090565394503,-0.4760023012903065,1.0837559194809003,-0.6529272018862338,0.23411917811258057,0.1859375170908379,-0.2199995993829378,0.4484415236015034,-0.4438157329314518,0.1624592455982254
2019-01-31,453,0.060801308346922434,-0.017070471061029466,-0.4812448384127442,0.9398615081742505,-0.8460641265433562,0.3195162812908251,0.1472948760224964,-0.12882140520899604,0.2268314898777408,-0.17631843031578662,0.16678786054819983,0.007008634641999148,-0.11404842259161531
2019-02-28,453,0.10156874250475167,0.022115868489776636,-0.1492681400003897,-0.17074036822315042,0.803234576661039,-0.5978077102250963,0.22389802877684636,-0.23246831650063987,0.26418617355147295,-0.18668677433117706,-0.3936750787491555,0.9692558854661915,-0.5386119645115488
2019-03-31,454,0.13306757928373558,0.2270527548012914,0.17585895549357572,-0.7037450924727456,-0.03912595402629447,0.6428682769575741,-0.30029159580016923,-0.1512028785811566,0.07202125492780749,0.04530146449323761,0.3550651770114446,-0.17266125839107405,-0.13555185113588536
2019-04-30,454,0.3432881784551518,0.7047103016168715,-0.0348002573857642,0.45728413516618305,-1.681049987065318,0.4150400729737126,-0.20548782103143046,0.6321478568376966,-0.13078736066728314,-0.13484745394364017,-0.6099005162565863,1.0681804480893529,-0.5244451084239377
2019-05-31,454,0.29432999510300195,-0.5158060698821856,0.5816509862788144,0.6214730833493304,-2.024789558580796,1.4043987397142927,0.07597724050140184,-0.17232192835452684,0.1234120604648765,-0.1833183586294525,0.4287066108255985,-0.3874603323228687,0.10818376295394003
2019-06-30,455,0.04180642399646417,-0.6170320345328152,1.91208446971091,-1.8159538131347635,0.40251259751075347,0.30489222795672377,-0.3061418250609147,0.26914748772921926,-0.18869063004573103,0.028067223810397113,0.2748275675951784,-0.41457036627431976,0.16327292600716514
2019-07-31,457,0.2658293315407675,-0.4688340278899953,1.9256719905689936,-1.4917738743851083,-0.021729892493863853,0.059972857065762525,0.41577900469706064,-0.32886695811592404,0.14696571036787812,-0.25030023449136635,0.14033120295214935,-0.38335716675869963,0.22916040907738255
2019-08-31,457,0.27922665651182665,-1.5651106521265108,6.770705447493958,-5.012499375006803,-0.7569645651512296,0.48985259275479703,-0.014318434118099055,-0.07504644042215117,0.2068579483796575,-0.38127016911102596,0.7340653248653005,-0.48297575252854374,0.09859140326024576
2019-09-30,457,0.16368620458615535,-0.23837000688992444,-0.3988651952933287,0.34248497979887654,-0.11777485010243172,0.7752541246212522,-0.40497543615574366,-0.3443719920266395,0.5697373066479868,-0.419124265945733,0.7300319315822732,-0.4384679218514161,-0.051403593968270246
2019-10-31,458,0.10289979627071477,-0.37755252049007,1.1192569437880469,-0.7002253607667002,0.4381977847976301,-0.5489658234843818,-0.2574439836699976,0.6209731562025672,-0.5285557044500511,0.5191163959489032,-0.21299374969595894,-0.027124039437782792,-0.021531339771649716
2019-11-30,459,0.29376562100629355,-0.70579202336254,1.1223976296309703,-0.8876434359769655,0.1623473714876464,0.3960831388056584,-0.2893068794341081,0.3059343505930734,-0.2529343845608221,0.10573217119920078,-0.15590021423633557,0.6372709970145108,-0.4111082222403705
2019-12-31,461,0.18013422555109548,-1.79719824922041,3.070813081473293,0.4561769966385781,-2.9980857533688137,2.025079888044758,-1.4209386690099004,0.7662511928349097,0.04745066233026127,-0.052548380790092164,-0.395436680554254,0.5700528999511965,-0.272502867340489
2020-01-31,461,0.07319740868997271,0.2572049867253796,-1.6823573580430966,2.1527659795855736,-0.5091955685106222,-0.4687760717892772,0.48155529317802837,-0.33101308797810175,-0.05785155568049016,0.14277951634629968,0.1465838290844264,-0.4271814194248091,0.22421032748393707
2020-02-29,461,0.31013128984345517,-1.1196783805475234,6.652421621723634,-5.130459094629299,0.18060087380779372,-0.6471834401023172,0.19107723553867434,-0.08528265363101657,-0.044415764348183534,0.14176735484199535,0.1461643016052335,-0.8449060802949651,0.532560905460796
2020-03-31,459,0.33588709767172176,-0.01808785301034256,-0.9964670046344453,1.051795276325647,-0.08350656814713586,0.054300560795774076,0.05546539804074105,0.09649268844233241,-0.1288564319363264,-0.3039108400454486,0.9882493712704086,-1.0407713515323094,0.4353089963566947
2020-04-30,461,0.10835335037914662,0.3231318472560727,-0.9598454366740676,1.4640440500146994,-0.4705342439125108,-0.5167874091800775,0.3655547702585641,-0.12749302249751926,0.05781822935877978,-0.14205759229552617,-0.03853617992501065,0.4485845027669109,-0.3537636468076114
2020-05-31,461,0.1337008534448756,-0.19265477728257882,-1.360110910689663,1.9233699226366583,-0.5380852204558174,0.24696099180172812,-0.34242749426838875,0.44729890311085796,-0.18300976629972676,-0.09175311167060705,0.2677768998633105,-0.17703123038696558,0.0011437730619396627
2020-06-30,462,0.17915146328248688,0.38183956222596577,1.0624080249693186,-1.9873805109523845,1.243752489736946,-0.6811803695073616,0.03303481109053839,0.2570152997858484,-0.30076429941830163,0.07318622814056627,-0.07613111129258925,0.14225179829175727,-0.07982442874849405
2020-07-31,462,0.15389180066372,-0.6196783487354448,1.2947504021377105,-0.9631763675949545,-0.32415334056701794,1.2257589793174977,-0.2837606681786028,-0.4792515295253187,0.20214777170708392,0.02798880999438479,-0.33290396777271625,0.5453371393410853,-0.2872825382878135
2020-08-31,462,0.14441917612897937,-0.6549697380983344,0.5390391207489573,-0.05921228036590509,0.35434771046212094,-0.2031544704482551,-0.002712264943272491,-0.0166399225505664,0.040603430335654146,0.26946736805164506,-0.6589717024559876,0.6153160419282352,-0.2552852463776464
2020-09-30,464,0.07320286872654758,0.17973903891932458,-0.21354209089907694,0.20165974202574533,0.30886958243366586,-0.761806545829959,0.6791850176490859,-0.568435960968334,0.15069272178546514,0.18005367243827117,-0.6187832248949345,0.6362739420092766,-0.1901882271407404
2020-10-31,464,0.44622324842026995,0.24049724774982734,0.7803178188759183,-3.1280083870244706,2.384545498676137,-0.3197411737807305,-0.031333426063263614,0.444105758846677,-0.6615732205927749,0.3717031421184659,-0.3489671440646499,0.6355516657298041,-0.27163144929021765
2020-11-30,464,0.11312847894463973,-0.4109742208568259,1.9790511056339075,-1.8563992998530758,0.6807861029945446,-0.22051222082788854,-0.40248593142329286,0.3505824184932185,-0.09995456196387859,-0.017363566019412104,-0.21677610045392992,0.5681689984061826,-0.3349330328249551
2020-12-31,464,0.12179642216822573,-0.15315609753664486,-2.241641565990817,2.6514866309489915,-0.6248963673127526,0.3918147045684727,0.22069808851047948,-0.4447084090611419,0.46145218392260423,-0.6960302233381899,0.5365158231205909,-0.0757009652523975,-0.017691512036476557
2021-01-31,465,0.5254502782817114,-0.6490479578715113,1.1228024583412843,-2.194383035570977,2.037246631650588,-0.3804162242131353,0.5052136318678964,-0.17268774642930018,-0.6790869438626337,0.7397524560561574,-1.077768846615218,1.3362653387868644,-0.5988591491897428
2021-02-28,465,0.15973038628517433,-0.3463016107579396,0.3897821022923965,0.22084756121449783,-0.8220863549261234,0.7374637130921318,-0.6184772411607082,0.5860829658332557,-0.2039045552912573,0.18814017877893033,-0.2526387433253732,0.261427060861528,-0.05708901373353301
2021-03-31,465,0.08285438502796183,-0.3130708728333564,-0.12307312121895604,1.0273434043108314,-1.2112150622344717,0.7881132428669211,-0.4028202193718141,0.4108253539460921,-0.12560912485743714,0.08362642042054363,0.01995404566550477,-0.08766014359940037,-0.024623815373911593
2021-04-30,466,0.10123069627353865,-0.31359027061588307,0.3217505475411839,0.15501327769283949,-0.2015264495997237,0.1430696935005726,0.20007082104379373,-0.33216112024267236,-0.030551999883565058,0.11154585262250145,-0.19196829342198032,0.12406942386774913,0.025521811590212176
2021-05-31,467,0.2673389875803749,0.2633304382334174,-2.2576631310278303,3.31398282862554,-1.5109380260016574,0.21674210187752163,-0.5904563756998906,0.5934064366394103,0.040140337726830316,0.2268917335908352,-1.0048869779027232,1.427898710602937,-0.7037649635631059
2021-06-30,468,0.4038503195228055,-1.2199564709801756,2.4849769229521312,-2.0252630264866065,1.528952909075714,-0.8324126795757398,0.44106144270923064,-0.4870209062992471,0.23281424983080037,-0.0910529250285437,0.20858338982268768,-0.11233139005147041,-0.12425640935424995
2021-07-31,468,0.057187328700901374,-0.351977014172293,1.5334420320460178,-1.3283978739146334,0.0806851821393505,0.18556505050481975,0.07419267106405569,-0.08310797187754988,-0.03316045879049821,-0.1544795941077687,0.41763823679461026,-0.6188241504339179,0.2848158015815374
2021-08-31,468,0.2511567866120986,-0.10589423695827269,0.3661862113920258,-0.10172077440661575,-0.4677157231953408,-0.020583136444034728,0.2383142249425402,0.10645508704034978,0.05231836960904507,-0.30854827508362614,-0.11153548353553402,0.4808042161004268,-0.17111633086667483
2021-09-30,468,0.1537592173587854,0.9480195704077428,-0.29196252509674026,-0.41589432338377663,-0.29434567050548793,0.312697363675016,-0.05178184476808288,0.018480438562859317,-0.03673232785682369,0.30462124298085386,-0.9456627004702534,0.6691550900571985,-0.17410996803160272
2021-10-31,469,0.09688429895387984,-0.021435349939219507,1.2179647362624249,-1.7966321325573054,1.033871218642927,-0.6235732606886054,0.4267130679968816,-0.43025645581993144,0.12773993967027839,0.22577294979703771,0.04155114728528389,-0.4084582295116924,0.1842984628004616
2021-11-30,469,0.1355936820685968,0.6464543057863643,-2.0068203549124677,2.1537482021937513,-0.7243773015147927,0.05116615516281883,-0.3457501181532856,0.28044709902420745,-0.16403764611780364,0.17251271250613956,-0.22018850947230348,0.44775946485655993,-0.1956758521124195
2021-12-31,469,0.3854790288727108,0.47532519743325874,-1.476064256353166,0.049332014598588526,0.6282022901517144,0.03963677300318417,0.637097096059735,-0.8955946772964747,0.6340551811911597,-0.7283664537702917,0.7369009015692524,-0.4654475505791211,0.37861801975204024
2022-01-31,469,0.10478215617816511,0.03813255332043671,-0.9409303699665844,1.004346574608874,0.16405651612047767,0.05913221467659136,-0.48271139586906403,0.3137903571597962,-0.03036356588412807,-0.05786574458999501,-0.11513316424895126,-0.10008286799578682,0.1326672255354767
2022-02-28,469,0.07536528295714306,-0.5290163937982741,0.46709368855894046,1.1170041164663072,-1.5557981431809567,0.7146867478913693,-0.3512198173379685,0.43236698954130387,-0.22393929959346784,-0.1210732755154938,-0.06195717595816331,0.20402079753058616,-0.0456551374881789
2022-03-31,469,0.2873329148789855,0.6691762040498407,-0.5850547238602883,0.11701341049972018,-1.1037724381828344,0.7733375677695747,0.3285099576182622,-0.1326565333718579,-0.1098464703799439,-0.3186269452206016,0.4377572922037114,-0.15690707184053235,0.07903001067257319
2022-04-30,469,0.14125270468068873,-0.14847918522829925,1.7621414920193548,-2.663372584924383,1.5592289685079541,-0.8495520474957011,0.19991406348884988,0.3665521908082079,-0.11922439705247759,-0.38175905059415866,0.6711231372625855,-0.7147430796514725,0.32821733090329946
2022-05-31,470,0.3718550232138339,-0.03239579099600742,-2.006010727844018,2.6778768803736788,-1.4015884827614085,0.7021381577099312,-0.012126189834334146,-0.04753823026324037,0.2040660067792806,-0.7296080895604612,0.7285234454469884,0.25912801791028217,-0.387314575032928
2022-06-30,470,0.33387259490093724,-0.3180368065499122,-1.4763625889528158,2.7677040610374744,-1.771160393240007,0.9682696504653066,-0.06981566370122425,-0.26460878634908774,0.38781274133695276,-0.09314091373980302,-0.007387317148808829,-0.07582598074017115,-0.038256561225525815
2022-07-31,471,0.07334546918816642,0.46599975977726155,-1.4518935457564517,1.7276880795484273,-1.0870649471729352,0.047507070725629624,0.3417768454269586,-0.0801767393186423,-0.04344865962728871,0.1057148229450465,0.03894861438445222,-0.3124573605294757,0.22299221613919246
2022-08-31,471,0.15123886053584834,0.9984868162790983,-0.14115448774531772,-1.1239681572829303,0.400762490612894,-0.27636128402438237,0.25107104820142734,-0.14300574231580881,0.02609110298222592,-0.13588458115995614,0.17497011466809892,-0.19974453407638718,0.11365328869639404
2022-09-30,472,0.2660408034747974,-0.38086275217729804,3.8062063367996606,-5.152431353672997,2.2693625440580307,-0.21646254914897897,-0.30716471506855325,0.1506074464209874,-0.10688268806015278,0.10892657557136504,0.006531250525662849,-0.49014950057806717,0.3963056655029278
2022-10-31,472,0.10727658243682558,0.09813250748217978,-0.5630771931264978,1.2614213296592447,-1.2138433020767287,0.48421911084088753,-0.28594031115856344,0.40878668003531715,-0.1459550979381264,0.15713003286324853,-0.00471742359352606,-0.4276154505887276,0.29416954928683503
2022-11-30,473,0.15352380737876525,-0.7220572574247681,2.491617687884294,-2.0919683613823485,0.6724017775485506,-0.30207592575876996,-0.08281496394350589,-0.05083215320890193,0.07558667637811224,-0.0579143308337173,-0.2569433459171735,0.6136949210545061,-0.32373888551759916
2022-12-31,473,0.4877170100462205,2.074492808294713,-3.849520073094403,2.2115912796630215,-1.8753729325535051,1.3717773667675648,0.2018568225539412,-0.41251249267149465,0.1090638556531971,0.1548883180632468,0.46523891136685397,-0.7532877355143037,0.31023516524591005
2023-01-31,474,0.07409206970680626,0.17089017771904075,-0.34788733544414785,1.047506364708873,-0.9571465184971414,-0.05926340744375434,0.0940332497973024,0.14273760409956462,-0.1286230689805743,0.00497791529755964,0.245764736530993,-0.3675664364418938,0.1091869840454181
2023-02-28,475,0.17050141495285953,0.1269873793673631,-1.981477234818997,1.9394851453509896,0.31959506115813535,-0.43570551149015835,0.4019862945264614,-0.38241871396887267,0.014809154568858531,0.08327547563051464,-0.7405902121301433,1.3179303944321579,-0.6503900733245868
2023-03-31,477,0.19486948573060703,0.10580219584649782,-2.9582479278080593,3.6322208699375786,-0.863100001926137,0.1764490059661605,-0.2019322629483774,0.14448454084414653,-0.04531425158704587,0.1143688731038442,-0.3917418924603775,0.2807962681056903,0.0546118412296672
2023-04-30,478,0.33505613031751413,-0.2516178072617852,4.0603524694424316,-6.1827686103468515,2.022219571902422,0.5258815687601008,0.5189982224786482,-0.7358479879964902,-0.08378158052725906,0.09986555799983249,0.14501515362814152,-0.14475261126372552,-0.016895589508264593
2023-05-31,481,0.44110255607495363,-1.2525098195649682,2.2872710083788528,-1.1068847042121055,-0.32350183917383696,0.9323854130030271,-0.6530710050559577,0.3859516479502581,-0.2895224772650026,-0.17690753635047057,0.8120064935655932,-0.9544369685738904,0.37971942150504634
2023-06-30,481,0.3565963858409944,-0.36576398659013265,0.5282079037963301,0.21716715258400565,-1.624211896599175,1.7543053361319914,-0.7521936263143862,0.15038296345653213,0.14939538795819648,-0.23215543443335668,0.3328608078613795,-0.030873127456962128,-0.10043272619551082
2023-07-31,481,0.05912906789466976,0.5373065370772777,-1.128897926262972,0.8254127320394661,-0.10326119864198384,-0.46001064117353735,0.6225467048300649,-0.3421175035445703,0.14466898781436166,-0.06381560978698346,-0.2187533569268638,0.3911288032585568,-0.22968586735802507
2023-08-31,481,0.1819558831681254,0.742190662510555,-2.54866037305291,1.7493641978270147,0.12633942820601726,0.11051835054772643,-0.12276043160373712,-0.11936620505239862,-0.004695499880676642,0.11613407984183609,-0.007176153797027464,-0.034131963340790515,-0.0439653541245589
2023-09-30,482,0.2336325502450558,0.051577510895607914,-1.1069497253593368,1.0924880870032099,0.08013039601497611,0.2300326725021422,-0.5709160563215298,0.16536352905137797,0.0887001852194928,0.26080707417281856,-0.6388283426425609,0.3802420547609517,-0.039282606815858115
2023-10-31,482,0.23010473008359844,-0.029249753607894752,2.120514441851243,-2.607044623327867,0.3559169553445005,0.35211541397388263,-0.7414528132878486,0.8467804782022906,-0.21606650889631993,-0.15539611868096334,0.2150385986763776,0.09720365472336692,-0.17779508637841118
2023-11-30,482,0.4687900421401151,0.3396513248503248,0.5698608136850876,-2.70902995146831,2.503427095842821,-0.6989387150137967,-0.7718855778417061,0.9981757766100187,-0.12037529321325588,-0.43920307261647806,0.6567454109968033,-0.45714547626145474,0.15773466858944807
2023-12-31,482,0.2063018562215222,0.46489130170365267,-1.4697986048185134,0.3422699153326753,0.738284516234909,-0.2927809679763635,0.6710758444712637,-0.3976259806923226,0.2204068236846094,-0.3181538133965037,0.21409309485930603,-0.397960625871212,0.24218828218403177
2024-01-31,482,0.2527072002898777,-0.5209376654429199,2.553027514379432,-2.3564449504234055,0.9645938686144183,-0.4659992233793065,-0.2151376108039653,0.12407965902201437,0.1828914993665883,-0.13506627374960495,-0.532790879850138,1.077911372888886,-0.670418564262128
2024-02-29,482,0.060614460699634054,0.5091397591517555,-0.9880609405682733,0.9944190663582985,-0.4404064333466224,-0.1298217605742989,0.09375575372454929,0.04681965768064896,-0.14995198580497462,0.17484645886585315,-0.24764025988616728,0.5798178314919508,-0.4179299536545791
2024-03-31,484,0.1149431754008573,0.16155590314687607,0.38549327520985205,-0.29911457263865693,0.4282226427601782,-0.5388127102652478,-0.3078827820387695,0.00744259417724473,0.12255827608961295,-0.16553736182906703,0.40301324903893615,-0.4291994317760427,0.18760055372274562
2024-04-30,484,0.05351301980292589,0.3843815992293132,0.6657298281868265,-0.8193769533954218,-0.6874381899177409,0.886498914454373,-0.6345458402205677,0.23807415344530258,0.02777107581573255,0.09312593898645463,-0.22425432752455857,0.2322746329240118,-0.13263028298707102
2024-05-31,484,0.23462636505743817,-0.7005384015785258,1.1359763078133238,-1.7197435996433597,1.951145618226887,-0.6441904501484151,-0.28706519394716645,0.18590699081740758,0.44706680870982857,-0.501042753517408,0.12313683594505001,-0.02816563435408751,0.03386283686370352
2024-06-30,484,0.1429138244235607,0.8075230180527762,-2.311475185975074,1.4302599751843625,-0.49641413546368696,0.26903474390655313,0.4909228094715718,-0.5683206918177939,0.726967589653503,-0.5807192490015379,0.2744783473636118,0.06808045891855906,-0.05562788784900782
2024-07-31,484,0.10787935426471074,-0.7321249089866244,1.0933494329416082,-0.8044594533508145,0.9604424984176121,-0.628431842180364,0.5024047579078547,-0.4657497636055858,0.269268868207674,-0.19064920164403126,0.20258621314079334,-0.5150571265276773,0.34457645837262396
2024-08-31,484,0.11087003222366532,0.9767215553614719,-2.6490303820497005,2.175749846426442,-0.15052618474203255,-0.21812683189770615,-0.3190188883849646,0.41718120813409687,-0.3711845417482122,0.3542881231770649,-0.14961194806451267,-0.34127578424665367,0.2900963336379019
2024-09-30,485,0.11210931882994435,0.3201089941086793,-1.0113566922514936,0.24930673691031455,1.3507169270717323,-0.7460647677083521,-0.1078247296852077,-0.025673369708213066,0.04117290099579972,-0.1560158244470877,0.15560902473234975,-0.2669130070298812,0.16611378900008855
2024-10-31,485,0.22859457605114308,0.35632436039776244,-1.441237897556766,2.0934776495591896,-0.669191839833797,0.4771002413610788,-0.5980377790360877,-0.35307396316878525,0.2759699393397905,0.019766284108738926,-0.18145036516516758,0.03470115634844723,0.04334504083610504
2024-11-30,487,0.03929306100578145,0.12826075083376398,0.39558647185606094,-1.0556431974235025,0.33034776186078096,0.11393796759390785,0.13660966022711357,-0.2236803601933234,0.03249281605775408,0.208682341843411,-0.16113289767962993,-0.03911508213706273,0.08100681767474394
2024-12-31,488,0.08638832061783519,-1.9163045796551033,3.2574584569531293,-0.4041094006767654,-1.5521937810678448,0.6804128564123716,0.07638008742266691,-0.07487284010258603,0.06199400249557317,-0.10322851851942841,-0.18142189147812132,0.2277930974693574,-0.05855339350552681
2025-01-31,488,0.1447613515320202,0.5238807131575383,-1.8011846852057334,2.235379235104048,-1.4666317825303383,0.43009996817256474,-0.02684421922268268,0.02233790547626685,0.13524400035638562,0.029010985112633392,-0.2934797941656861,0.6201276241592838,-0.40827101645092934
2025-02-28,489,0.33667463847140866,0.7258830451950493,-1.4801726112404388,1.5855793246255463,-1.0477636777417294,0.45817397831871015,-0.602948932807551,0.2132159173031324,0.18327416851340972,-0.17279115631980152,-0.1752716347932839,0.631691576475049,-0.35276522364105145
2025-03-31,489,0.16283312219377444,-1.7541723209954747,2.882319366650306,-1.3513010507579755,0.904863007970129,-0.8728324175511926,0.34603319428365525,-0.17507502734186758,0.1372716841401575,-0.13720391565666662,0.3099938532858977,-0.4680389054621743,0.14286869016821793
2025-04-30,491,0.3655891048346779,-0.18535109371741562,-0.6023498516969432,2.083996374027337,-0.7062730211058602,-0.8182430998365476,0.012061514751911188,0.5443813742477511,-0.3532977732537451,0.04917488827097322,0.0633377064244201,-0.12426188576364298,0.04105288647241937
2025-05-31,491,0.24447151265689593,-1.4294255606932205,1.3934976940819312,0.63020175452269,-1.0807755628489097,1.0385984378616364,-0.9145333818118055,0.5417040351921891,-0.3175459291491591,0.47601163003845487,-0.5370373037835126,0.19953924055153305,0.02270746221512107
2025-06-30,491,0.1586601992607839,0.12335571051378715,2.2762160068759987,-2.6014674368370847,0.4721984056569972,0.2960259670386128,-0.516088890518869,-0.42640505320156363,0.5163855634122145,-0.2947118273534584,0.16094570727944918,0.06775878043831005,-0.08629278876123898
2025-07-31,492,0.12519066732298123,-0.14152817213348928,-0.07169456242830283,0.9916183009377795,-2.0633538328159102,1.857358667424315,-0.9425016442529192,0.25701622087727916,0.3499290655926073,-0.4233241407764101,0.07211095724761452,0.28011984936159817,-0.12791254613587782
2025-08-31,492,0.18427069124446838,-2.410271453769662,4.393196641082338,-1.1686590407874302,-1.1381545075574344,0.583825050845286,-0.379905493563961,0.45582166904986055,-0.3656831502463987,0.18401209040527866,-0.079845817475889,-0.25851865072398994,0.19037062161238308
2025-09-30,492,0.1910613743539239,0.9309741192450596,-0.11993503531587335,-1.265942270555941,1.7321799289298099,-1.34595103545642,0.3507187234300694,-0.22877334721142664,-0.24934226743965748,-0.02175911298291419,0.40126077998164267,-0.18777418886880398,-0.01239208775278916
2025-10-31,492,0.14840261873598293,-0.4747030213872528,1.268463995931528,-1.2454601342324556,1.401044316432826,-1.2681072556538246,0.7636634948504465,-0.8103103776082389,0.5568703974919376,-0.026965907704544288,-0.7243968946490185,0.8938277735249565,-0.296300553066548
2025-11-30,492,0.03673800323818166,0.7896053515359265,-0.8406928498190849,0.5437934379275342,-0.6951431371221057,0.20066808789977553,-0.0722671358807902,0.07274499760463407,0.06692920592597537,-0.17869483680190695,0.113402292252343,-0.06145921011778402,0.06311058750450609
2025-12-31,492,0.14685893600432753,-0.8953668948608962,1.9818466114261657,1.1605509388034108,-2.7479455610787014,0.7703750189061302,-0.24122481671509088,0.2829707992483814,-0.3842394464242188,0.13909195021758353,-0.5779514975319333,0.7756499427254826,-0.23634401253575704
2026-01-31,493,0.15402614470246423,0.37869124025792533,1.0192965357905184,-1.5058409804266224,1.289792475515541,-1.2493661067012092,0.04170539437170582,0.22716057230274542,-0.23459918478352057,0.24259810934611656,-0.6182845077214468,0.6932140769473499,-0.24767164327461838
2026-02-28,493,0.03705100855814669,0.2633949953301832,0.38219189703147693,-1.0701791824123388,0.14361091804381118,0.36539543658011886,-0.35011719651189205,0.42067650532778056,-0.27746170599447423,0.07430515719878529,0.10648714531444818,-0.1941774745514907,0.07360415762965314
2026-03-31,493,0.281946143952182,2.6042351793331813,-5.221185369802119,1.5124386585574447,2.5266764359237848,-1.5579873467164767,0.3782031870457916,-0.03956941122427417,-0.15017355243918015,-0.4040725065999839,0.9800051728730315,-0.8405978093099497,0.22884318541766793
2026-04-30,493,0.16389118070394715,-0.10112237906924226,1.0278081342225154,-1.7138829393924306,2.8626720746581533,-2.213187789582766,0.004656967973821674,0.03136359390108581,0.413663923499449,-0.8387279763784199,0.95012556380975,-0.4783198968908764,0.04566045265418333
